timestamp, heading, UUID 
1493659599405,13.124215126037598,,903d185fccf839df
1493659599525,9.670214653015137,,903d185fccf839df
1493659599586,7.6204328536987305,,903d185fccf839df
1493659599653,3.7313592433929443,,903d185fccf839df
1493659599756,353.2923278808594,,903d185fccf839df
1493659599847,342.7539978027344,,903d185fccf839df
1493659599964,320.37933349609375,,903d185fccf839df
1493659600034,312.70635986328125,,903d185fccf839df
1493659600135,301.8888854980469,,903d185fccf839df
1493659600234,299.5960998535156,,903d185fccf839df
1493659600294,291.734130859375,,903d185fccf839df
1493659600364,271.77056884765625,,903d185fccf839df
1493659600404,268.9833984375,,903d185fccf839df
1493659600534,261.26318359375,,903d185fccf839df
1493659600715,248.35476684570312,,903d185fccf839df
1493659600783,231.00466918945312,,903d185fccf839df
1493659600803,231.40048217773438,,903d185fccf839df
1493659600995,232.3011474609375,,903d185fccf839df
1493659601045,223.80274963378906,,903d185fccf839df
1493659601097,222.77305603027344,,903d185fccf839df
1493659601167,221.75045776367188,,903d185fccf839df
1493659601223,217.0894317626953,,903d185fccf839df
1493659601294,205.75631713867188,,903d185fccf839df
1493659601395,211.5836181640625,,903d185fccf839df
1493659601544,211.15899658203125,,903d185fccf839df
1493659601604,212.32215881347656,,903d185fccf839df
1493659601666,216.45904541015625,,903d185fccf839df
1493659601743,218.4604034423828,,903d185fccf839df
1493659601835,208.5660858154297,,903d185fccf839df
1493659601894,207.18130493164062,,903d185fccf839df
1493659601943,206.7828369140625,,903d185fccf839df
1493659601993,198.91943359375,,903d185fccf839df
1493659602025,194.2428436279297,,903d185fccf839df
1493659602043,191.54588317871094,,903d185fccf839df
1493659602063,189.47218322753906,,903d185fccf839df
1493659602075,188.61033630371094,,903d185fccf839df
1493659602083,187.8422393798828,,903d185fccf839df
1493659602093,187.21914672851562,,903d185fccf839df
1493659602113,186.47715759277344,,903d185fccf839df
1493659602124,186.37286376953125,,903d185fccf839df
1493659602134,186.36849975585938,,903d185fccf839df
1493659602143,186.41421508789062,,903d185fccf839df
1493659602163,186.51080322265625,,903d185fccf839df
1493659602183,186.67835998535156,,903d185fccf839df
1493659602194,186.8189697265625,,903d185fccf839df
1493659602213,187.13575744628906,,903d185fccf839df
1493659602223,187.283447265625,,903d185fccf839df
1493659602233,187.43246459960938,,903d185fccf839df
1493659602244,187.60693359375,,903d185fccf839df
1493659602263,187.99644470214844,,903d185fccf839df
1493659602273,188.35064697265625,,903d185fccf839df
1493659602283,188.93666076660156,,903d185fccf839df
1493659602294,189.86195373535156,,903d185fccf839df
1493659602323,191.99285888671875,,903d185fccf839df
1493659602333,190.34718322753906,,903d185fccf839df
1493659602345,187.6724395751953,,903d185fccf839df
1493659602363,182.554931640625,,903d185fccf839df
1493659602373,180.923583984375,,903d185fccf839df
1493659602383,181.43148803710938,,903d185fccf839df
1493659602393,187.78660583496094,,903d185fccf839df
1493659602413,222.3628692626953,,903d185fccf839df
1493659602423,232.85708618164062,,903d185fccf839df
1493659602434,237.25460815429688,,903d185fccf839df
1493659602443,235.07516479492188,,903d185fccf839df
1493659602453,226.0702362060547,,903d185fccf839df
1493659602463,213.29278564453125,,903d185fccf839df
1493659602473,205.8748016357422,,903d185fccf839df
1493659602483,198.37655639648438,,903d185fccf839df
1493659602494,192.70034790039062,,903d185fccf839df
1493659602503,189.4971160888672,,903d185fccf839df
1493659602513,188.3207244873047,,903d185fccf839df
1493659602533,188.61375427246094,,903d185fccf839df
1493659602543,189.2211151123047,,903d185fccf839df
1493659602554,189.99557495117188,,903d185fccf839df
1493659602563,190.9889678955078,,903d185fccf839df
1493659602573,192.43380737304688,,903d185fccf839df
1493659602583,194.5958709716797,,903d185fccf839df
1493659602593,197.07546997070312,,903d185fccf839df
1493659602623,202.23052978515625,,903d185fccf839df
1493659602635,202.650390625,,903d185fccf839df
1493659602653,201.13983154296875,,903d185fccf839df
1493659602663,198.9569549560547,,903d185fccf839df
1493659602674,196.09376525878906,,903d185fccf839df
1493659602683,193.06690979003906,,903d185fccf839df
1493659602693,190.2885284423828,,903d185fccf839df
1493659602713,186.76194763183594,,903d185fccf839df
1493659602723,186.067138671875,,903d185fccf839df
1493659602734,185.91896057128906,,903d185fccf839df
1493659602743,186.18199157714844,,903d185fccf839df
1493659602753,186.67758178710938,,903d185fccf839df
1493659602763,187.21311950683594,,903d185fccf839df
1493659602773,187.58395385742188,,903d185fccf839df
1493659602783,187.4606475830078,,903d185fccf839df
1493659602794,186.64437866210938,,903d185fccf839df
1493659602803,185.1588897705078,,903d185fccf839df
1493659602813,183.0882568359375,,903d185fccf839df
1493659602823,180.53988647460938,,903d185fccf839df
1493659602833,177.59066772460938,,903d185fccf839df
1493659602843,174.2035369873047,,903d185fccf839df
1493659602854,170.6942901611328,,903d185fccf839df
1493659602863,167.70140075683594,,903d185fccf839df
1493659602873,165.00518798828125,,903d185fccf839df
1493659602883,162.6892547607422,,903d185fccf839df
1493659602893,160.6712646484375,,903d185fccf839df
1493659602913,157.15013122558594,,903d185fccf839df
1493659602923,156.01458740234375,,903d185fccf839df
1493659602943,155.2711181640625,,903d185fccf839df
1493659602953,155.83749389648438,,903d185fccf839df
1493659602963,157.69447326660156,,903d185fccf839df
1493659602974,161.00131225585938,,903d185fccf839df
1493659602983,164.86337280273438,,903d185fccf839df
1493659602993,168.50973510742188,,903d185fccf839df
1493659603013,175.30770874023438,,903d185fccf839df
1493659603023,178.7125244140625,,903d185fccf839df
1493659603036,181.8174285888672,,903d185fccf839df
1493659603043,183.94151306152344,,903d185fccf839df
1493659603073,185.6819610595703,,903d185fccf839df
1493659603083,185.67665100097656,,903d185fccf839df
1493659603094,185.42906188964844,,903d185fccf839df
1493659603124,185.6507110595703,,903d185fccf839df
1493659603143,186.27940368652344,,903d185fccf839df
1493659603163,185.21913146972656,,903d185fccf839df
1493659603183,184.4680633544922,,903d185fccf839df
1493659603204,185.838623046875,,903d185fccf839df
1493659603243,196.71099853515625,,903d185fccf839df
1493659603263,207.0396728515625,,903d185fccf839df
1493659603283,217.0476531982422,,903d185fccf839df
1493659603293,221.84878540039062,,903d185fccf839df
1493659603334,230.00059509277344,,903d185fccf839df
1493659603343,227.61831665039062,,903d185fccf839df
1493659603353,217.54302978515625,,903d185fccf839df
1493659603363,200.42752075195312,,903d185fccf839df
1493659603373,188.4539337158203,,903d185fccf839df
1493659603383,178.2767333984375,,903d185fccf839df
1493659603413,165.1674346923828,,903d185fccf839df
1493659603423,164.881103515625,,903d185fccf839df
1493659603433,165.7669219970703,,903d185fccf839df
1493659603443,167.4197998046875,,903d185fccf839df
1493659603454,169.36358642578125,,903d185fccf839df
1493659603463,171.00440979003906,,903d185fccf839df
1493659603473,171.74246215820312,,903d185fccf839df
1493659603483,171.95155334472656,,903d185fccf839df
1493659603493,173.15646362304688,,903d185fccf839df
1493659603514,179.82691955566406,,903d185fccf839df
1493659603523,182.32730102539062,,903d185fccf839df
1493659603533,183.23704528808594,,903d185fccf839df
1493659603543,183.42718505859375,,903d185fccf839df
1493659603563,189.12057495117188,,903d185fccf839df
1493659603575,199.1492919921875,,903d185fccf839df
1493659603583,216.6352996826172,,903d185fccf839df
1493659603594,228.94134521484375,,903d185fccf839df
1493659603623,224.70697021484375,,903d185fccf839df
1493659603634,215.3706817626953,,903d185fccf839df
1493659603653,193.48480224609375,,903d185fccf839df
1493659603663,185.35113525390625,,903d185fccf839df
1493659603673,180.0970458984375,,903d185fccf839df
1493659603683,177.33897399902344,,903d185fccf839df
1493659603694,176.38047790527344,,903d185fccf839df
1493659603703,176.76266479492188,,903d185fccf839df
1493659603713,177.8425750732422,,903d185fccf839df
1493659603733,180.8988037109375,,903d185fccf839df
1493659603743,182.3480987548828,,903d185fccf839df
1493659603754,183.62017822265625,,903d185fccf839df
1493659603763,184.71910095214844,,903d185fccf839df
1493659603773,185.59718322753906,,903d185fccf839df
1493659603783,186.412841796875,,903d185fccf839df
1493659603793,187.09288024902344,,903d185fccf839df
1493659603823,189.1832275390625,,903d185fccf839df
1493659603833,190.13026428222656,,903d185fccf839df
1493659603843,190.8327178955078,,903d185fccf839df
1493659603853,190.9298095703125,,903d185fccf839df
1493659603863,190.1146697998047,,903d185fccf839df
1493659603874,187.9578094482422,,903d185fccf839df
1493659603883,184.1764678955078,,903d185fccf839df
1493659603893,179.50311279296875,,903d185fccf839df
1493659603913,170.59483337402344,,903d185fccf839df
1493659603923,167.9472198486328,,903d185fccf839df
1493659603934,165.9252471923828,,903d185fccf839df
1493659603943,164.31463623046875,,903d185fccf839df
1493659603953,162.64642333984375,,903d185fccf839df
1493659603963,160.71279907226562,,903d185fccf839df
1493659603973,158.53428649902344,,903d185fccf839df
1493659603983,156.27186584472656,,903d185fccf839df
1493659603994,154.21238708496094,,903d185fccf839df
1493659604014,151.39515686035156,,903d185fccf839df
1493659604033,149.4679412841797,,903d185fccf839df
1493659604054,148.23355102539062,,903d185fccf839df
1493659604063,148.1592559814453,,903d185fccf839df
1493659604073,148.55104064941406,,903d185fccf839df
1493659604083,149.72360229492188,,903d185fccf839df
1493659604093,152.31324768066406,,903d185fccf839df
1493659604103,156.45977783203125,,903d185fccf839df
1493659604115,160.924560546875,,903d185fccf839df
1493659604124,165.05996704101562,,903d185fccf839df
1493659604133,168.8089599609375,,903d185fccf839df
1493659604143,172.42263793945312,,903d185fccf839df
1493659604153,175.977783203125,,903d185fccf839df
1493659604163,178.72366333007812,,903d185fccf839df
1493659604174,179.88009643554688,,903d185fccf839df
1493659604183,179.5962677001953,,903d185fccf839df
1493659604203,177.05413818359375,,903d185fccf839df
1493659604223,174.32171630859375,,903d185fccf839df
1493659604253,172.76734924316406,,903d185fccf839df
1493659604273,173.00498962402344,,903d185fccf839df
1493659604297,172.1800994873047,,903d185fccf839df
1493659604333,171.1747283935547,,903d185fccf839df
1493659604363,177.9513702392578,,903d185fccf839df
1493659604403,204.53378295898438,,903d185fccf839df
1493659604464,230.36898803710938,,903d185fccf839df
1493659604514,159.82418823242188,,903d185fccf839df
1493659604564,150.70103454589844,,903d185fccf839df
1493659604693,174.27691650390625,,903d185fccf839df
1493659604743,178.57737731933594,,903d185fccf839df
1493659604835,165.47561645507812,,903d185fccf839df
1493659604894,170.26292419433594,,903d185fccf839df
1493659604955,160.09332275390625,,903d185fccf839df
1493659604993,142.87069702148438,,903d185fccf839df
1493659605023,132.75160217285156,,903d185fccf839df
1493659605043,127.38700103759766,,903d185fccf839df
1493659605093,120.413330078125,,903d185fccf839df
1493659605143,129.5006866455078,,903d185fccf839df
1493659605173,141.2463836669922,,903d185fccf839df
1493659605194,148.78392028808594,,903d185fccf839df
1493659605223,156.20242309570312,,903d185fccf839df
1493659605243,154.5522918701172,,903d185fccf839df
1493659605263,151.47105407714844,,903d185fccf839df
1493659605273,149.67701721191406,,903d185fccf839df
1493659605293,147.6116943359375,,903d185fccf839df
1493659605425,175.1697235107422,,903d185fccf839df
1493659605473,199.98707580566406,,903d185fccf839df
1493659605483,202.99002075195312,,903d185fccf839df
1493659605513,206.6470947265625,,903d185fccf839df
1493659605523,187.67222595214844,,903d185fccf839df
1493659605533,169.83541870117188,,903d185fccf839df
1493659605555,148.2628936767578,,903d185fccf839df
1493659605584,134.68487548828125,,903d185fccf839df
1493659605593,134.39942932128906,,903d185fccf839df
1493659605634,142.03536987304688,,903d185fccf839df
1493659605654,141.1681365966797,,903d185fccf839df
1493659605683,150.8607177734375,,903d185fccf839df
1493659605695,151.3583221435547,,903d185fccf839df
1493659605723,128.62127685546875,,903d185fccf839df
1493659605735,126.84368896484375,,903d185fccf839df
1493659605753,140.71923828125,,903d185fccf839df
1493659605763,153.85678100585938,,903d185fccf839df
1493659605773,161.21856689453125,,903d185fccf839df
1493659605783,163.2240753173828,,903d185fccf839df
1493659605794,163.61392211914062,,903d185fccf839df
1493659605813,153.56524658203125,,903d185fccf839df
1493659605823,145.84555053710938,,903d185fccf839df
1493659605833,139.19888305664062,,903d185fccf839df
1493659605843,133.7659149169922,,903d185fccf839df
1493659605864,128.71795654296875,,903d185fccf839df
1493659605873,129.07351684570312,,903d185fccf839df
1493659605883,129.994873046875,,903d185fccf839df
1493659605896,131.437255859375,,903d185fccf839df
1493659605915,135.49737548828125,,903d185fccf839df
1493659605925,137.4961395263672,,903d185fccf839df
1493659605933,139.06935119628906,,903d185fccf839df
1493659605943,140.16859436035156,,903d185fccf839df
1493659605953,140.81739807128906,,903d185fccf839df
1493659605994,141.79718017578125,,903d185fccf839df
1493659606013,139.57150268554688,,903d185fccf839df
1493659606023,135.11366271972656,,903d185fccf839df
1493659606034,128.0844268798828,,903d185fccf839df
1493659606043,122.35018920898438,,903d185fccf839df
1493659606063,113.08704376220703,,903d185fccf839df
1493659606073,109.19771575927734,,903d185fccf839df
1493659606083,105.73600006103516,,903d185fccf839df
1493659606095,102.51618194580078,,903d185fccf839df
1493659606103,99.72940063476562,,903d185fccf839df
1493659606113,97.43030548095703,,903d185fccf839df
1493659606123,95.49191284179688,,903d185fccf839df
1493659606133,93.95892333984375,,903d185fccf839df
1493659606143,92.85812377929688,,903d185fccf839df
1493659606154,92.09504699707031,,903d185fccf839df
1493659606163,91.634765625,,903d185fccf839df
1493659606173,91.32185363769531,,903d185fccf839df
1493659606183,91.12934875488281,,903d185fccf839df
1493659606193,91.39799499511719,,903d185fccf839df
1493659606203,92.78199005126953,,903d185fccf839df
1493659606214,96.12311553955078,,903d185fccf839df
1493659606223,100.92796325683594,,903d185fccf839df
1493659606233,106.18346405029297,,903d185fccf839df
1493659606243,111.30290985107422,,903d185fccf839df
1493659606263,120.38760375976562,,903d185fccf839df
1493659606275,123.74906921386719,,903d185fccf839df
1493659606283,125.85929870605469,,903d185fccf839df
1493659606293,126.80169677734375,,903d185fccf839df
1493659606315,125.66484069824219,,903d185fccf839df
1493659606323,123.95823669433594,,903d185fccf839df
1493659606334,122.1166000366211,,903d185fccf839df
1493659606343,120.06751251220703,,903d185fccf839df
1493659606353,118.18111419677734,,903d185fccf839df
1493659606373,116.02474212646484,,903d185fccf839df
1493659606383,115.86813354492188,,903d185fccf839df
1493659606394,116.5530776977539,,903d185fccf839df
1493659606413,119.79136657714844,,903d185fccf839df
1493659606423,122.00765991210938,,903d185fccf839df
1493659606434,125.02093505859375,,903d185fccf839df
1493659606443,128.76959228515625,,903d185fccf839df
1493659606463,143.67196655273438,,903d185fccf839df
1493659606473,153.8712158203125,,903d185fccf839df
1493659606484,163.39849853515625,,903d185fccf839df
1493659606493,170.6686553955078,,903d185fccf839df
1493659606523,191.08758544921875,,903d185fccf839df
1493659606544,207.11236572265625,,903d185fccf839df
1493659606563,131.70278930664062,,903d185fccf839df
1493659606574,120.84207153320312,,903d185fccf839df
1493659606593,102.66140747070312,,903d185fccf839df
1493659606624,89.23814392089844,,903d185fccf839df
1493659606636,87.20045471191406,,903d185fccf839df
1493659606654,89.77362060546875,,903d185fccf839df
1493659606684,115.06106567382812,,903d185fccf839df
1493659606704,104.51961517333984,,903d185fccf839df
1493659606724,98.3031997680664,,903d185fccf839df
1493659606743,98.4035873413086,,903d185fccf839df
1493659606763,102.0482177734375,,903d185fccf839df
1493659606784,103.74578857421875,,903d185fccf839df
1493659606804,101.47502136230469,,903d185fccf839df
1493659606843,92.83109283447266,,903d185fccf839df
1493659606874,86.2982406616211,,903d185fccf839df
1493659606894,81.505859375,,903d185fccf839df
1493659606913,74.97879791259766,,903d185fccf839df
1493659606924,71.89884185791016,,903d185fccf839df
1493659606934,70.06568908691406,,903d185fccf839df
1493659606943,69.6229019165039,,903d185fccf839df
1493659606963,71.49776458740234,,903d185fccf839df
1493659606973,73.29512786865234,,903d185fccf839df
1493659606983,74.78477478027344,,903d185fccf839df
1493659606995,75.71695709228516,,903d185fccf839df
1493659607013,76.22337341308594,,903d185fccf839df
1493659607023,75.8438949584961,,903d185fccf839df
1493659607033,75.34430694580078,,903d185fccf839df
1493659607043,74.92558288574219,,903d185fccf839df
1493659607054,74.59723663330078,,903d185fccf839df
1493659607063,73.85152435302734,,903d185fccf839df
1493659607074,72.20286560058594,,903d185fccf839df
1493659607083,69.65364837646484,,903d185fccf839df
1493659607093,66.73052215576172,,903d185fccf839df
1493659607114,61.95455551147461,,903d185fccf839df
1493659607124,60.48991012573242,,903d185fccf839df
1493659607133,59.699371337890625,,903d185fccf839df
1493659607143,59.482479095458984,,903d185fccf839df
1493659607163,60.35295104980469,,903d185fccf839df
1493659607183,63.52653884887695,,903d185fccf839df
1493659607194,65.6019287109375,,903d185fccf839df
1493659607213,69.53419494628906,,903d185fccf839df
1493659607234,71.19406127929688,,903d185fccf839df
1493659607245,71.11845397949219,,903d185fccf839df
1493659607253,71.1955337524414,,903d185fccf839df
1493659607263,71.99484252929688,,903d185fccf839df
1493659607273,73.5299072265625,,903d185fccf839df
1493659607283,74.986572265625,,903d185fccf839df
1493659607313,75.39983367919922,,903d185fccf839df
1493659607324,75.06562042236328,,903d185fccf839df
1493659607333,74.90140533447266,,903d185fccf839df
1493659607343,74.95645904541016,,903d185fccf839df
1493659607355,75.51529693603516,,903d185fccf839df
1493659607363,76.72148895263672,,903d185fccf839df
1493659607374,78.05085754394531,,903d185fccf839df
1493659607383,78.32162475585938,,903d185fccf839df
1493659607393,77.59636688232422,,903d185fccf839df
1493659607414,77.11829376220703,,903d185fccf839df
1493659607426,79.40718841552734,,903d185fccf839df
1493659607433,82.75462341308594,,903d185fccf839df
1493659607443,86.06095123291016,,903d185fccf839df
1493659607453,88.2850112915039,,903d185fccf839df
1493659607463,89.45621490478516,,903d185fccf839df
1493659607483,90.01476287841797,,903d185fccf839df
1493659607494,90.01983642578125,,903d185fccf839df
1493659607523,91.45321655273438,,903d185fccf839df
1493659607543,95.7737045288086,,903d185fccf839df
1493659607563,103.2569580078125,,903d185fccf839df
1493659607573,106.3342514038086,,903d185fccf839df
1493659607584,108.44480895996094,,903d185fccf839df
1493659607595,108.11993408203125,,903d185fccf839df
1493659607613,95.06143188476562,,903d185fccf839df
1493659607633,84.61876678466797,,903d185fccf839df
1493659607654,79.52191162109375,,903d185fccf839df
1493659607673,76.5278549194336,,903d185fccf839df
1493659607683,75.67140197753906,,903d185fccf839df
1493659607694,84.1512451171875,,903d185fccf839df
1493659607715,92.19596099853516,,903d185fccf839df
1493659607733,89.63505554199219,,903d185fccf839df
1493659607753,85.81977081298828,,903d185fccf839df
1493659607764,84.5741958618164,,903d185fccf839df
1493659607774,84.28923034667969,,903d185fccf839df
1493659607783,84.85340118408203,,903d185fccf839df
1493659607794,85.84380340576172,,903d185fccf839df
1493659607813,87.36396026611328,,903d185fccf839df
1493659607834,86.31204223632812,,903d185fccf839df
1493659607843,84.66455078125,,903d185fccf839df
1493659607853,82.60002136230469,,903d185fccf839df
1493659607873,78.63033294677734,,903d185fccf839df
1493659607883,77.21038818359375,,903d185fccf839df
1493659607898,76.27649688720703,,903d185fccf839df
1493659607915,75.84130859375,,903d185fccf839df
1493659607936,77.15988159179688,,903d185fccf839df
1493659607943,78.11121368408203,,903d185fccf839df
1493659607954,78.99235534667969,,903d185fccf839df
1493659607965,79.92904663085938,,903d185fccf839df
1493659607973,81.15818786621094,,903d185fccf839df
1493659607983,82.4375991821289,,903d185fccf839df
1493659607993,83.4179458618164,,903d185fccf839df
1493659608014,84.35476684570312,,903d185fccf839df
1493659608023,84.58141326904297,,903d185fccf839df
1493659608033,84.63323974609375,,903d185fccf839df
1493659608043,84.33912658691406,,903d185fccf839df
1493659608063,83.60160827636719,,903d185fccf839df
1493659608075,84.0077133178711,,903d185fccf839df
1493659608093,85.30242156982422,,903d185fccf839df
1493659608123,84.88654327392578,,903d185fccf839df
1493659608143,82.00788116455078,,903d185fccf839df
1493659608163,79.87203979492188,,903d185fccf839df
1493659608173,79.76946258544922,,903d185fccf839df
1493659608183,79.95314025878906,,903d185fccf839df
1493659608194,80.11624908447266,,903d185fccf839df
1493659608213,81.13544464111328,,903d185fccf839df
1493659608225,82.25769805908203,,903d185fccf839df
1493659608233,83.3001708984375,,903d185fccf839df
1493659608243,84.12269592285156,,903d185fccf839df
1493659608255,84.45758819580078,,903d185fccf839df
1493659608263,84.1078109741211,,903d185fccf839df
1493659608273,83.21190643310547,,903d185fccf839df
1493659608283,82.0629653930664,,903d185fccf839df
1493659608293,81.193359375,,903d185fccf839df
1493659608323,80.16188049316406,,903d185fccf839df
1493659608333,79.3591079711914,,903d185fccf839df
1493659608343,78.0239028930664,,903d185fccf839df
1493659608364,73.69428253173828,,903d185fccf839df
1493659608374,71.03461456298828,,903d185fccf839df
1493659608383,68.47356414794922,,903d185fccf839df
1493659608393,66.3410873413086,,903d185fccf839df
1493659608413,64.6342544555664,,903d185fccf839df
1493659608423,65.60099029541016,,903d185fccf839df
1493659608435,68.41067504882812,,903d185fccf839df
1493659608443,73.19209289550781,,903d185fccf839df
1493659608453,79.68590545654297,,903d185fccf839df
1493659608463,86.72846221923828,,903d185fccf839df
1493659608473,92.55933380126953,,903d185fccf839df
1493659608483,96.90188598632812,,903d185fccf839df
1493659608503,98.43427276611328,,903d185fccf839df
1493659608513,97.29349517822266,,903d185fccf839df
1493659608523,95.22135925292969,,903d185fccf839df
1493659608533,92.75523376464844,,903d185fccf839df
1493659608555,88.9296875,,903d185fccf839df
1493659608573,88.70872497558594,,903d185fccf839df
1493659608583,89.30075073242188,,903d185fccf839df
1493659608593,90.09033966064453,,903d185fccf839df
1493659608623,92.07343292236328,,903d185fccf839df
1493659608636,92.74800872802734,,903d185fccf839df
1493659608644,93.53096008300781,,903d185fccf839df
1493659608654,94.58191680908203,,903d185fccf839df
1493659608663,96.10098266601562,,903d185fccf839df
1493659608674,98.22837829589844,,903d185fccf839df
1493659608683,101.25279998779297,,903d185fccf839df
1493659608693,105.9800033569336,,903d185fccf839df
1493659608713,121.48519134521484,,903d185fccf839df
1493659608723,131.43576049804688,,903d185fccf839df
1493659608734,139.06353759765625,,903d185fccf839df
1493659608743,143.89816284179688,,903d185fccf839df
1493659608753,145.76475524902344,,903d185fccf839df
1493659608763,144.78602600097656,,903d185fccf839df
1493659608774,132.5888214111328,,903d185fccf839df
1493659608783,115.3934555053711,,903d185fccf839df
1493659608794,103.12883758544922,,903d185fccf839df
1493659608807,94.20052337646484,,903d185fccf839df
1493659608813,89.1731185913086,,903d185fccf839df
1493659608823,80.79662322998047,,903d185fccf839df
1493659608833,75.30491638183594,,903d185fccf839df
1493659608843,72.91282653808594,,903d185fccf839df
1493659608863,73.01167297363281,,903d185fccf839df
1493659608874,74.69950103759766,,903d185fccf839df
1493659608883,78.79833984375,,903d185fccf839df
1493659608893,85.3382797241211,,903d185fccf839df
1493659608914,98.24334716796875,,903d185fccf839df
1493659608923,100.77928924560547,,903d185fccf839df
1493659608933,99.64189147949219,,903d185fccf839df
1493659608943,91.76919555664062,,903d185fccf839df
1493659608953,84.06327819824219,,903d185fccf839df
1493659608964,81.85125732421875,,903d185fccf839df
1493659608974,84.24463653564453,,903d185fccf839df
1493659608994,98.83702850341797,,903d185fccf839df
1493659609013,114.45609283447266,,903d185fccf839df
1493659609023,118.35567474365234,,903d185fccf839df
1493659609034,119.79638671875,,903d185fccf839df
1493659609043,117.99156188964844,,903d185fccf839df
1493659609074,103.27203369140625,,903d185fccf839df
1493659609083,99.83665466308594,,903d185fccf839df
1493659609094,97.89583587646484,,903d185fccf839df
1493659609114,96.4612808227539,,903d185fccf839df
1493659609123,96.00784301757812,,903d185fccf839df
1493659609133,95.30908203125,,903d185fccf839df
1493659609143,94.51693725585938,,903d185fccf839df
1493659609163,93.175537109375,,903d185fccf839df
1493659609173,92.85826110839844,,903d185fccf839df
1493659609193,93.26412963867188,,903d185fccf839df
1493659609214,94.2324447631836,,903d185fccf839df
1493659609223,94.44700622558594,,903d185fccf839df
1493659609233,93.98836517333984,,903d185fccf839df
1493659609243,92.67474365234375,,903d185fccf839df
1493659609253,90.48989868164062,,903d185fccf839df
1493659609263,87.32916259765625,,903d185fccf839df
1493659609274,83.68140411376953,,903d185fccf839df
1493659609283,79.6431884765625,,903d185fccf839df
1493659609313,67.64418029785156,,903d185fccf839df
1493659609323,64.4760971069336,,903d185fccf839df
1493659609335,62.33066177368164,,903d185fccf839df
1493659609354,59.664894104003906,,903d185fccf839df
1493659609373,57.736751556396484,,903d185fccf839df
1493659609395,56.110504150390625,,903d185fccf839df
1493659609424,54.926124572753906,,903d185fccf839df
1493659609444,54.08222198486328,,903d185fccf839df
1493659609474,51.976165771484375,,903d185fccf839df
1493659609493,54.22890090942383,,903d185fccf839df
1493659609534,73.95006561279297,,903d185fccf839df
1493659609554,82.30481719970703,,903d185fccf839df
1493659609584,84.6543197631836,,903d185fccf839df
1493659609603,82.08047485351562,,903d185fccf839df
1493659609644,77.52430725097656,,903d185fccf839df
1493659609674,75.13849639892578,,903d185fccf839df
1493659609704,76.4642105102539,,903d185fccf839df
1493659609734,83.40898895263672,,903d185fccf839df
1493659609764,103.42925262451172,,903d185fccf839df
1493659609794,120.86813354492188,,903d185fccf839df
1493659609864,108.23737335205078,,903d185fccf839df
1493659609904,73.07649230957031,,903d185fccf839df
1493659609954,72.0678939819336,,903d185fccf839df
1493659609995,75.45307159423828,,903d185fccf839df
1493659610024,81.52969360351562,,903d185fccf839df
1493659610044,76.62068939208984,,903d185fccf839df
1493659610084,83.18097686767578,,903d185fccf839df
1493659610104,95.34556579589844,,903d185fccf839df
1493659610144,97.03767395019531,,903d185fccf839df
1493659610175,83.93646240234375,,903d185fccf839df
1493659610194,80.2756118774414,,903d185fccf839df
1493659610235,79.66403198242188,,903d185fccf839df
1493659610253,79.28730773925781,,903d185fccf839df
1493659610284,80.55606842041016,,903d185fccf839df
1493659610305,81.16915893554688,,903d185fccf839df
1493659610363,77.42557525634766,,903d185fccf839df
1493659610406,59.39899444580078,,903d185fccf839df
1493659610454,43.805442810058594,,903d185fccf839df
1493659610494,42.6611442565918,,903d185fccf839df
1493659610544,35.39485168457031,,903d185fccf839df
1493659610634,62.430564880371094,,903d185fccf839df
1493659610684,68.88172912597656,,903d185fccf839df
1493659610726,68.61907958984375,,903d185fccf839df
1493659610777,80.7887954711914,,903d185fccf839df
1493659610814,80.21050262451172,,903d185fccf839df
1493659610865,100.99160766601562,,903d185fccf839df
1493659610904,148.31430053710938,,903d185fccf839df
1493659610944,61.305850982666016,,903d185fccf839df
1493659610974,29.196691513061523,,903d185fccf839df
1493659611005,28.99854850769043,,903d185fccf839df
1493659611735,25.599340438842773,,903d185fccf839df
1493659612724,22.90452766418457,,903d185fccf839df
1493659613715,349.2308654785156,,903d185fccf839df
1493659614713,335.50897216796875,,903d185fccf839df
1493659615724,326.0966796875,,903d185fccf839df
1493659616716,306.14111328125,,903d185fccf839df
1493659617714,286.60565185546875,,903d185fccf839df
1493659618714,269.45965576171875,,903d185fccf839df
1493659619718,272.10955810546875,,903d185fccf839df
1493659620715,271.2176208496094,,903d185fccf839df
1493659621724,277.7164306640625,,903d185fccf839df
1493659622715,277.31817626953125,,903d185fccf839df
1493659623724,257.51763916015625,,903d185fccf839df
1493659624724,241.91978454589844,,903d185fccf839df
1493659625735,211.4563446044922,,903d185fccf839df
1493659626737,211.86647033691406,,903d185fccf839df
1493659627726,203.03817749023438,,903d185fccf839df
1493659628716,149.39947509765625,,903d185fccf839df
1493659629714,131.21292114257812,,903d185fccf839df
1493659630724,113.69174194335938,,903d185fccf839df
1493659631736,110.61795806884766,,903d185fccf839df
1493659632725,159.1438751220703,,903d185fccf839df
1493659633724,145.42974853515625,,903d185fccf839df
1493659634725,112.8771743774414,,903d185fccf839df
1493659635724,55.66563034057617,,903d185fccf839df
1493659636725,33.26005554199219,,903d185fccf839df
1493659637542,28.146564483642578,,903d185fccf839df
1493659638528,345.9078063964844,,903d185fccf839df
1493659639539,331.3029479980469,,903d185fccf839df
1493659640541,311.4901428222656,,903d185fccf839df
1493659641538,292.755859375,,903d185fccf839df
1493659642549,288.93426513671875,,903d185fccf839df
1493659643549,300.6596984863281,,903d185fccf839df
1493659644542,302.22601318359375,,903d185fccf839df
1493659645549,279.5745849609375,,903d185fccf839df
1493659646551,239.0043182373047,,903d185fccf839df
1493659647543,230.51071166992188,,903d185fccf839df
1493659648560,222.75682067871094,,903d185fccf839df
1493659649540,192.5149383544922,,903d185fccf839df
1493659650552,163.93838500976562,,903d185fccf839df
1493659651549,156.31626892089844,,903d185fccf839df
1493659652543,139.13528442382812,,903d185fccf839df
1493659653540,131.38296508789062,,903d185fccf839df
1493659654544,174.015869140625,,903d185fccf839df
1493659655539,162.80413818359375,,903d185fccf839df
1493659656540,125.2101821899414,,903d185fccf839df
1493659657529,90.93540954589844,,903d185fccf839df
1493659658534,79.72004699707031,,903d185fccf839df
1493659659539,60.219879150390625,,903d185fccf839df
1493659660540,64.36640930175781,,903d185fccf839df
1493659661550,55.84075927734375,,903d185fccf839df
1493659662541,36.37269592285156,,903d185fccf839df
1493659663540,348.1659851074219,,903d185fccf839df
1493659664541,326.9570617675781,,903d185fccf839df
1493659665541,315.65362548828125,,903d185fccf839df
1493659666540,310.705810546875,,903d185fccf839df
1493659667551,296.60943603515625,,903d185fccf839df
1493659668560,299.81903076171875,,903d185fccf839df
1493659669540,285.0638427734375,,903d185fccf839df
1493659670581,293.1819763183594,,903d185fccf839df
1493659671552,269.0577697753906,,903d185fccf839df
1493659672551,283.0892028808594,,903d185fccf839df
1493659673560,278.9015197753906,,903d185fccf839df
1493659674540,306.23529052734375,,903d185fccf839df
1493659675581,303.6864013671875,,903d185fccf839df
1493659676556,311.70806884765625,,903d185fccf839df
1493659677540,324.3671569824219,,903d185fccf839df
1493659678540,331.26446533203125,,903d185fccf839df
1493659679540,335.92510986328125,,903d185fccf839df
1493659680555,328.4923400878906,,903d185fccf839df
1493659681561,323.8083190917969,,903d185fccf839df
1493659682552,317.7218933105469,,903d185fccf839df
1493659683562,305.7485656738281,,903d185fccf839df
1493659684560,354.3448486328125,,903d185fccf839df
1493659685540,352.9777526855469,,903d185fccf839df
1493659686530,349.59112548828125,,903d185fccf839df
1493659687551,339.6404724121094,,903d185fccf839df
1493659688540,356.36724853515625,,903d185fccf839df
1493659689530,349.78350830078125,,903d185fccf839df
1493659690556,356.817138671875,,903d185fccf839df
1493659691540,347.2652282714844,,903d185fccf839df
1493659692541,0.2833877205848694,,903d185fccf839df
1493659693540,26.77609634399414,,903d185fccf839df
1493659694541,3.2120306491851807,,903d185fccf839df
1493659695555,322.34234619140625,,903d185fccf839df
1493659696546,278.83319091796875,,903d185fccf839df
1493659697532,262.6265869140625,,903d185fccf839df
1493659698541,244.26731872558594,,903d185fccf839df
1493659699545,218.10586547851562,,903d185fccf839df
1493659700541,156.024658203125,,903d185fccf839df
1493659701541,120.69585418701172,,903d185fccf839df
1493659702544,91.28449249267578,,903d185fccf839df
1493659703554,82.4242935180664,,903d185fccf839df
1493659704552,90.97109985351562,,903d185fccf839df
1493659705531,93.76973724365234,,903d185fccf839df
1493659706541,87.99797821044922,,903d185fccf839df
1493659707541,78.83068084716797,,903d185fccf839df
1493659708543,55.12834930419922,,903d185fccf839df
1493659709532,32.53080749511719,,903d185fccf839df
1493659710531,60.826168060302734,,903d185fccf839df
1493659711532,4.992802619934082,,903d185fccf839df
1493659712542,303.7186279296875,,903d185fccf839df
1493659713542,267.56109619140625,,903d185fccf839df
1493659714532,263.04248046875,,903d185fccf839df
1493659715532,283.4504089355469,,903d185fccf839df
1493659716535,315.8907165527344,,903d185fccf839df
1493659717533,267.67681884765625,,903d185fccf839df
1493659718532,239.858642578125,,903d185fccf839df
1493659719541,204.55194091796875,,903d185fccf839df
1493659720531,177.05735778808594,,903d185fccf839df
1493659721542,167.72604370117188,,903d185fccf839df
1493659722542,152.05836486816406,,903d185fccf839df
1493659723532,101.022216796875,,903d185fccf839df
1493659724533,75.91475677490234,,903d185fccf839df
1493659725543,60.46920394897461,,903d185fccf839df
1493659726543,64.68316650390625,,903d185fccf839df
1493659727533,48.55097198486328,,903d185fccf839df
1493659728532,65.34733581542969,,903d185fccf839df
1493659729532,37.917274475097656,,903d185fccf839df
1493659730534,32.186622619628906,,903d185fccf839df
1493659731532,31.90496826171875,,903d185fccf839df
1493659732533,13.94214916229248,,903d185fccf839df
1493659733534,316.6380615234375,,903d185fccf839df
1493659734532,296.4926452636719,,903d185fccf839df
1493659735532,267.8653259277344,,903d185fccf839df
1493659736534,272.08746337890625,,903d185fccf839df
1493659737532,307.61407470703125,,903d185fccf839df
1493659738533,278.74188232421875,,903d185fccf839df
1493659739533,241.8837890625,,903d185fccf839df
1493659740522,185.80357360839844,,903d185fccf839df
1493659741533,156.9009552001953,,903d185fccf839df
1493659742523,140.8546142578125,,903d185fccf839df
1493659743533,127.53419494628906,,903d185fccf839df
1493659744533,76.45204162597656,,903d185fccf839df
1493659745523,52.5899543762207,,903d185fccf839df
1493659746533,37.5274543762207,,903d185fccf839df
1493659747532,35.17995071411133,,903d185fccf839df
1493659748533,40.070030212402344,,903d185fccf839df
1493659749542,45.265071868896484,,903d185fccf839df
1493659750533,17.550586700439453,,903d185fccf839df
1493659751534,0.8375251889228821,,903d185fccf839df
1493659752532,12.581474304199219,,903d185fccf839df
1493659752836,318.7313537597656,,903d185fccf839df
1493659753837,324.3676452636719,,903d185fccf839df
1493659754850,273.4021301269531,,903d185fccf839df
1493659755847,292.0393981933594,,903d185fccf839df
1493659756840,314.1477355957031,,903d185fccf839df
1493659757835,262.7352600097656,,903d185fccf839df
1493659758836,220.4026641845703,,903d185fccf839df
1493659759837,200.4602508544922,,903d185fccf839df
1493659760835,189.19815063476562,,903d185fccf839df
1493659761837,146.27413940429688,,903d185fccf839df
1493659762839,122.2606201171875,,903d185fccf839df
1493659763836,111.460205078125,,903d185fccf839df
1493659764836,101.04351043701172,,903d185fccf839df
1493659765838,102.34471893310547,,903d185fccf839df
1493659766837,79.15773010253906,,903d185fccf839df
1493659767756,59.46580505371094,,903d185fccf839df
1493659768797,65.08567810058594,,903d185fccf839df
1493659769796,32.51347351074219,,903d185fccf839df
1493659770788,350.4257507324219,,903d185fccf839df
1493659771787,284.95220947265625,,903d185fccf839df
1493659772789,289.17999267578125,,903d185fccf839df
1493659773787,281.0877990722656,,903d185fccf839df
1493659774830,287.9778137207031,,903d185fccf839df
1493659775808,259.5605163574219,,903d185fccf839df
1493659776787,263.9820556640625,,903d185fccf839df
1493659777800,263.5722351074219,,903d185fccf839df
1493659778788,238.69418334960938,,903d185fccf839df
1493659779777,251.63168334960938,,903d185fccf839df
1493659780789,258.4741516113281,,903d185fccf839df
1493659781787,239.2564697265625,,903d185fccf839df
1493659782777,246.10423278808594,,903d185fccf839df
1493659783794,230.93836975097656,,903d185fccf839df
1493659784787,206.7920379638672,,903d185fccf839df
1493659785788,210.8343505859375,,903d185fccf839df
1493659786790,199.74363708496094,,903d185fccf839df
1493659787791,169.31503295898438,,903d185fccf839df
1493659788788,175.2497100830078,,903d185fccf839df
1493659789787,96.65939331054688,,903d185fccf839df
1493659790792,154.08750915527344,,903d185fccf839df
1493659791777,152.28672790527344,,903d185fccf839df
1493659792777,112.60033416748047,,903d185fccf839df
1493659793788,80.91471862792969,,903d185fccf839df
1493659795206,73.46985626220703,,903d185fccf839df
1493659796877,56.87060546875,,903d185fccf839df
1493659797826,56.73151779174805,,903d185fccf839df
1493659798851,39.55001449584961,,903d185fccf839df
1493659799826,1.2595916986465454,,903d185fccf839df
1493659800816,25.354215621948242,,903d185fccf839df
1493659801815,329.4024658203125,,903d185fccf839df
1493659802846,318.3267822265625,,903d185fccf839df
1493659803856,278.5340881347656,,903d185fccf839df
1493659804815,277.0567626953125,,903d185fccf839df
1493659805816,298.376220703125,,903d185fccf839df
1493659806822,295.3023681640625,,903d185fccf839df
1493659807816,254.80921936035156,,903d185fccf839df
1493659808826,225.08558654785156,,903d185fccf839df
1493659809838,200.46267700195312,,903d185fccf839df
1493659810816,157.7429656982422,,903d185fccf839df
1493659811818,127.7336196899414,,903d185fccf839df
1493659812817,107.33318328857422,,903d185fccf839df
1493659813817,87.96100616455078,,903d185fccf839df
1493659814826,63.288238525390625,,903d185fccf839df
1493659815816,20.053268432617188,,903d185fccf839df
1493659816817,356.2361755371094,,903d185fccf839df
1493659817828,328.2334289550781,,903d185fccf839df
1493659818816,298.8757019042969,,903d185fccf839df
1493659819816,291.0870361328125,,903d185fccf839df
1493659820826,274.6414489746094,,903d185fccf839df
1493659821806,258.1304626464844,,903d185fccf839df
1493659822816,241.12969970703125,,903d185fccf839df
1493659823826,233.47976684570312,,903d185fccf839df
1493659824826,225.4253387451172,,903d185fccf839df
1493659825827,190.26959228515625,,903d185fccf839df
1493659826818,163.62400817871094,,903d185fccf839df
1493659827816,149.0272674560547,,903d185fccf839df
1493659828816,104.5387954711914,,903d185fccf839df
1493659829827,60.22386932373047,,903d185fccf839df
1493659830816,38.6684455871582,,903d185fccf839df
1493659831817,7.558722972869873,,903d185fccf839df
1493659832817,36.8084716796875,,903d185fccf839df
1493659833816,21.26897621154785,,903d185fccf839df
1493659834817,326.09942626953125,,903d185fccf839df
1493659835827,270.2345275878906,,903d185fccf839df
1493659836817,247.37167358398438,,903d185fccf839df
1493659837817,228.63888549804688,,903d185fccf839df
1493659838819,192.66867065429688,,903d185fccf839df
1493659839817,156.81898498535156,,903d185fccf839df
1493659840817,142.8206329345703,,903d185fccf839df
1493659841574,138.461181640625,,903d185fccf839df
1493659842574,122.66447448730469,,903d185fccf839df
1493659843574,123.78850555419922,,903d185fccf839df
1493659844574,112.79754638671875,,903d185fccf839df
1493659845574,88.35655975341797,,903d185fccf839df
1493659846574,59.33511734008789,,903d185fccf839df
1493659847563,31.90537452697754,,903d185fccf839df
1493659848573,14.101387023925781,,903d185fccf839df
1493659849574,327.978271484375,,903d185fccf839df
1493659850574,271.2700500488281,,903d185fccf839df
1493659851574,236.2211151123047,,903d185fccf839df
1493659852574,218.7958984375,,903d185fccf839df
1493659853575,277.6396484375,,903d185fccf839df
1493659854575,226.38369750976562,,903d185fccf839df
1493659855574,180.4199981689453,,903d185fccf839df
1493659856576,148.23385620117188,,903d185fccf839df
1493659857574,116.04254150390625,,903d185fccf839df
1493659858574,101.16766357421875,,903d185fccf839df
1493659859575,39.78203201293945,,903d185fccf839df
1493659860574,18.579044342041016,,903d185fccf839df
1493659861574,18.406002044677734,,903d185fccf839df
1493659862576,8.369447708129883,,903d185fccf839df
1493659863575,18.103961944580078,,903d185fccf839df
1493659864574,357.2086486816406,,903d185fccf839df
1493659865564,330.7872314453125,,903d185fccf839df
1493659866564,342.9848937988281,,903d185fccf839df
1493659867575,296.22357177734375,,903d185fccf839df
1493659868575,281.3747253417969,,903d185fccf839df
1493659869575,246.05238342285156,,903d185fccf839df
1493659870575,296.343017578125,,903d185fccf839df
1493659871564,237.94406127929688,,903d185fccf839df
1493659872564,167.75601196289062,,903d185fccf839df
1493659873577,132.59466552734375,,903d185fccf839df
1493659874564,133.15980529785156,,903d185fccf839df
1493659875565,116.73445129394531,,903d185fccf839df
1493659876564,124.72286224365234,,903d185fccf839df
1493659877572,101.91389465332031,,903d185fccf839df
1493659878565,131.3680877685547,,903d185fccf839df
1493659879565,141.3314666748047,,903d185fccf839df
1493659880565,135.0468292236328,,903d185fccf839df
1493659881565,135.05029296875,,903d185fccf839df
1493659882575,133.831787109375,,903d185fccf839df
1493659883565,127.18558502197266,,903d185fccf839df
1493659884565,132.5084686279297,,903d185fccf839df
1493659885575,100.3780288696289,,903d185fccf839df
1493659886585,111.38092041015625,,903d185fccf839df
1493659887575,124.36109161376953,,903d185fccf839df
1493659888576,133.32241821289062,,903d185fccf839df
1493659889565,162.16648864746094,,903d185fccf839df
1493659890575,111.76277160644531,,903d185fccf839df
1493659891575,125.85154724121094,,903d185fccf839df
1493659892577,129.1181640625,,903d185fccf839df
1493659893575,106.96328735351562,,903d185fccf839df
1493659894575,88.26197814941406,,903d185fccf839df
1493659895565,86.22366333007812,,903d185fccf839df
1493659896575,67.26668548583984,,903d185fccf839df
1493659897576,48.775394439697266,,903d185fccf839df
1493659898577,6.565488338470459,,903d185fccf839df
1493659899576,358.08526611328125,,903d185fccf839df
1493659900576,268.63818359375,,903d185fccf839df
1493659901587,249.1639862060547,,903d185fccf839df
1493659902575,242.50384521484375,,903d185fccf839df
1493659903577,255.0994873046875,,903d185fccf839df
1493659904577,200.79843139648438,,903d185fccf839df
1493659905577,131.71417236328125,,903d185fccf839df
1493659906566,114.69637298583984,,903d185fccf839df
1493659907577,94.93765258789062,,903d185fccf839df
1493659908576,37.82748794555664,,903d185fccf839df
1493659909577,6.119296073913574,,903d185fccf839df
1493659910586,346.8038024902344,,903d185fccf839df
1493659911578,323.8093566894531,,903d185fccf839df
1493659912566,322.0777587890625,,903d185fccf839df
1493659913578,315.842529296875,,903d185fccf839df
1493659914566,312.6524658203125,,903d185fccf839df
1493659915566,295.92340087890625,,903d185fccf839df
1493659916566,279.3857116699219,,903d185fccf839df
1493659917566,264.1884765625,,903d185fccf839df
1493659918566,273.36260986328125,,903d185fccf839df
1493659919567,254.60275268554688,,903d185fccf839df
1493659920598,199.98944091796875,,903d185fccf839df
1493659921588,144.1572265625,,903d185fccf839df
1493659922587,113.1035385131836,,903d185fccf839df
1493659923577,138.99156188964844,,903d185fccf839df
1493659924577,140.43992614746094,,903d185fccf839df
1493659925578,98.74113464355469,,903d185fccf839df
1493659926567,32.97035598754883,,903d185fccf839df
1493659927577,8.825434684753418,,903d185fccf839df
1493659928579,353.8369445800781,,903d185fccf839df
1493659929577,307.30438232421875,,903d185fccf839df
1493659930567,271.93499755859375,,903d185fccf839df
1493659931567,247.91860961914062,,903d185fccf839df
1493659932577,223.7152099609375,,903d185fccf839df
1493659933577,220.40359497070312,,903d185fccf839df
1493659934567,202.5255126953125,,903d185fccf839df
1493659935577,171.5341339111328,,903d185fccf839df
1493659936577,159.3685760498047,,903d185fccf839df
1493659937567,151.8032989501953,,903d185fccf839df
1493659938577,123.43286895751953,,903d185fccf839df
1493659939577,51.33308410644531,,903d185fccf839df
1493659940464,50.803531646728516,,903d185fccf839df
1493659941463,40.6109504699707,,903d185fccf839df
1493659942463,69.85247039794922,,903d185fccf839df
1493659943465,26.53765106201172,,903d185fccf839df
1493659944464,343.4467468261719,,903d185fccf839df
1493659945464,294.6174011230469,,903d185fccf839df
1493659946455,284.93487548828125,,903d185fccf839df
1493659947464,276.58795166015625,,903d185fccf839df
1493659948464,219.80596923828125,,903d185fccf839df
1493659949464,176.64630126953125,,903d185fccf839df
1493659950455,168.29644775390625,,903d185fccf839df
1493659951454,174.57611083984375,,903d185fccf839df
1493659952465,166.3705291748047,,903d185fccf839df
1493659953454,153.48745727539062,,903d185fccf839df
1493659954464,128.2386932373047,,903d185fccf839df
1493659955475,129.9154052734375,,903d185fccf839df
1493659956454,56.719356536865234,,903d185fccf839df
1493659957465,43.53072738647461,,903d185fccf839df
1493659958454,103.47657012939453,,903d185fccf839df
1493659959454,64.90814208984375,,903d185fccf839df
1493659960454,2.6846320629119873,,903d185fccf839df
1493659961466,322.74774169921875,,903d185fccf839df
1493659962454,301.06475830078125,,903d185fccf839df
1493659963454,292.9566345214844,,903d185fccf839df
1493659964454,245.35504150390625,,903d185fccf839df
1493659965454,239.22097778320312,,903d185fccf839df
1493659966465,209.60595703125,,903d185fccf839df
1493659967469,193.73675537109375,,903d185fccf839df
1493659968455,205.22259521484375,,903d185fccf839df
1493659969456,194.5285186767578,,903d185fccf839df
1493659970456,182.41429138183594,,903d185fccf839df
1493659971456,173.510986328125,,903d185fccf839df
1493659972465,171.89584350585938,,903d185fccf839df
1493659973456,102.29725646972656,,903d185fccf839df
1493659974456,88.96430969238281,,903d185fccf839df
1493659975456,104.24088287353516,,903d185fccf839df
1493659976575,4.5914530754089355,,903d185fccf839df
1493659977575,359.3244934082031,,903d185fccf839df
1493659978575,312.403564453125,,903d185fccf839df
1493659979576,303.9495544433594,,903d185fccf839df
1493659980598,302.5690612792969,,903d185fccf839df
1493659981584,271.5731506347656,,903d185fccf839df
1493659982586,265.09454345703125,,903d185fccf839df
1493659983575,263.23004150390625,,903d185fccf839df
1493659984575,257.0129699707031,,903d185fccf839df
1493659985576,243.70437622070312,,903d185fccf839df
1493659986575,224.2587127685547,,903d185fccf839df
1493659987575,234.44639587402344,,903d185fccf839df
1493659988576,228.88816833496094,,903d185fccf839df
1493659989575,223.1605682373047,,903d185fccf839df
1493659990575,199.8539276123047,,903d185fccf839df
1493659991575,194.42628479003906,,903d185fccf839df
1493659992575,183.53408813476562,,903d185fccf839df
1493659993575,187.4453582763672,,903d185fccf839df
1493659994575,198.7660675048828,,903d185fccf839df
1493659995575,191.23509216308594,,903d185fccf839df
1493659996575,133.75845336914062,,903d185fccf839df
1493659997576,86.61603546142578,,903d185fccf839df
1493659998575,73.10726165771484,,903d185fccf839df
1493659999576,27.45471954345703,,903d185fccf839df
1493660000576,351.5321044921875,,903d185fccf839df
1493660001575,325.67529296875,,903d185fccf839df
1493660002576,333.9060363769531,,903d185fccf839df
1493660003575,329.30450439453125,,903d185fccf839df
1493660004576,311.7267761230469,,903d185fccf839df
1493660005575,296.42474365234375,,903d185fccf839df
1493660006576,265.9081726074219,,903d185fccf839df
1493660007576,267.4017639160156,,903d185fccf839df
1493660008585,206.5137176513672,,903d185fccf839df
1493660009576,158.7027587890625,,903d185fccf839df
1493660010576,145.07275390625,,903d185fccf839df
1493660011585,101.33122253417969,,903d185fccf839df
1493660012586,108.04690551757812,,903d185fccf839df
1493660013585,119.8149185180664,,903d185fccf839df
1493660014585,96.93814849853516,,903d185fccf839df
1493660015576,44.704307556152344,,903d185fccf839df
1493660016576,344.2757568359375,,903d185fccf839df
1493660017585,324.24560546875,,903d185fccf839df
1493660018576,266.9024963378906,,903d185fccf839df
1493660019585,249.54225158691406,,903d185fccf839df
1493660020576,241.22171020507812,,903d185fccf839df
1493660021576,212.25628662109375,,903d185fccf839df
1493660022577,147.8013458251953,,903d185fccf839df
1493660023576,114.36683654785156,,903d185fccf839df
1493660024577,90.27005767822266,,903d185fccf839df
1493660025577,64.88092803955078,,903d185fccf839df
1493660026597,45.10544204711914,,903d185fccf839df
1493660027576,34.791282653808594,,903d185fccf839df
1493660028576,10.878386497497559,,903d185fccf839df
1493660029586,343.3092346191406,,903d185fccf839df
1493660030587,314.6980285644531,,903d185fccf839df
1493660031586,281.123779296875,,903d185fccf839df
1493660032577,280.07373046875,,903d185fccf839df
1493660033577,276.3863220214844,,903d185fccf839df
1493660034585,193.7090301513672,,903d185fccf839df
1493660035586,171.79685974121094,,903d185fccf839df
1493660036588,137.0653839111328,,903d185fccf839df
1493660037586,163.00955200195312,,903d185fccf839df
1493660038577,145.3464813232422,,903d185fccf839df
1493660039577,110.71166229248047,,903d185fccf839df
1493660040586,83.56298065185547,,903d185fccf839df
1493660041577,37.41565704345703,,903d185fccf839df
1493660042578,358.0061950683594,,903d185fccf839df
1493660043577,324.22637939453125,,903d185fccf839df
1493660044586,298.0906677246094,,903d185fccf839df
1493660045577,243.7236328125,,903d185fccf839df
1493660046577,215.55616760253906,,903d185fccf839df
1493660047587,200.1475372314453,,903d185fccf839df
1493660048577,187.72506713867188,,903d185fccf839df
1493660049578,179.65760803222656,,903d185fccf839df
1493660050578,184.5945587158203,,903d185fccf839df
1493660051577,172.88731384277344,,903d185fccf839df
1493660052578,143.03744506835938,,903d185fccf839df
1493660053586,106.83358764648438,,903d185fccf839df
1493660054258,100.45685577392578,,903d185fccf839df
1493660055247,114.5412826538086,,903d185fccf839df
1493660056248,75.53057861328125,,903d185fccf839df
1493660057249,12.194305419921875,,903d185fccf839df
1493660058249,358.9142150878906,,903d185fccf839df
1493660059237,21.31372833251953,,903d185fccf839df
1493660060248,16.889907836914062,,903d185fccf839df
1493660061249,324.7403869628906,,903d185fccf839df
1493660062249,282.1690979003906,,903d185fccf839df
1493660063259,249.94815063476562,,903d185fccf839df
1493660064248,245.7541046142578,,903d185fccf839df
1493660065248,224.39263916015625,,903d185fccf839df
1493660066249,187.93482971191406,,903d185fccf839df
1493660067248,178.16058349609375,,903d185fccf839df
1493660068248,181.69107055664062,,903d185fccf839df
1493660069248,186.27365112304688,,903d185fccf839df
1493660070249,145.1351318359375,,903d185fccf839df
1493660071248,130.129150390625,,903d185fccf839df
1493660072249,73.54324340820312,,903d185fccf839df
1493660073250,64.00808715820312,,903d185fccf839df
1493660074249,111.65579986572266,,903d185fccf839df
1493660075249,16.616697311401367,,903d185fccf839df
1493660076258,342.53802490234375,,903d185fccf839df
1493660077249,326.96844482421875,,903d185fccf839df
1493660078249,322.3492126464844,,903d185fccf839df
1493660079237,347.43841552734375,,903d185fccf839df
1493660080249,319.7401123046875,,903d185fccf839df
1493660081239,292.65643310546875,,903d185fccf839df
1493660082238,290.20477294921875,,903d185fccf839df
1493660083239,299.8463439941406,,903d185fccf839df
1493660084237,313.7339172363281,,903d185fccf839df
1493660085250,283.0748596191406,,903d185fccf839df
1493660086249,302.30841064453125,,903d185fccf839df
1493660087249,291.8919372558594,,903d185fccf839df
1493660088259,305.3992919921875,,903d185fccf839df
1493660089211,285.7264709472656,,903d185fccf839df
1493660090211,283.60394287109375,,903d185fccf839df
1493660091211,293.56329345703125,,903d185fccf839df
1493660092212,289.80718994140625,,903d185fccf839df
1493660093211,296.46820068359375,,903d185fccf839df
1493660094211,294.5746765136719,,903d185fccf839df
1493660095212,293.7673034667969,,903d185fccf839df
1493660096211,263.85382080078125,,903d185fccf839df
1493660097212,295.4313049316406,,903d185fccf839df
1493660098232,255.41275024414062,,903d185fccf839df
1493660099211,246.43702697753906,,903d185fccf839df
1493660100211,152.65660095214844,,903d185fccf839df
1493660101221,138.73306274414062,,903d185fccf839df
1493660102222,109.40166473388672,,903d185fccf839df
1493660103232,88.57330322265625,,903d185fccf839df
1493660104211,20.651813507080078,,903d185fccf839df
1493660105222,329.66650390625,,903d185fccf839df
1493660106212,352.1993408203125,,903d185fccf839df
1493660107201,57.673030853271484,,903d185fccf839df
1493660108212,126.80351257324219,,903d185fccf839df
1493660109220,176.90252685546875,,903d185fccf839df
1493660110211,140.53150939941406,,903d185fccf839df
1493660111212,147.75660705566406,,903d185fccf839df
1493660112212,94.98223876953125,,903d185fccf839df
1493660113221,30.974878311157227,,903d185fccf839df
1493660114224,352.8790588378906,,903d185fccf839df
1493660115200,12.840105056762695,,903d185fccf839df
1493660116212,1.1135425567626953,,903d185fccf839df
1493660117212,109.63887023925781,,903d185fccf839df
1493660118212,171.6112823486328,,903d185fccf839df
1493660119225,191.2975616455078,,903d185fccf839df
1493660120213,189.38070678710938,,903d185fccf839df
1493660121213,155.4779052734375,,903d185fccf839df
1493660122222,108.32886505126953,,903d185fccf839df
1493660123212,39.57820510864258,,903d185fccf839df
1493660124233,357.8305969238281,,903d185fccf839df
1493660125213,359.41607666015625,,903d185fccf839df
1493660126234,31.362964630126953,,903d185fccf839df
1493660127222,120.8821792602539,,903d185fccf839df
1493660128212,204.50631713867188,,903d185fccf839df
1493660129222,196.0262451171875,,903d185fccf839df
1493660130221,203.29293823242188,,903d185fccf839df
1493660131213,187.44613647460938,,903d185fccf839df
1493660132261,153.60867309570312,,903d185fccf839df
1493660133221,79.26416778564453,,903d185fccf839df
1493660134212,70.87041473388672,,903d185fccf839df
1493660135242,62.057159423828125,,903d185fccf839df
1493660136213,98.10514831542969,,903d185fccf839df
1493660137222,86.50790405273438,,903d185fccf839df
1493660138224,32.687686920166016,,903d185fccf839df
1493660139473,44.291831970214844,,903d185fccf839df
1493660140222,57.43295669555664,,903d185fccf839df
1493660141201,57.50725555419922,,903d185fccf839df
1493660142213,57.810359954833984,,903d185fccf839df
1493660143224,55.56740951538086,,903d185fccf839df
1493660144243,55.00802230834961,,903d185fccf839df
1493660145239,53.37165451049805,,903d185fccf839df
1493660146213,53.16132354736328,,903d185fccf839df
1493660147233,49.5653190612793,,903d185fccf839df
1493660148213,47.153228759765625,,903d185fccf839df
1493660149333,51.192752838134766,,903d185fccf839df
1493660150213,52.346439361572266,,903d185fccf839df
1493660150806,53.53203582763672,,903d185fccf839df
1493660150933,53.363529205322266,,903d185fccf839df
1493660151064,53.93700408935547,,903d185fccf839df
1493660151128,54.469886779785156,,903d185fccf839df
1493660151254,55.46638107299805,,903d185fccf839df
1493660151393,56.532012939453125,,903d185fccf839df
1493660151462,56.711708068847656,,903d185fccf839df
1493660151522,56.725372314453125,,903d185fccf839df
1493660151573,56.653907775878906,,903d185fccf839df
1493660151935,57.53223419189453,,903d185fccf839df
1493660152002,57.44228744506836,,903d185fccf839df
1493660152053,57.549747467041016,,903d185fccf839df
1493660152093,57.62576675415039,,903d185fccf839df
1493660152133,57.66197204589844,,903d185fccf839df
1493660152174,57.72743606567383,,903d185fccf839df
1493660152193,57.83360290527344,,903d185fccf839df
1493660152222,58.02796173095703,,903d185fccf839df
1493660152253,58.13496398925781,,903d185fccf839df
1493660152303,58.1818962097168,,903d185fccf839df
1493660152482,59.3675537109375,,903d185fccf839df
1493660152533,60.34469985961914,,903d185fccf839df
1493660152563,61.09840774536133,,903d185fccf839df
1493660152582,61.556854248046875,,903d185fccf839df
1493660152633,62.557552337646484,,903d185fccf839df
1493660152684,63.47990036010742,,903d185fccf839df
1493660152773,64.91966247558594,,903d185fccf839df
1493660152803,65.22779083251953,,903d185fccf839df
1493660152834,65.56151580810547,,903d185fccf839df
1493660152853,65.86296844482422,,903d185fccf839df
1493660152873,66.17949676513672,,903d185fccf839df
1493660152884,66.3378677368164,,903d185fccf839df
1493660152913,66.77799987792969,,903d185fccf839df
1493660152923,66.91043853759766,,903d185fccf839df
1493660152953,67.27983856201172,,903d185fccf839df
1493660152974,67.5246353149414,,903d185fccf839df
1493660153002,67.8997573852539,,903d185fccf839df
1493660153022,68.1906509399414,,903d185fccf839df
1493660153044,68.5080795288086,,903d185fccf839df
1493660153082,69.22595977783203,,903d185fccf839df
1493660153103,69.64109802246094,,903d185fccf839df
1493660153122,70.11290740966797,,903d185fccf839df
1493660153142,70.68912506103516,,903d185fccf839df
1493660153174,71.71244049072266,,903d185fccf839df
1493660153184,72.05948638916016,,903d185fccf839df
1493660153238,73.63137817382812,,903d185fccf839df
1493660153274,74.5547103881836,,903d185fccf839df
1493660153303,74.98672485351562,,903d185fccf839df
1493660153343,75.46527862548828,,903d185fccf839df
1493660153374,75.77555084228516,,903d185fccf839df
1493660153393,75.97330474853516,,903d185fccf839df
1493660153413,76.14384460449219,,903d185fccf839df
1493660153433,76.2748794555664,,903d185fccf839df
1493660153463,76.35051727294922,,903d185fccf839df
1493660153482,76.2998275756836,,903d185fccf839df
1493660153513,76.10099792480469,,903d185fccf839df
1493660153533,75.92607879638672,,903d185fccf839df
1493660153562,75.5873031616211,,903d185fccf839df
1493660153584,75.36100006103516,,903d185fccf839df
1493660153622,75.03386688232422,,903d185fccf839df
1493660153643,74.9196548461914,,903d185fccf839df
1493660153662,74.86986541748047,,903d185fccf839df
1493660153682,74.89765930175781,,903d185fccf839df
1493660153707,74.96595001220703,,903d185fccf839df
1493660153736,75.19474792480469,,903d185fccf839df
1493660153784,75.82442474365234,,903d185fccf839df
1493660153853,76.63167572021484,,903d185fccf839df
1493660153883,76.70149993896484,,903d185fccf839df
1493660153914,76.4083023071289,,903d185fccf839df
1493660153933,75.99227905273438,,903d185fccf839df
1493660153953,75.41903686523438,,903d185fccf839df
1493660153962,75.08523559570312,,903d185fccf839df
1493660153983,74.32368469238281,,903d185fccf839df
1493660154015,73.00717163085938,,903d185fccf839df
1493660154033,72.01573181152344,,903d185fccf839df
1493660154063,70.37418365478516,,903d185fccf839df
1493660154082,69.22887420654297,,903d185fccf839df
1493660154133,66.52079010009766,,903d185fccf839df
1493660154162,65.32999420166016,,903d185fccf839df
1493660154183,64.64679718017578,,903d185fccf839df
1493660154222,63.14434051513672,,903d185fccf839df
1493660154253,61.90740203857422,,903d185fccf839df
1493660154273,61.1680793762207,,903d185fccf839df
1493660154295,60.655460357666016,,903d185fccf839df
1493660154322,60.56714630126953,,903d185fccf839df
1493660154342,60.910362243652344,,903d185fccf839df
1493660154364,61.36595153808594,,903d185fccf839df
1493660154382,61.7857551574707,,903d185fccf839df
1493660154414,62.025856018066406,,903d185fccf839df
1493660154433,61.87439727783203,,903d185fccf839df
1493660154453,61.523094177246094,,903d185fccf839df
1493660154484,60.737308502197266,,903d185fccf839df
1493660154513,59.916770935058594,,903d185fccf839df
1493660154553,59.24738311767578,,903d185fccf839df
1493660154583,59.121761322021484,,903d185fccf839df
1493660154613,59.00612258911133,,903d185fccf839df
1493660154633,58.80206298828125,,903d185fccf839df
1493660154664,58.24920654296875,,903d185fccf839df
1493660154673,58.00959014892578,,903d185fccf839df
1493660154694,57.5012321472168,,903d185fccf839df
1493660154719,57.01724624633789,,903d185fccf839df
1493660154753,56.30011749267578,,903d185fccf839df
1493660154774,56.18299865722656,,903d185fccf839df
1493660154794,56.24210739135742,,903d185fccf839df
1493660154823,56.48923110961914,,903d185fccf839df
1493660154844,56.66600036621094,,903d185fccf839df
1493660154873,56.8131103515625,,903d185fccf839df
1493660154894,56.87238311767578,,903d185fccf839df
1493660154914,56.93315505981445,,903d185fccf839df
1493660154922,56.9593505859375,,903d185fccf839df
1493660154954,57.02828598022461,,903d185fccf839df
1493660154963,57.05995559692383,,903d185fccf839df
1493660154983,57.16686248779297,,903d185fccf839df
1493660155013,57.49201202392578,,903d185fccf839df
1493660155033,57.84397888183594,,903d185fccf839df
1493660155062,58.48417282104492,,903d185fccf839df
1493660155084,58.871246337890625,,903d185fccf839df
1493660155113,59.28066635131836,,903d185fccf839df
1493660155133,59.39573669433594,,903d185fccf839df
1493660155162,59.33363723754883,,903d185fccf839df
1493660155184,59.167293548583984,,903d185fccf839df
1493660155213,58.926029205322266,,903d185fccf839df
1493660155233,58.81086730957031,,903d185fccf839df
1493660155263,58.562137603759766,,903d185fccf839df
1493660155283,58.318138122558594,,903d185fccf839df
1493660155323,57.87976837158203,,903d185fccf839df
1493660155342,57.727378845214844,,903d185fccf839df
1493660155362,57.595489501953125,,903d185fccf839df
1493660155384,57.418121337890625,,903d185fccf839df
1493660155422,56.850032806396484,,903d185fccf839df
1493660155444,56.642452239990234,,903d185fccf839df
1493660155473,56.5921516418457,,903d185fccf839df
1493660155496,56.68623352050781,,903d185fccf839df
1493660155514,56.809417724609375,,903d185fccf839df
1493660155533,56.909854888916016,,903d185fccf839df
1493660155564,56.94976806640625,,903d185fccf839df
1493660155583,56.92847442626953,,903d185fccf839df
1493660155623,56.87957763671875,,903d185fccf839df
1493660155643,56.83523178100586,,903d185fccf839df
1493660155673,56.70412826538086,,903d185fccf839df
1493660155683,56.630428314208984,,903d185fccf839df
1493660155722,56.10845947265625,,903d185fccf839df
1493660155745,55.67941665649414,,903d185fccf839df
1493660155783,54.512577056884766,,903d185fccf839df
1493660155803,53.83266067504883,,903d185fccf839df
1493660155822,53.115970611572266,,903d185fccf839df
1493660155854,52.042327880859375,,903d185fccf839df
1493660155866,51.69724655151367,,903d185fccf839df
1493660155893,50.70011901855469,,903d185fccf839df
1493660155924,49.767887115478516,,903d185fccf839df
1493660155942,49.157440185546875,,903d185fccf839df
1493660155973,48.17192840576172,,903d185fccf839df
1493660155993,47.44383239746094,,903d185fccf839df
1493660156023,46.16222381591797,,903d185fccf839df
1493660156043,45.18377685546875,,903d185fccf839df
1493660156094,42.499961853027344,,903d185fccf839df
1493660156122,41.19355392456055,,903d185fccf839df
1493660156142,40.567665100097656,,903d185fccf839df
1493660156163,40.079410552978516,,903d185fccf839df
1493660156183,39.66817855834961,,903d185fccf839df
1493660156223,38.7252082824707,,903d185fccf839df
1493660156242,38.12297821044922,,903d185fccf839df
1493660156273,37.12418746948242,,903d185fccf839df
1493660156288,36.783382415771484,,903d185fccf839df
1493660156322,35.60968780517578,,903d185fccf839df
1493660156344,35.174861907958984,,903d185fccf839df
1493660156382,34.445220947265625,,903d185fccf839df
1493660156423,33.819339752197266,,903d185fccf839df
1493660156442,33.46433639526367,,903d185fccf839df
1493660156454,33.26597595214844,,903d185fccf839df
1493660156482,32.6383171081543,,903d185fccf839df
1493660156524,31.8057804107666,,903d185fccf839df
1493660156543,31.427865982055664,,903d185fccf839df
1493660156574,30.896196365356445,,903d185fccf839df
1493660156585,30.719728469848633,,903d185fccf839df
