timestamp, pressure, UUID 
1.49611E+12,951.2460938,903d185fccf839df
1.49611E+12,951.2519531,903d185fccf839df
1.49611E+12,951.2653809,903d185fccf839df
1.49611E+12,951.2678223,903d185fccf839df
1.49611E+12,951.2602539,903d185fccf839df
1.49611E+12,951.2678223,903d185fccf839df
1.49611E+12,951.2629395,903d185fccf839df
1.49611E+12,951.2587891,903d185fccf839df
1.49611E+12,951.3122559,903d185fccf839df
1.49611E+12,951.3022461,903d185fccf839df
1.49611E+12,951.2993164,903d185fccf839df
1.49611E+12,951.2788086,903d185fccf839df
1.49611E+12,951.2773438,903d185fccf839df
1.49611E+12,951.2653809,903d185fccf839df
1.49611E+12,951.2663574,903d185fccf839df
1.49611E+12,951.2561035,903d185fccf839df
1.49611E+12,951.251709,903d185fccf839df
1.49611E+12,951.2453613,903d185fccf839df
1.49611E+12,951.2521973,903d185fccf839df
1.49611E+12,951.2583008,903d185fccf839df
1.49611E+12,951.2573242,903d185fccf839df
1.49611E+12,951.2700195,903d185fccf839df
1.49611E+12,951.260498,903d185fccf839df
1.49611E+12,951.2646484,903d185fccf839df
1.49611E+12,951.2749023,903d185fccf839df
1.49611E+12,951.279541,903d185fccf839df
1.49611E+12,951.2810059,903d185fccf839df
1.49611E+12,951.2763672,903d185fccf839df
1.49611E+12,951.2712402,903d185fccf839df
1.49611E+12,951.265625,903d185fccf839df
1.49611E+12,951.2788086,903d185fccf839df
1.49611E+12,951.2773438,903d185fccf839df
1.49611E+12,951.2692871,903d185fccf839df
1.49611E+12,951.2680664,903d185fccf839df
1.49611E+12,951.2722168,903d185fccf839df
1.49611E+12,951.2631836,903d185fccf839df
1.49611E+12,951.2636719,903d185fccf839df
1.49611E+12,951.2597656,903d185fccf839df
1.49611E+12,951.2512207,903d185fccf839df
1.49611E+12,951.2561035,903d185fccf839df
1.49611E+12,951.2595215,903d185fccf839df
1.49611E+12,951.2565918,903d185fccf839df
1.49611E+12,951.2490234,903d185fccf839df
1.49611E+12,951.2609863,903d185fccf839df
1.49611E+12,951.2612305,903d185fccf839df
1.49611E+12,951.2563477,903d185fccf839df
1.49611E+12,951.2661133,903d185fccf839df
1.49611E+12,951.2644043,903d185fccf839df
1.49611E+12,951.2541504,903d185fccf839df
1.49611E+12,951.267334,903d185fccf839df
1.49611E+12,951.253418,903d185fccf839df
1.49611E+12,951.2487793,903d185fccf839df
1.49611E+12,951.2592773,903d185fccf839df
1.49611E+12,951.2612305,903d185fccf839df
1.49611E+12,951.2644043,903d185fccf839df
1.49611E+12,951.2590332,903d185fccf839df
1.49611E+12,951.2624512,903d185fccf839df
1.49611E+12,951.2624512,903d185fccf839df
1.49611E+12,951.2666016,903d185fccf839df
1.49611E+12,951.2675781,903d185fccf839df
1.49611E+12,951.262207,903d185fccf839df
1.49611E+12,951.251709,903d185fccf839df
1.49611E+12,951.2568359,903d185fccf839df
1.49611E+12,951.2502441,903d185fccf839df
1.49611E+12,951.2651367,903d185fccf839df
1.49611E+12,951.2712402,903d185fccf839df
1.49611E+12,951.269043,903d185fccf839df
1.49611E+12,951.2700195,903d185fccf839df
1.49611E+12,951.277832,903d185fccf839df
1.49611E+12,951.2714844,903d185fccf839df
1.49611E+12,951.2668457,903d185fccf839df
1.49611E+12,951.2485352,903d185fccf839df
1.49611E+12,951.2419434,903d185fccf839df
1.49611E+12,951.2255859,903d185fccf839df
1.49611E+12,951.2192383,903d185fccf839df
1.49611E+12,951.2028809,903d185fccf839df
1.49611E+12,951.217041,903d185fccf839df
1.49611E+12,951.2231445,903d185fccf839df
1.49611E+12,951.2331543,903d185fccf839df
1.49611E+12,951.2270508,903d185fccf839df
1.49611E+12,951.2316895,903d185fccf839df
1.49611E+12,951.2370605,903d185fccf839df
1.49611E+12,951.2451172,903d185fccf839df
1.49611E+12,951.2495117,903d185fccf839df
1.49611E+12,951.244873,903d185fccf839df
1.49611E+12,951.2434082,903d185fccf839df
1.49611E+12,951.260498,903d185fccf839df
1.49611E+12,951.2687988,903d185fccf839df
1.49611E+12,951.2724609,903d185fccf839df
1.49611E+12,951.2866211,903d185fccf839df
1.49611E+12,951.2885742,903d185fccf839df
1.49611E+12,951.2790527,903d185fccf839df
1.49611E+12,951.2854004,903d185fccf839df
1.49611E+12,951.2792969,903d185fccf839df
1.49611E+12,951.2797852,903d185fccf839df
1.49611E+12,951.2775879,903d185fccf839df
1.49611E+12,951.2614746,903d185fccf839df
1.49611E+12,951.251709,903d185fccf839df
1.49611E+12,951.2504883,903d185fccf839df
1.49611E+12,951.251709,903d185fccf839df
1.49611E+12,951.2548828,903d185fccf839df
1.49611E+12,951.2443848,903d185fccf839df
1.49611E+12,951.2407227,903d185fccf839df
1.49611E+12,951.2458496,903d185fccf839df
1.49611E+12,951.2368164,903d185fccf839df
1.49611E+12,951.2390137,903d185fccf839df
1.49611E+12,951.2419434,903d185fccf839df
1.49611E+12,951.2490234,903d185fccf839df
1.49611E+12,951.2663574,903d185fccf839df
1.49611E+12,951.2805176,903d185fccf839df
1.49611E+12,951.2868652,903d185fccf839df
1.49611E+12,951.2800293,903d185fccf839df
1.49611E+12,951.282959,903d185fccf839df
1.49611E+12,951.2749023,903d185fccf839df
1.49611E+12,951.2653809,903d185fccf839df
1.49611E+12,951.2636719,903d185fccf839df
1.49611E+12,951.2636719,903d185fccf839df
1.49611E+12,951.2617188,903d185fccf839df
1.49611E+12,951.2583008,903d185fccf839df
1.49611E+12,951.2570801,903d185fccf839df
1.49611E+12,951.2602539,903d185fccf839df
1.49611E+12,951.2670898,903d185fccf839df
1.49611E+12,951.2663574,903d185fccf839df
1.49611E+12,951.2746582,903d185fccf839df
1.49611E+12,951.2888184,903d185fccf839df
1.49611E+12,951.279541,903d185fccf839df
1.49611E+12,951.2910156,903d185fccf839df
1.49611E+12,951.2753906,903d185fccf839df
1.49611E+12,951.2783203,903d185fccf839df
1.49611E+12,951.2687988,903d185fccf839df
1.49611E+12,951.263916,903d185fccf839df
1.49611E+12,951.2602539,903d185fccf839df
1.49611E+12,951.2663574,903d185fccf839df
1.49611E+12,951.2592773,903d185fccf839df
1.49611E+12,951.2744141,903d185fccf839df
1.49611E+12,951.2802734,903d185fccf839df
1.49611E+12,951.2817383,903d185fccf839df
1.49611E+12,951.2854004,903d185fccf839df
1.49611E+12,951.2722168,903d185fccf839df
1.49611E+12,951.2700195,903d185fccf839df
1.49611E+12,951.2785645,903d185fccf839df
1.49611E+12,951.2770996,903d185fccf839df
1.49611E+12,951.2741699,903d185fccf839df
1.49611E+12,951.2839355,903d185fccf839df
1.49611E+12,951.2878418,903d185fccf839df
1.49611E+12,951.2922363,903d185fccf839df
1.49611E+12,951.3095703,903d185fccf839df
1.49611E+12,951.3217773,903d185fccf839df
1.49611E+12,951.3046875,903d185fccf839df
1.49611E+12,951.3056641,903d185fccf839df
1.49611E+12,951.3154297,903d185fccf839df
1.49611E+12,951.2998047,903d185fccf839df
1.49611E+12,951.3103027,903d185fccf839df
1.49611E+12,951.2954102,903d185fccf839df
1.49611E+12,951.2744141,903d185fccf839df
1.49611E+12,951.2741699,903d185fccf839df
1.49611E+12,951.2866211,903d185fccf839df
1.49611E+12,951.2844238,903d185fccf839df
1.49611E+12,951.2880859,903d185fccf839df
1.49611E+12,951.2810059,903d185fccf839df
1.49611E+12,951.2873535,903d185fccf839df
1.49611E+12,951.2993164,903d185fccf839df
1.49611E+12,951.2990723,903d185fccf839df
1.49611E+12,951.2858887,903d185fccf839df
1.49611E+12,951.2802734,903d185fccf839df
1.49611E+12,951.2866211,903d185fccf839df
1.49611E+12,951.293457,903d185fccf839df
1.49611E+12,951.2841797,903d185fccf839df
1.49611E+12,951.2807617,903d185fccf839df
1.49611E+12,951.2727051,903d185fccf839df
1.49611E+12,951.2785645,903d185fccf839df
1.49611E+12,951.2851563,903d185fccf839df
1.49611E+12,951.2856445,903d185fccf839df
1.49611E+12,951.2814941,903d185fccf839df
1.49611E+12,951.2875977,903d185fccf839df
1.49611E+12,951.2880859,903d185fccf839df
1.49611E+12,951.286377,903d185fccf839df
1.49611E+12,951.2912598,903d185fccf839df
1.49611E+12,951.2883301,903d185fccf839df
1.49611E+12,951.2902832,903d185fccf839df
1.49611E+12,951.2875977,903d185fccf839df
1.49611E+12,951.2824707,903d185fccf839df
1.49611E+12,951.2729492,903d185fccf839df
1.49611E+12,951.2827148,903d185fccf839df
1.49611E+12,951.2819824,903d185fccf839df
1.49611E+12,951.2768555,903d185fccf839df
1.49611E+12,951.2680664,903d185fccf839df
1.49611E+12,951.2646484,903d185fccf839df
1.49611E+12,951.2619629,903d185fccf839df
1.49611E+12,951.2749023,903d185fccf839df
1.49611E+12,951.2783203,903d185fccf839df
1.49611E+12,951.2731934,903d185fccf839df
1.49611E+12,951.2766113,903d185fccf839df
1.49611E+12,951.2827148,903d185fccf839df
1.49611E+12,951.2871094,903d185fccf839df
1.49611E+12,951.2822266,903d185fccf839df
1.49611E+12,951.2902832,903d185fccf839df
1.49611E+12,951.3010254,903d185fccf839df
1.49611E+12,951.3149414,903d185fccf839df
1.49611E+12,951.324707,903d185fccf839df
1.49611E+12,951.3173828,903d185fccf839df
1.49611E+12,951.3186035,903d185fccf839df
1.49611E+12,951.3254395,903d185fccf839df
1.49611E+12,951.3293457,903d185fccf839df
1.49611E+12,951.3325195,903d185fccf839df
1.49611E+12,951.3703613,903d185fccf839df
1.49611E+12,951.3618164,903d185fccf839df
1.49611E+12,951.3662109,903d185fccf839df
1.49611E+12,951.3535156,903d185fccf839df
1.49611E+12,951.340332,903d185fccf839df
1.49611E+12,951.326416,903d185fccf839df
1.49611E+12,951.3188477,903d185fccf839df
1.49611E+12,951.3005371,903d185fccf839df
1.49611E+12,951.296875,903d185fccf839df
1.49611E+12,951.2839355,903d185fccf839df
1.49611E+12,951.2783203,903d185fccf839df
1.49611E+12,951.2687988,903d185fccf839df
1.49611E+12,951.2692871,903d185fccf839df
1.49611E+12,951.2629395,903d185fccf839df
1.49611E+12,951.2712402,903d185fccf839df
1.49611E+12,951.2797852,903d185fccf839df
1.49611E+12,951.2817383,903d185fccf839df
1.49611E+12,951.2900391,903d185fccf839df
1.49611E+12,951.3046875,903d185fccf839df
1.49611E+12,951.3237305,903d185fccf839df
1.49611E+12,951.317627,903d185fccf839df
1.49611E+12,951.3237305,903d185fccf839df
1.49611E+12,951.3339844,903d185fccf839df
1.49611E+12,951.3195801,903d185fccf839df
1.49611E+12,951.3178711,903d185fccf839df
1.49611E+12,951.3151855,903d185fccf839df
1.49611E+12,951.3010254,903d185fccf839df
1.49611E+12,951.3508301,903d185fccf839df
1.49611E+12,951.3476563,903d185fccf839df
1.49611E+12,951.34375,903d185fccf839df
1.49611E+12,951.333252,903d185fccf839df
1.49611E+12,951.3293457,903d185fccf839df
1.49611E+12,951.3251953,903d185fccf839df
1.49611E+12,951.3203125,903d185fccf839df
1.49611E+12,951.3259277,903d185fccf839df
1.49611E+12,951.3105469,903d185fccf839df
1.49611E+12,951.3063965,903d185fccf839df
1.49611E+12,951.3178711,903d185fccf839df
1.49611E+12,951.3200684,903d185fccf839df
1.49611E+12,951.3190918,903d185fccf839df
1.49611E+12,951.3168945,903d185fccf839df
1.49611E+12,951.3076172,903d185fccf839df
1.49611E+12,951.3007813,903d185fccf839df
1.49611E+12,951.3144531,903d185fccf839df
1.49611E+12,951.3063965,903d185fccf839df
1.49611E+12,951.293457,903d185fccf839df
1.49611E+12,951.295166,903d185fccf839df
1.49611E+12,951.3005371,903d185fccf839df
1.49611E+12,951.3059082,903d185fccf839df
1.49611E+12,951.3164063,903d185fccf839df
1.49611E+12,951.3149414,903d185fccf839df
1.49611E+12,951.3120117,903d185fccf839df
1.49611E+12,951.329834,903d185fccf839df
1.49611E+12,951.345459,903d185fccf839df
1.49611E+12,951.3439941,903d185fccf839df
1.49611E+12,951.3427734,903d185fccf839df
1.49611E+12,951.3425293,903d185fccf839df
1.49611E+12,951.331543,903d185fccf839df
1.49611E+12,951.333252,903d185fccf839df
1.49611E+12,951.3410645,903d185fccf839df
1.49611E+12,951.3425293,903d185fccf839df
1.49611E+12,951.3466797,903d185fccf839df
1.49611E+12,951.3549805,903d185fccf839df
1.49611E+12,951.3422852,903d185fccf839df
1.49611E+12,951.3549805,903d185fccf839df
1.49611E+12,951.3696289,903d185fccf839df
1.49611E+12,951.3583984,903d185fccf839df
1.49611E+12,951.354248,903d185fccf839df
1.49611E+12,951.3464355,903d185fccf839df
1.49611E+12,951.3500977,903d185fccf839df
1.49611E+12,951.3359375,903d185fccf839df
1.49611E+12,951.3249512,903d185fccf839df
1.49611E+12,951.3220215,903d185fccf839df
1.49611E+12,951.3183594,903d185fccf839df
1.49611E+12,951.3095703,903d185fccf839df
1.49611E+12,951.3061523,903d185fccf839df
1.49611E+12,951.2971191,903d185fccf839df
1.49611E+12,951.2941895,903d185fccf839df
1.49611E+12,951.2980957,903d185fccf839df
1.49611E+12,951.296875,903d185fccf839df
1.49611E+12,951.2973633,903d185fccf839df
1.49611E+12,951.2714844,903d185fccf839df
1.49611E+12,951.2858887,903d185fccf839df
1.49611E+12,951.2893066,903d185fccf839df
1.49611E+12,951.2905273,903d185fccf839df
1.49611E+12,951.2971191,903d185fccf839df
1.49611E+12,951.3010254,903d185fccf839df
1.49611E+12,951.2941895,903d185fccf839df
1.49611E+12,951.3098145,903d185fccf839df
1.49611E+12,951.3122559,903d185fccf839df
1.49611E+12,951.3127441,903d185fccf839df
1.49611E+12,951.309082,903d185fccf839df
1.49611E+12,951.3044434,903d185fccf839df
1.49611E+12,951.2937012,903d185fccf839df
1.49611E+12,951.2907715,903d185fccf839df
1.49611E+12,951.2944336,903d185fccf839df
1.49611E+12,951.2788086,903d185fccf839df
1.49611E+12,951.2763672,903d185fccf839df
1.49611E+12,951.2736816,903d185fccf839df
1.49611E+12,951.2797852,903d185fccf839df
1.49611E+12,951.2897949,903d185fccf839df
1.49611E+12,951.2961426,903d185fccf839df
1.49611E+12,951.2890625,903d185fccf839df
1.49611E+12,951.2995605,903d185fccf839df
1.49611E+12,951.3063965,903d185fccf839df
1.49611E+12,951.3112793,903d185fccf839df
1.49611E+12,951.3129883,903d185fccf839df
1.49611E+12,951.3056641,903d185fccf839df
1.49611E+12,951.2861328,903d185fccf839df
1.49611E+12,951.2885742,903d185fccf839df
1.49611E+12,951.2746582,903d185fccf839df
1.49611E+12,951.286377,903d185fccf839df
1.49611E+12,951.2849121,903d185fccf839df
1.49611E+12,951.2797852,903d185fccf839df
1.49611E+12,951.2919922,903d185fccf839df
1.49611E+12,951.3017578,903d185fccf839df
1.49611E+12,951.3122559,903d185fccf839df
1.49611E+12,951.3234863,903d185fccf839df
1.49611E+12,951.3371582,903d185fccf839df
1.49611E+12,951.322998,903d185fccf839df
1.49611E+12,951.3310547,903d185fccf839df
1.49611E+12,951.3237305,903d185fccf839df
1.49611E+12,951.3239746,903d185fccf839df
1.49611E+12,951.3330078,903d185fccf839df
1.49611E+12,951.3261719,903d185fccf839df
1.49611E+12,951.322998,903d185fccf839df
1.49611E+12,951.3212891,903d185fccf839df
1.49611E+12,951.3222656,903d185fccf839df
1.49611E+12,951.3190918,903d185fccf839df
1.49611E+12,951.3122559,903d185fccf839df
1.49611E+12,951.3071289,903d185fccf839df
1.49611E+12,951.3007813,903d185fccf839df
1.49611E+12,951.2949219,903d185fccf839df
1.49611E+12,951.2890625,903d185fccf839df
1.49611E+12,951.2919922,903d185fccf839df
1.49611E+12,951.2983398,903d185fccf839df
1.49611E+12,951.3010254,903d185fccf839df
1.49611E+12,951.3117676,903d185fccf839df
1.49611E+12,951.3186035,903d185fccf839df
1.49611E+12,951.3217773,903d185fccf839df
1.49611E+12,951.3276367,903d185fccf839df
1.49611E+12,951.3391113,903d185fccf839df
1.49611E+12,951.3334961,903d185fccf839df
1.49611E+12,951.3234863,903d185fccf839df
1.49611E+12,951.3127441,903d185fccf839df
1.49611E+12,951.3044434,903d185fccf839df
1.49611E+12,951.3039551,903d185fccf839df
1.49611E+12,951.3017578,903d185fccf839df
1.49611E+12,951.295166,903d185fccf839df
1.49611E+12,951.2949219,903d185fccf839df
1.49611E+12,951.3000488,903d185fccf839df
1.49611E+12,951.2927246,903d185fccf839df
1.49611E+12,951.2954102,903d185fccf839df
1.49611E+12,951.3059082,903d185fccf839df
1.49611E+12,951.2895508,903d185fccf839df
1.49611E+12,951.3007813,903d185fccf839df
1.49611E+12,951.3015137,903d185fccf839df
1.49611E+12,951.2937012,903d185fccf839df
1.49611E+12,951.3044434,903d185fccf839df
1.49611E+12,951.3007813,903d185fccf839df
1.49611E+12,951.2944336,903d185fccf839df
1.49611E+12,951.3027344,903d185fccf839df
1.49611E+12,951.3078613,903d185fccf839df
1.49611E+12,951.2963867,903d185fccf839df
1.49611E+12,951.3173828,903d185fccf839df
1.49611E+12,951.314209,903d185fccf839df
1.49611E+12,951.3127441,903d185fccf839df
1.49611E+12,951.3117676,903d185fccf839df
1.49611E+12,951.314209,903d185fccf839df
1.49611E+12,951.3088379,903d185fccf839df
1.49611E+12,951.3154297,903d185fccf839df
1.49611E+12,951.3156738,903d185fccf839df
1.49611E+12,951.3120117,903d185fccf839df
1.49611E+12,951.3244629,903d185fccf839df
1.49611E+12,951.3286133,903d185fccf839df
1.49611E+12,951.3239746,903d185fccf839df
1.49611E+12,951.3381348,903d185fccf839df
1.49611E+12,951.3459473,903d185fccf839df
1.49611E+12,951.3286133,903d185fccf839df
1.49611E+12,951.3325195,903d185fccf839df
1.49611E+12,951.3210449,903d185fccf839df
1.49611E+12,951.3308105,903d185fccf839df
1.49611E+12,951.329834,903d185fccf839df
1.49611E+12,951.3210449,903d185fccf839df
1.49611E+12,951.3183594,903d185fccf839df
1.49611E+12,951.314209,903d185fccf839df
1.49611E+12,951.3234863,903d185fccf839df
1.49611E+12,951.3222656,903d185fccf839df
1.49611E+12,951.3220215,903d185fccf839df
1.49611E+12,951.3200684,903d185fccf839df
1.49611E+12,951.3269043,903d185fccf839df
1.49611E+12,951.3198242,903d185fccf839df
1.49611E+12,951.3188477,903d185fccf839df
1.49611E+12,951.3259277,903d185fccf839df
1.49611E+12,951.3166504,903d185fccf839df
1.49611E+12,951.3183594,903d185fccf839df
1.49611E+12,951.3173828,903d185fccf839df
1.49611E+12,951.3754883,903d185fccf839df
1.49611E+12,951.378418,903d185fccf839df
1.49611E+12,951.3615723,903d185fccf839df
1.49611E+12,951.3586426,903d185fccf839df
1.49611E+12,951.3625488,903d185fccf839df
1.49611E+12,951.3483887,903d185fccf839df
1.49611E+12,951.3427734,903d185fccf839df
1.49611E+12,951.3325195,903d185fccf839df
1.49611E+12,951.3256836,903d185fccf839df
1.49611E+12,951.3347168,903d185fccf839df
1.49611E+12,951.3395996,903d185fccf839df
1.49611E+12,951.3325195,903d185fccf839df
1.49611E+12,951.3366699,903d185fccf839df
1.49611E+12,951.3342285,903d185fccf839df
1.49611E+12,951.3347168,903d185fccf839df
1.49611E+12,951.3398438,903d185fccf839df
1.49611E+12,951.3452148,903d185fccf839df
1.49611E+12,951.342041,903d185fccf839df
1.49611E+12,951.3337402,903d185fccf839df
1.49611E+12,951.3320313,903d185fccf839df
1.49611E+12,951.3327637,903d185fccf839df
1.49611E+12,951.3266602,903d185fccf839df
1.49611E+12,951.3288574,903d185fccf839df
1.49611E+12,951.3222656,903d185fccf839df
1.49611E+12,951.3168945,903d185fccf839df
1.49611E+12,951.326416,903d185fccf839df
1.49611E+12,951.3166504,903d185fccf839df
1.49611E+12,951.3134766,903d185fccf839df
1.49611E+12,951.3256836,903d185fccf839df
1.49611E+12,951.3134766,903d185fccf839df
1.49611E+12,951.2995605,903d185fccf839df
1.49611E+12,951.3041992,903d185fccf839df
1.49611E+12,951.2895508,903d185fccf839df
1.49611E+12,951.2839355,903d185fccf839df
1.49611E+12,951.2890625,903d185fccf839df
1.49611E+12,951.2883301,903d185fccf839df
1.49611E+12,951.2897949,903d185fccf839df
1.49611E+12,951.2856445,903d185fccf839df
1.49611E+12,951.2780762,903d185fccf839df
1.49611E+12,951.2822266,903d185fccf839df
1.49611E+12,951.2973633,903d185fccf839df
1.49611E+12,951.2868652,903d185fccf839df
1.49611E+12,951.2807617,903d185fccf839df
1.49611E+12,951.279541,903d185fccf839df
1.49611E+12,951.2678223,903d185fccf839df
1.49611E+12,951.2548828,903d185fccf839df
1.49611E+12,951.2456055,903d185fccf839df
1.49611E+12,951.2172852,903d185fccf839df
1.49611E+12,951.2021484,903d185fccf839df
1.49611E+12,951.1401367,903d185fccf839df
1.49611E+12,951.1191406,903d185fccf839df
1.49611E+12,951.1086426,903d185fccf839df
1.49611E+12,951.0742188,903d185fccf839df
1.49611E+12,951.0336914,903d185fccf839df
1.49611E+12,951.0131836,903d185fccf839df
1.49611E+12,950.9802246,903d185fccf839df
1.49611E+12,950.9504395,903d185fccf839df
1.49611E+12,950.9228516,903d185fccf839df
1.49611E+12,950.8903809,903d185fccf839df
1.49611E+12,950.8632813,903d185fccf839df
1.49611E+12,950.8393555,903d185fccf839df
1.49611E+12,950.8276367,903d185fccf839df
1.49611E+12,950.8200684,903d185fccf839df
1.49611E+12,950.7905273,903d185fccf839df
1.49611E+12,950.7768555,903d185fccf839df
1.49611E+12,950.7624512,903d185fccf839df
1.49611E+12,950.7456055,903d185fccf839df
1.49611E+12,950.7304688,903d185fccf839df
1.49611E+12,950.6120605,903d185fccf839df
1.49611E+12,950.5932617,903d185fccf839df
1.49611E+12,950.5678711,903d185fccf839df
1.49611E+12,950.5534668,903d185fccf839df
1.49611E+12,950.5397949,903d185fccf839df
1.49611E+12,950.5324707,903d185fccf839df
1.49611E+12,950.5161133,903d185fccf839df
1.49611E+12,950.5046387,903d185fccf839df
1.49611E+12,950.4904785,903d185fccf839df
1.49611E+12,950.4770508,903d185fccf839df
1.49611E+12,950.4465332,903d185fccf839df
1.49611E+12,950.4228516,903d185fccf839df
1.49611E+12,950.3967285,903d185fccf839df
1.49611E+12,950.3706055,903d185fccf839df
1.49611E+12,950.3498535,903d185fccf839df
1.49611E+12,950.3278809,903d185fccf839df
1.49611E+12,950.3034668,903d185fccf839df
1.49611E+12,950.2976074,903d185fccf839df
1.49611E+12,950.2851563,903d185fccf839df
1.49611E+12,950.2819824,903d185fccf839df
1.49611E+12,950.2719727,903d185fccf839df
1.49611E+12,950.2636719,903d185fccf839df
1.49611E+12,950.2470703,903d185fccf839df
1.49611E+12,950.2290039,903d185fccf839df
1.49611E+12,950.2080078,903d185fccf839df
1.49611E+12,950.1955566,903d185fccf839df
1.49611E+12,950.192627,903d185fccf839df
1.49611E+12,950.1831055,903d185fccf839df
1.49611E+12,950.1728516,903d185fccf839df
1.49611E+12,950.1767578,903d185fccf839df
1.49611E+12,950.1689453,903d185fccf839df
1.49611E+12,950.1850586,903d185fccf839df
1.49611E+12,950.1865234,903d185fccf839df
1.49611E+12,950.1816406,903d185fccf839df
1.49611E+12,950.1826172,903d185fccf839df
1.49611E+12,950.1904297,903d185fccf839df
1.49611E+12,950.1779785,903d185fccf839df
1.49611E+12,950.1914063,903d185fccf839df
1.49611E+12,950.1865234,903d185fccf839df
1.49611E+12,950.1843262,903d185fccf839df
1.49611E+12,950.1826172,903d185fccf839df
1.49611E+12,950.1848145,903d185fccf839df
1.49611E+12,950.1765137,903d185fccf839df
1.49611E+12,950.1787109,903d185fccf839df
1.49611E+12,950.1872559,903d185fccf839df
1.49611E+12,950.1850586,903d185fccf839df
1.49611E+12,950.1916504,903d185fccf839df
1.49611E+12,950.1923828,903d185fccf839df
1.49611E+12,950.1972656,903d185fccf839df
1.49611E+12,950.208252,903d185fccf839df
1.49611E+12,950.2128906,903d185fccf839df
1.49611E+12,950.2128906,903d185fccf839df
1.49611E+12,950.2097168,903d185fccf839df
1.49611E+12,950.2084961,903d185fccf839df
1.49611E+12,950.2128906,903d185fccf839df
1.49611E+12,950.2094727,903d185fccf839df
1.49611E+12,950.2075195,903d185fccf839df
1.49611E+12,950.2094727,903d185fccf839df
1.49611E+12,950.2045898,903d185fccf839df
1.49611E+12,950.2055664,903d185fccf839df
1.49611E+12,950.2016602,903d185fccf839df
1.49611E+12,950.2028809,903d185fccf839df
1.49611E+12,950.1962891,903d185fccf839df
1.49611E+12,950.2016602,903d185fccf839df
1.49611E+12,950.204834,903d185fccf839df
1.49611E+12,950.2102051,903d185fccf839df
1.49611E+12,950.2207031,903d185fccf839df
1.49611E+12,950.2243652,903d185fccf839df
1.49611E+12,950.2207031,903d185fccf839df
1.49611E+12,950.2272949,903d185fccf839df
1.49611E+12,950.2319336,903d185fccf839df
1.49611E+12,950.2373047,903d185fccf839df
1.49611E+12,950.2255859,903d185fccf839df
1.49611E+12,950.2094727,903d185fccf839df
1.49611E+12,950.2150879,903d185fccf839df
1.49611E+12,950.2075195,903d185fccf839df
1.49611E+12,950.2033691,903d185fccf839df
1.49611E+12,950.1894531,903d185fccf839df
1.49611E+12,950.1848145,903d185fccf839df
1.49611E+12,950.1835938,903d185fccf839df
1.49611E+12,950.1794434,903d185fccf839df
1.49611E+12,950.1921387,903d185fccf839df
1.49611E+12,950.189209,903d185fccf839df
1.49611E+12,950.1928711,903d185fccf839df
1.49611E+12,950.1970215,903d185fccf839df
1.49611E+12,950.1862793,903d185fccf839df
1.49611E+12,950.1872559,903d185fccf839df
1.49611E+12,950.1831055,903d185fccf839df
1.49611E+12,950.1953125,903d185fccf839df
1.49611E+12,950.1882324,903d185fccf839df
1.49611E+12,950.1950684,903d185fccf839df
1.49611E+12,950.2106934,903d185fccf839df
1.49611E+12,950.2104492,903d185fccf839df
1.49611E+12,950.1962891,903d185fccf839df
1.49611E+12,950.1896973,903d185fccf839df
1.49611E+12,950.1855469,903d185fccf839df
1.49611E+12,950.1828613,903d185fccf839df
1.49611E+12,950.1813965,903d185fccf839df
1.49611E+12,950.1816406,903d185fccf839df
1.49611E+12,950.1879883,903d185fccf839df
1.49611E+12,950.1943359,903d185fccf839df
1.49611E+12,950.2080078,903d185fccf839df
1.49611E+12,950.2253418,903d185fccf839df
1.49611E+12,950.222168,903d185fccf839df
1.49611E+12,950.2385254,903d185fccf839df
1.49611E+12,950.2387695,903d185fccf839df
1.49611E+12,950.2368164,903d185fccf839df
1.49611E+12,950.2429199,903d185fccf839df
1.49611E+12,950.2312012,903d185fccf839df
1.49611E+12,950.2180176,903d185fccf839df
1.49611E+12,950.217041,903d185fccf839df
1.49611E+12,950.213623,903d185fccf839df
1.49611E+12,950.2067871,903d185fccf839df
1.49611E+12,950.1938477,903d185fccf839df
1.49611E+12,950.1865234,903d185fccf839df
1.49611E+12,950.190918,903d185fccf839df
1.49611E+12,950.192627,903d185fccf839df
1.49611E+12,950.1914063,903d185fccf839df
1.49611E+12,950.1955566,903d185fccf839df
1.49611E+12,950.1928711,903d185fccf839df
1.49611E+12,950.197998,903d185fccf839df
1.49611E+12,950.2058105,903d185fccf839df
1.49611E+12,950.1992188,903d185fccf839df
1.49611E+12,950.1987305,903d185fccf839df
1.49611E+12,950.1884766,903d185fccf839df
1.49611E+12,950.1884766,903d185fccf839df
1.49611E+12,950.1936035,903d185fccf839df
1.49611E+12,950.1967773,903d185fccf839df
1.49611E+12,950.1901855,903d185fccf839df
1.49611E+12,950.1826172,903d185fccf839df
1.49611E+12,950.1933594,903d185fccf839df
1.49611E+12,950.1904297,903d185fccf839df
1.49611E+12,950.1879883,903d185fccf839df
1.49611E+12,950.2028809,903d185fccf839df
1.49611E+12,950.1982422,903d185fccf839df
1.49611E+12,950.2189941,903d185fccf839df
1.49611E+12,950.2160645,903d185fccf839df
1.49611E+12,950.2211914,903d185fccf839df
1.49611E+12,950.220459,903d185fccf839df
1.49611E+12,950.2355957,903d185fccf839df
1.49611E+12,950.2353516,903d185fccf839df
1.49611E+12,950.2329102,903d185fccf839df
1.49611E+12,950.236084,903d185fccf839df
1.49611E+12,950.2194824,903d185fccf839df
1.49611E+12,950.2211914,903d185fccf839df
1.49611E+12,950.2160645,903d185fccf839df
1.49611E+12,950.215332,903d185fccf839df
1.49611E+12,950.2155762,903d185fccf839df
1.49611E+12,950.2053223,903d185fccf839df
1.49611E+12,950.213623,903d185fccf839df
1.49611E+12,950.2075195,903d185fccf839df
1.49611E+12,950.2058105,903d185fccf839df
1.49611E+12,950.2067871,903d185fccf839df
1.49611E+12,950.1950684,903d185fccf839df
1.49611E+12,950.1916504,903d185fccf839df
1.49611E+12,950.1987305,903d185fccf839df
1.49611E+12,950.1870117,903d185fccf839df
1.49611E+12,950.184082,903d185fccf839df
1.49611E+12,950.1943359,903d185fccf839df
1.49611E+12,950.1972656,903d185fccf839df
1.49611E+12,950.2041016,903d185fccf839df
1.49611E+12,950.2001953,903d185fccf839df
1.49611E+12,950.2011719,903d185fccf839df
1.49611E+12,950.2023926,903d185fccf839df
1.49611E+12,950.2124023,903d185fccf839df
1.49611E+12,950.1953125,903d185fccf839df
1.49611E+12,950.1889648,903d185fccf839df
1.49611E+12,950.1762695,903d185fccf839df
1.49611E+12,950.1818848,903d185fccf839df
1.49611E+12,950.1755371,903d185fccf839df
1.49611E+12,950.1486816,903d185fccf839df
1.49611E+12,950.1408691,903d185fccf839df
1.49611E+12,950.1364746,903d185fccf839df
1.49611E+12,950.126709,903d185fccf839df
1.49611E+12,950.1359863,903d185fccf839df
1.49611E+12,950.130127,903d185fccf839df
1.49611E+12,950.1254883,903d185fccf839df
1.49611E+12,950.1386719,903d185fccf839df
1.49611E+12,950.1357422,903d185fccf839df
1.49611E+12,950.1447754,903d185fccf839df
1.49611E+12,950.1550293,903d185fccf839df
1.49611E+12,950.1594238,903d185fccf839df
1.49611E+12,950.1499023,903d185fccf839df
1.49611E+12,950.1516113,903d185fccf839df
1.49611E+12,950.1472168,903d185fccf839df
1.49611E+12,950.1452637,903d185fccf839df
1.49611E+12,950.1359863,903d185fccf839df
1.49611E+12,950.1325684,903d185fccf839df
1.49611E+12,950.1379395,903d185fccf839df
1.49611E+12,950.1398926,903d185fccf839df
1.49611E+12,950.1489258,903d185fccf839df
1.49611E+12,950.159668,903d185fccf839df
1.49611E+12,950.1652832,903d185fccf839df
1.49611E+12,950.1760254,903d185fccf839df
1.49611E+12,950.1716309,903d185fccf839df
1.49611E+12,950.1635742,903d185fccf839df
1.49611E+12,950.1645508,903d185fccf839df
1.49611E+12,950.1721191,903d185fccf839df
1.49611E+12,950.1660156,903d185fccf839df
1.49611E+12,950.1564941,903d185fccf839df
1.49611E+12,950.1540527,903d185fccf839df
1.49611E+12,950.1552734,903d185fccf839df
1.49611E+12,950.1594238,903d185fccf839df
1.49611E+12,950.1589355,903d185fccf839df
1.49611E+12,950.161377,903d185fccf839df
1.49611E+12,950.1699219,903d185fccf839df
1.49611E+12,950.1711426,903d185fccf839df
1.49611E+12,950.1708984,903d185fccf839df
1.49611E+12,950.1635742,903d185fccf839df
1.49611E+12,950.1606445,903d185fccf839df
1.49611E+12,950.1708984,903d185fccf839df
1.49611E+12,950.170166,903d185fccf839df
1.49611E+12,950.1669922,903d185fccf839df
1.49611E+12,950.1564941,903d185fccf839df
1.49611E+12,950.1574707,903d185fccf839df
1.49611E+12,950.1682129,903d185fccf839df
1.49611E+12,950.1726074,903d185fccf839df
1.49611E+12,950.1662598,903d185fccf839df
1.49611E+12,950.1567383,903d185fccf839df
1.49611E+12,950.1643066,903d185fccf839df
1.49611E+12,950.1569824,903d185fccf839df
1.49611E+12,950.1459961,903d185fccf839df
1.49611E+12,950.1782227,903d185fccf839df
1.49611E+12,950.2053223,903d185fccf839df
1.49611E+12,950.1962891,903d185fccf839df
1.49611E+12,950.2097168,903d185fccf839df
1.49611E+12,950.1953125,903d185fccf839df
1.49611E+12,950.1826172,903d185fccf839df
1.49611E+12,950.1687012,903d185fccf839df
1.49611E+12,950.1711426,903d185fccf839df
1.49611E+12,950.1472168,903d185fccf839df
1.49611E+12,950.144043,903d185fccf839df
1.49611E+12,950.1384277,903d185fccf839df
1.49611E+12,950.1308594,903d185fccf839df
1.49611E+12,950.1333008,903d185fccf839df
1.49611E+12,950.1416016,903d185fccf839df
1.49611E+12,950.138916,903d185fccf839df
1.49611E+12,950.1491699,903d185fccf839df
1.49611E+12,950.1569824,903d185fccf839df
1.49611E+12,950.159668,903d185fccf839df
1.49611E+12,950.166748,903d185fccf839df
1.49611E+12,950.1682129,903d185fccf839df
1.49611E+12,950.1604004,903d185fccf839df
1.49611E+12,950.1711426,903d185fccf839df
1.49611E+12,950.1740723,903d185fccf839df
1.49611E+12,950.1738281,903d185fccf839df
1.49611E+12,950.1806641,903d185fccf839df
1.49611E+12,950.177002,903d185fccf839df
1.49611E+12,950.1638184,903d185fccf839df
1.49611E+12,950.173584,903d185fccf839df
1.49611E+12,950.1716309,903d185fccf839df
1.49611E+12,950.1848145,903d185fccf839df
1.49611E+12,950.1901855,903d185fccf839df
1.49611E+12,950.1865234,903d185fccf839df
1.49611E+12,950.1938477,903d185fccf839df
1.49611E+12,950.1936035,903d185fccf839df
1.49611E+12,950.1987305,903d185fccf839df
1.49611E+12,950.2004395,903d185fccf839df
1.49611E+12,950.1960449,903d185fccf839df
1.49611E+12,950.1630859,903d185fccf839df
1.49611E+12,950.1669922,903d185fccf839df
1.49611E+12,950.1672363,903d185fccf839df
1.49611E+12,950.1687012,903d185fccf839df
1.49611E+12,950.1655273,903d185fccf839df
1.49611E+12,950.1809082,903d185fccf839df
1.49611E+12,950.1853027,903d185fccf839df
1.49611E+12,950.1918945,903d185fccf839df
1.49611E+12,950.1975098,903d185fccf839df
1.49611E+12,950.1889648,903d185fccf839df
1.49611E+12,950.1882324,903d185fccf839df
1.49611E+12,950.1994629,903d185fccf839df
1.49611E+12,950.2070313,903d185fccf839df
1.49611E+12,950.2121582,903d185fccf839df
1.49611E+12,950.2121582,903d185fccf839df
1.49611E+12,950.213623,903d185fccf839df
1.49611E+12,950.2109375,903d185fccf839df
1.49611E+12,950.2233887,903d185fccf839df
1.49611E+12,950.217041,903d185fccf839df
1.49611E+12,950.2155762,903d185fccf839df
1.49611E+12,950.2214355,903d185fccf839df
1.49611E+12,950.2282715,903d185fccf839df
1.49611E+12,950.2314453,903d185fccf839df
1.49611E+12,950.2282715,903d185fccf839df
1.49611E+12,950.2282715,903d185fccf839df
1.49611E+12,950.2307129,903d185fccf839df
1.49611E+12,950.201416,903d185fccf839df
1.49611E+12,950.1977539,903d185fccf839df
1.49611E+12,950.2019043,903d185fccf839df
1.49611E+12,950.2011719,903d185fccf839df
1.49611E+12,950.1977539,903d185fccf839df
1.49611E+12,950.2084961,903d185fccf839df
1.49611E+12,950.2050781,903d185fccf839df
1.49611E+12,950.2121582,903d185fccf839df
1.49611E+12,950.2104492,903d185fccf839df
1.49611E+12,950.2009277,903d185fccf839df
1.49611E+12,950.1628418,903d185fccf839df
1.49611E+12,950.1618652,903d185fccf839df
1.49611E+12,950.154541,903d185fccf839df
1.49611E+12,950.1584473,903d185fccf839df
1.49611E+12,950.1552734,903d185fccf839df
1.49611E+12,950.1660156,903d185fccf839df
1.49611E+12,950.1672363,903d185fccf839df
1.49611E+12,950.1940918,903d185fccf839df
1.49611E+12,950.203125,903d185fccf839df
1.49611E+12,950.2231445,903d185fccf839df
1.49611E+12,950.2316895,903d185fccf839df
1.49611E+12,950.2211914,903d185fccf839df
1.49611E+12,950.2258301,903d185fccf839df
1.49611E+12,950.2287598,903d185fccf839df
1.49611E+12,950.2436523,903d185fccf839df
1.49611E+12,950.2414551,903d185fccf839df
1.49611E+12,950.2324219,903d185fccf839df
1.49611E+12,950.2329102,903d185fccf839df
1.49611E+12,950.2319336,903d185fccf839df
1.49611E+12,950.2414551,903d185fccf839df
1.49611E+12,950.2294922,903d185fccf839df
1.49611E+12,950.229248,903d185fccf839df
1.49611E+12,950.2304688,903d185fccf839df
1.49611E+12,950.2341309,903d185fccf839df
1.49611E+12,950.2277832,903d185fccf839df
1.49611E+12,950.2167969,903d185fccf839df
1.49611E+12,950.2194824,903d185fccf839df
1.49611E+12,950.2312012,903d185fccf839df
1.49611E+12,950.2304688,903d185fccf839df
1.49611E+12,950.2258301,903d185fccf839df
1.49611E+12,950.2248535,903d185fccf839df
1.49611E+12,950.2363281,903d185fccf839df
1.49611E+12,950.2363281,903d185fccf839df
1.49611E+12,950.2319336,903d185fccf839df
1.49611E+12,950.2287598,903d185fccf839df
1.49611E+12,950.2236328,903d185fccf839df
1.49611E+12,950.2116699,903d185fccf839df
1.49611E+12,950.2016602,903d185fccf839df
1.49611E+12,950.1835938,903d185fccf839df
1.49611E+12,950.1621094,903d185fccf839df
1.49611E+12,950.1486816,903d185fccf839df
1.49611E+12,950.1520996,903d185fccf839df
1.49611E+12,950.140625,903d185fccf839df
1.49611E+12,950.1376953,903d185fccf839df
1.49611E+12,950.1350098,903d185fccf839df
1.49611E+12,950.1174316,903d185fccf839df
1.49611E+12,950.1223145,903d185fccf839df
1.49611E+12,950.1179199,903d185fccf839df
1.49611E+12,950.1064453,903d185fccf839df
1.49611E+12,950.1137695,903d185fccf839df
1.49611E+12,950.1154785,903d185fccf839df
1.49611E+12,950.1125488,903d185fccf839df
1.49611E+12,950.1210938,903d185fccf839df
1.49611E+12,950.1264648,903d185fccf839df
1.49611E+12,950.1162109,903d185fccf839df
1.49611E+12,950.1101074,903d185fccf839df
1.49611E+12,950.1135254,903d185fccf839df
1.49611E+12,950.09375,903d185fccf839df
1.49611E+12,950.081543,903d185fccf839df
1.49611E+12,950.0683594,903d185fccf839df
1.49611E+12,950.0629883,903d185fccf839df
1.49611E+12,950.0581055,903d185fccf839df
1.49611E+12,950.0629883,903d185fccf839df
1.49611E+12,950.0449219,903d185fccf839df
1.49611E+12,950.0307617,903d185fccf839df
1.49611E+12,950.0458984,903d185fccf839df
1.49611E+12,950.0405273,903d185fccf839df
1.49611E+12,950.0246582,903d185fccf839df
1.49611E+12,950.0073242,903d185fccf839df
1.49611E+12,949.9926758,903d185fccf839df
1.49611E+12,949.9995117,903d185fccf839df
1.49611E+12,949.9858398,903d185fccf839df
1.49611E+12,949.9616699,903d185fccf839df
1.49611E+12,949.9624023,903d185fccf839df
1.49611E+12,949.9592285,903d185fccf839df
1.49611E+12,949.9509277,903d185fccf839df
1.49611E+12,949.951416,903d185fccf839df
1.49611E+12,949.9436035,903d185fccf839df
1.49611E+12,949.9443359,903d185fccf839df
1.49611E+12,949.9494629,903d185fccf839df
1.49611E+12,949.9428711,903d185fccf839df
1.49611E+12,949.9511719,903d185fccf839df
1.49611E+12,949.942627,903d185fccf839df
1.49611E+12,949.9418945,903d185fccf839df
1.49611E+12,949.9382324,903d185fccf839df
1.49611E+12,949.9487305,903d185fccf839df
1.49611E+12,949.9411621,903d185fccf839df
1.49611E+12,949.9387207,903d185fccf839df
1.49611E+12,949.9350586,903d185fccf839df
1.49611E+12,949.932373,903d185fccf839df
1.49611E+12,949.9335938,903d185fccf839df
1.49611E+12,949.9370117,903d185fccf839df
1.49611E+12,949.9277344,903d185fccf839df
1.49611E+12,949.9208984,903d185fccf839df
1.49611E+12,949.9223633,903d185fccf839df
1.49611E+12,949.9311523,903d185fccf839df
1.49611E+12,949.925293,903d185fccf839df
1.49611E+12,949.9226074,903d185fccf839df
1.49611E+12,949.9128418,903d185fccf839df
1.49611E+12,949.9108887,903d185fccf839df
1.49611E+12,949.920166,903d185fccf839df
1.49611E+12,949.9169922,903d185fccf839df
1.49611E+12,949.9165039,903d185fccf839df
1.49611E+12,949.9260254,903d185fccf839df
1.49611E+12,949.9255371,903d185fccf839df
1.49611E+12,949.9350586,903d185fccf839df
1.49611E+12,949.9326172,903d185fccf839df
1.49611E+12,949.9404297,903d185fccf839df
1.49611E+12,949.9399414,903d185fccf839df
1.49611E+12,949.9433594,903d185fccf839df
1.49611E+12,949.9318848,903d185fccf839df
1.49611E+12,949.9353027,903d185fccf839df
1.49611E+12,949.927002,903d185fccf839df
1.49611E+12,949.9326172,903d185fccf839df
1.49611E+12,949.9211426,903d185fccf839df
1.49611E+12,949.9174805,903d185fccf839df
1.49611E+12,949.921875,903d185fccf839df
1.49611E+12,949.9221191,903d185fccf839df
1.49611E+12,949.9265137,903d185fccf839df
1.49611E+12,949.9296875,903d185fccf839df
1.49611E+12,949.9299316,903d185fccf839df
1.49611E+12,949.9052734,903d185fccf839df
1.49611E+12,949.9125977,903d185fccf839df
1.49611E+12,949.9106445,903d185fccf839df
1.49611E+12,949.904541,903d185fccf839df
1.49611E+12,949.8942871,903d185fccf839df
1.49611E+12,949.8950195,903d185fccf839df
1.49611E+12,949.9023438,903d185fccf839df
1.49611E+12,949.9118652,903d185fccf839df
1.49611E+12,949.9206543,903d185fccf839df
1.49611E+12,949.9018555,903d185fccf839df
1.49611E+12,949.8937988,903d185fccf839df
1.49611E+12,949.8908691,903d185fccf839df
1.49611E+12,949.8769531,903d185fccf839df
1.49611E+12,949.8681641,903d185fccf839df
1.49611E+12,949.855957,903d185fccf839df
1.49611E+12,949.8574219,903d185fccf839df
1.49611E+12,949.8527832,903d185fccf839df
1.49611E+12,949.8525391,903d185fccf839df
1.49611E+12,949.8474121,903d185fccf839df
1.49611E+12,949.8569336,903d185fccf839df
1.49611E+12,949.8735352,903d185fccf839df
1.49611E+12,949.8725586,903d185fccf839df
1.49611E+12,949.8671875,903d185fccf839df
1.49611E+12,949.8828125,903d185fccf839df
1.49611E+12,949.8774414,903d185fccf839df
1.49611E+12,949.8671875,903d185fccf839df
1.49611E+12,949.8657227,903d185fccf839df
1.49611E+12,949.8608398,903d185fccf839df
1.49611E+12,949.8625488,903d185fccf839df
1.49611E+12,949.8537598,903d185fccf839df
1.49611E+12,949.8442383,903d185fccf839df
1.49611E+12,949.8330078,903d185fccf839df
1.49611E+12,949.8413086,903d185fccf839df
1.49611E+12,949.84375,903d185fccf839df
1.49611E+12,949.8422852,903d185fccf839df
1.49611E+12,949.8371582,903d185fccf839df
1.49611E+12,949.833252,903d185fccf839df
1.49611E+12,949.8349609,903d185fccf839df
1.49611E+12,949.831543,903d185fccf839df
1.49611E+12,949.8212891,903d185fccf839df
1.49611E+12,949.8212891,903d185fccf839df
1.49611E+12,949.8300781,903d185fccf839df
1.49611E+12,949.8366699,903d185fccf839df
1.49611E+12,949.8432617,903d185fccf839df
1.49611E+12,949.854248,903d185fccf839df
1.49611E+12,949.8532715,903d185fccf839df
1.49611E+12,949.8564453,903d185fccf839df
1.49611E+12,949.8691406,903d185fccf839df
1.49611E+12,949.8779297,903d185fccf839df
1.49611E+12,949.8759766,903d185fccf839df
1.49611E+12,949.8647461,903d185fccf839df
1.49611E+12,949.8615723,903d185fccf839df
1.49611E+12,949.8789063,903d185fccf839df
1.49611E+12,949.8984375,903d185fccf839df
1.49611E+12,949.9042969,903d185fccf839df
1.49611E+12,949.9050293,903d185fccf839df
1.49611E+12,949.8930664,903d185fccf839df
1.49611E+12,949.8933105,903d185fccf839df
1.49611E+12,949.8898926,903d185fccf839df
1.49611E+12,949.8752441,903d185fccf839df
1.49611E+12,949.8708496,903d185fccf839df
1.49611E+12,949.8552246,903d185fccf839df
1.49611E+12,949.8476563,903d185fccf839df
1.49611E+12,949.847168,903d185fccf839df
1.49611E+12,949.8518066,903d185fccf839df
1.49611E+12,949.854248,903d185fccf839df
1.49611E+12,949.8623047,903d185fccf839df
1.49611E+12,949.8569336,903d185fccf839df
1.49611E+12,949.8554688,903d185fccf839df
1.49611E+12,949.8581543,903d185fccf839df
1.49611E+12,949.8515625,903d185fccf839df
1.49611E+12,949.8449707,903d185fccf839df
1.49611E+12,949.8361816,903d185fccf839df
1.49611E+12,949.8376465,903d185fccf839df
1.49611E+12,949.8474121,903d185fccf839df
1.49611E+12,949.8557129,903d185fccf839df
1.49611E+12,949.8564453,903d185fccf839df
1.49611E+12,949.8652344,903d185fccf839df
1.49611E+12,949.8713379,903d185fccf839df
1.49611E+12,949.8811035,903d185fccf839df
1.49611E+12,949.8752441,903d185fccf839df
1.49611E+12,949.8601074,903d185fccf839df
1.49611E+12,949.8554688,903d185fccf839df
1.49611E+12,949.8500977,903d185fccf839df
1.49611E+12,949.8405762,903d185fccf839df
1.49611E+12,949.838623,903d185fccf839df
1.49611E+12,949.8359375,903d185fccf839df
1.49611E+12,949.8383789,903d185fccf839df
1.49611E+12,949.8525391,903d185fccf839df
1.49611E+12,949.8640137,903d185fccf839df
1.49611E+12,949.8635254,903d185fccf839df
1.49611E+12,949.869873,903d185fccf839df
1.49611E+12,949.8742676,903d185fccf839df
1.49611E+12,949.8803711,903d185fccf839df
1.49611E+12,949.880127,903d185fccf839df
1.49611E+12,949.8759766,903d185fccf839df
1.49611E+12,949.8586426,903d185fccf839df
1.49611E+12,949.861084,903d185fccf839df
1.49611E+12,949.8520508,903d185fccf839df
1.49611E+12,949.8405762,903d185fccf839df
1.49611E+12,949.845459,903d185fccf839df
1.49611E+12,949.8518066,903d185fccf839df
1.49611E+12,949.8498535,903d185fccf839df
1.49611E+12,949.8554688,903d185fccf839df
1.49611E+12,949.8569336,903d185fccf839df
1.49611E+12,949.8649902,903d185fccf839df
1.49611E+12,949.8757324,903d185fccf839df
1.49611E+12,949.8774414,903d185fccf839df
1.49611E+12,949.8859863,903d185fccf839df
1.49611E+12,949.892334,903d185fccf839df
1.49611E+12,949.8857422,903d185fccf839df
1.49611E+12,949.8916016,903d185fccf839df
1.49611E+12,949.8776855,903d185fccf839df
1.49611E+12,949.8718262,903d185fccf839df
1.49611E+12,949.871582,903d185fccf839df
1.49611E+12,949.8691406,903d185fccf839df
1.49611E+12,949.8654785,903d185fccf839df
1.49611E+12,949.8701172,903d185fccf839df
1.49611E+12,949.8769531,903d185fccf839df
1.49611E+12,949.8740234,903d185fccf839df
1.49611E+12,949.8608398,903d185fccf839df
1.49611E+12,949.8596191,903d185fccf839df
1.49611E+12,949.8452148,903d185fccf839df
1.49611E+12,949.8310547,903d185fccf839df
1.49611E+12,949.8139648,903d185fccf839df
1.49611E+12,949.810791,903d185fccf839df
1.49611E+12,949.809082,903d185fccf839df
1.49611E+12,949.8105469,903d185fccf839df
1.49611E+12,949.8088379,903d185fccf839df
1.49611E+12,949.8046875,903d185fccf839df
1.49611E+12,949.8183594,903d185fccf839df
1.49611E+12,949.8271484,903d185fccf839df
1.49611E+12,949.8212891,903d185fccf839df
1.49611E+12,949.8293457,903d185fccf839df
1.49611E+12,949.8466797,903d185fccf839df
1.49611E+12,949.8474121,903d185fccf839df
1.49611E+12,949.8544922,903d185fccf839df
1.49611E+12,949.8500977,903d185fccf839df
1.49611E+12,949.84375,903d185fccf839df
1.49611E+12,949.8603516,903d185fccf839df
1.49611E+12,949.8354492,903d185fccf839df
1.49611E+12,949.8405762,903d185fccf839df
1.49611E+12,949.8410645,903d185fccf839df
1.49611E+12,949.8369141,903d185fccf839df
1.49611E+12,949.8408203,903d185fccf839df
1.49611E+12,949.8310547,903d185fccf839df
1.49611E+12,949.8242188,903d185fccf839df
1.49611E+12,949.8312988,903d185fccf839df
1.49611E+12,949.8320313,903d185fccf839df
1.49611E+12,949.8596191,903d185fccf839df
1.49611E+12,949.8632813,903d185fccf839df
1.49611E+12,949.8691406,903d185fccf839df
1.49611E+12,949.8679199,903d185fccf839df
1.49611E+12,949.8674316,903d185fccf839df
1.49611E+12,949.864502,903d185fccf839df
1.49611E+12,949.8654785,903d185fccf839df
1.49611E+12,949.8659668,903d185fccf839df
1.49611E+12,949.8681641,903d185fccf839df
1.49611E+12,949.8564453,903d185fccf839df
1.49611E+12,949.8632813,903d185fccf839df
1.49611E+12,949.8588867,903d185fccf839df
1.49611E+12,949.8625488,903d185fccf839df
1.49611E+12,949.8608398,903d185fccf839df
1.49611E+12,949.8596191,903d185fccf839df
1.49611E+12,949.8530273,903d185fccf839df
1.49611E+12,949.8579102,903d185fccf839df
1.49611E+12,949.8498535,903d185fccf839df
1.49611E+12,949.8388672,903d185fccf839df
1.49611E+12,949.8520508,903d185fccf839df
1.49611E+12,949.8591309,903d185fccf839df
1.49611E+12,949.8476563,903d185fccf839df
1.49611E+12,949.8496094,903d185fccf839df
1.49611E+12,949.8486328,903d185fccf839df
1.49611E+12,949.848877,903d185fccf839df
1.49611E+12,949.8537598,903d185fccf839df
1.49611E+12,949.8464355,903d185fccf839df
1.49611E+12,949.8374023,903d185fccf839df
1.49611E+12,949.8461914,903d185fccf839df
1.49611E+12,949.8413086,903d185fccf839df
1.49611E+12,949.8320313,903d185fccf839df
1.49611E+12,949.8303223,903d185fccf839df
1.49611E+12,949.8378906,903d185fccf839df
1.49611E+12,949.8352051,903d185fccf839df
1.49611E+12,949.8410645,903d185fccf839df
1.49611E+12,949.840332,903d185fccf839df
1.49611E+12,949.8427734,903d185fccf839df
1.49611E+12,949.8510742,903d185fccf839df
1.49611E+12,949.8461914,903d185fccf839df
1.49611E+12,949.845459,903d185fccf839df
1.49611E+12,949.8618164,903d185fccf839df
1.49611E+12,949.8569336,903d185fccf839df
1.49611E+12,949.8586426,903d185fccf839df
1.49611E+12,949.8579102,903d185fccf839df
1.49611E+12,949.8532715,903d185fccf839df
1.49611E+12,949.8586426,903d185fccf839df
1.49611E+12,949.8452148,903d185fccf839df
1.49611E+12,949.8344727,903d185fccf839df
1.49611E+12,949.8352051,903d185fccf839df
1.49611E+12,949.8388672,903d185fccf839df
1.49611E+12,949.8308105,903d185fccf839df
1.49611E+12,949.833252,903d185fccf839df
1.49611E+12,949.8305664,903d185fccf839df
1.49611E+12,949.8339844,903d185fccf839df
1.49611E+12,949.8469238,903d185fccf839df
1.49611E+12,949.8391113,903d185fccf839df
1.49611E+12,949.8466797,903d185fccf839df
1.49611E+12,949.8349609,903d185fccf839df
1.49611E+12,949.8457031,903d185fccf839df
1.49611E+12,949.8378906,903d185fccf839df
1.49611E+12,949.8161621,903d185fccf839df
1.49611E+12,949.824707,903d185fccf839df
1.49611E+12,949.8327637,903d185fccf839df
1.49611E+12,949.8359375,903d185fccf839df
1.49611E+12,949.8361816,903d185fccf839df
1.49611E+12,949.84375,903d185fccf839df
1.49611E+12,949.8310547,903d185fccf839df
1.49611E+12,949.8249512,903d185fccf839df
1.49611E+12,949.8288574,903d185fccf839df
1.49611E+12,949.8266602,903d185fccf839df
1.49611E+12,949.8022461,903d185fccf839df
1.49611E+12,949.7976074,903d185fccf839df
1.49611E+12,949.7963867,903d185fccf839df
1.49611E+12,949.8017578,903d185fccf839df
1.49611E+12,949.7924805,903d185fccf839df
1.49611E+12,949.7780762,903d185fccf839df
1.49611E+12,949.7709961,903d185fccf839df
1.49611E+12,949.7875977,903d185fccf839df
1.49611E+12,949.815918,903d185fccf839df
1.49611E+12,949.833252,903d185fccf839df
1.49611E+12,949.8464355,903d185fccf839df
1.49611E+12,949.8500977,903d185fccf839df
1.49611E+12,949.8632813,903d185fccf839df
1.49611E+12,949.8508301,903d185fccf839df
1.49611E+12,949.8391113,903d185fccf839df
1.49611E+12,949.8334961,903d185fccf839df
1.49611E+12,949.8269043,903d185fccf839df
1.49611E+12,949.8354492,903d185fccf839df
1.49611E+12,949.8310547,903d185fccf839df
1.49611E+12,949.822998,903d185fccf839df
1.49611E+12,949.8400879,903d185fccf839df
1.49611E+12,949.8435059,903d185fccf839df
1.49611E+12,949.8537598,903d185fccf839df
1.49611E+12,949.8544922,903d185fccf839df
1.49611E+12,949.8461914,903d185fccf839df
1.49611E+12,949.8439941,903d185fccf839df
1.49611E+12,949.8417969,903d185fccf839df
1.49611E+12,949.8554688,903d185fccf839df
1.49611E+12,949.8557129,903d185fccf839df
1.49611E+12,949.8605957,903d185fccf839df
1.49611E+12,949.8684082,903d185fccf839df
