timestamp, magneticFieldX, magneticFieldY, magneticFieldZ, magneticFieldMagnitude, UUID 
1493660587409,-23.30000114440918,-14.199999809265137,-34.60000228881836,44.06461427634698,,903d185fccf839df
1493660587503,-23.200000762939453,-13.699999809265137,-33.400001525878906,42.91258669721389,,903d185fccf839df
1493660587613,-23.100000381469727,-13.699999809265137,-32.79999923706055,42.39268804156736,,903d185fccf839df
1493660587714,-23.200000762939453,-13.90000057220459,-32.79999923706055,42.512233992846106,,903d185fccf839df
1493660587812,-23.600000381469727,-14.199999809265137,-33.20000076293945,43.137454857660295,,903d185fccf839df
1493660587892,-23.700000762939453,-14.100000381469727,-33.10000228881836,43.08259722574557,,903d185fccf839df
1493660587952,-23.899999618530273,-13.90000057220459,-32.79999923706055,42.89825111505676,,903d185fccf839df
1493660588014,-24,-13.800000190734863,-32.60000228881836,42.76914932842765,,903d185fccf839df
1493660588083,-23.899999618530273,-13.699999809265137,-32.5,42.60457661003237,,903d185fccf839df
1493660588173,-23.899999618530273,-14,-32.70000076293945,42.85440467443224,,903d185fccf839df
1493660588242,-23.899999618530273,-14.300000190734863,-32.900001525878906,43.105801496790015,,903d185fccf839df
1493660588334,-23.899999618530273,-14.5,-33,43.2488145610663,,903d185fccf839df
1493660588403,-23.899999618530273,-14.5,-32.70000076293945,43.02034402465885,,903d185fccf839df
1493660588475,-23.899999618530273,-14.40000057220459,-32.400001525878906,42.758976936341426,,903d185fccf839df
1493660588543,-23.700000762939453,-14.300000190734863,-32.5,42.68992936243543,,903d185fccf839df
1493660588603,-23.700000762939453,-14.40000057220459,-32.400001525878906,42.64751119563298,,903d185fccf839df
1493660588653,-23.600000381469727,-14.5,-32.29999923706055,42.54996990556919,,903d185fccf839df
1493660588723,-23.5,-14.699999809265137,-32.20000076293945,42.48741089109238,,903d185fccf839df
1493660588811,-23.5,-14.90000057220459,-32.5,42.7844599097105,,903d185fccf839df
1493660588843,-23.600000381469727,-15,-32.5,42.8743515632908,,903d185fccf839df
1493660588915,-23.5,-15.100000381469727,-32.5,42.854521462333764,,903d185fccf839df
1493660589013,-23.80000114440918,-15.199999809265137,-32.29999923706055,42.9041952931748,,903d185fccf839df
1493660589072,-24,-15.100000381469727,-31.80000114440918,42.60575150182375,,903d185fccf839df
1493660589123,-24.100000381469727,-14.90000057220459,-31.700000762939453,42.51717397720376,,903d185fccf839df
1493660589183,-24.399999618530273,-14.800000190734863,-31.700000762939453,42.653136690987665,,903d185fccf839df
1493660589211,-24.5,-14.699999809265137,-31.600000381469727,42.601643089163645,,903d185fccf839df
1493660589243,-24.5,-14.600000381469727,-31.600000381469727,42.56724093972621,,903d185fccf839df
1493660589303,-24.700000762939453,-14.800000190734863,-31.5,42.67762921485202,,903d185fccf839df
1493660589343,-24.80000114440918,-14.90000057220459,-31.399999618530273,42.69672129995025,,903d185fccf839df
1493660589403,-25.100000381469727,-15.600000381469727,-31,42.82954617591419,,903d185fccf839df
1493660589445,-25.30000114440918,-16.200000762939453,-30.700000762939453,42.95369800283953,,903d185fccf839df
1493660589523,-25.700000762939453,-17.5,-29.600000381469727,42.929012164842774,,903d185fccf839df
1493660589604,-28.100000381469727,-19.200000762939453,-26.100000381469727,42.888927277419896,,903d185fccf839df
1493660589673,-32,-19.399999618530273,-19.80000114440918,42.33674555766022,,903d185fccf839df
1493660589752,-39.5,-16.899999618530273,-7.900000095367432,43.68374966963086,,903d185fccf839df
1493660589823,-43.5,-11.699999809265137,2.5,45.115296733919955,,903d185fccf839df
1493660589853,-45,-7.900000095367432,10.5,46.879206476298336,,903d185fccf839df
1493660589904,-42.5,-0.6000000238418579,19.5,46.76387494652582,,903d185fccf839df
1493660590043,-21.700000762939453,24.30000114440918,35.400001525878906,48.10966901450837,,903d185fccf839df
1493660590125,-8.40000057220459,37,25.399999618530273,45.65873395049313,,903d185fccf839df
1493660590203,0.20000000298023224,44.60000228881836,14.600000381469727,46.929310243332374,,903d185fccf839df
1493660590285,3.6000001430511475,44.900001525878906,10,46.14076432860382,,903d185fccf839df
1493660590386,9.699999809265137,44.70000076293945,-3.1000001430511475,45.84528421592419,,903d185fccf839df
1493660590455,11.199999809265137,44.400001525878906,-5.200000286102295,46.08513974218547,,903d185fccf839df
1493660590543,11.90000057220459,44.70000076293945,-10.40000057220459,47.411603168963495,,903d185fccf839df
1493660590612,7.5,46.60000228881836,-11.199999809265137,48.51031124973727,,903d185fccf839df
1493660590642,5.599999904632568,46.70000076293945,-11.699999809265137,48.467928930493834,,903d185fccf839df
1493660590712,7.200000286102295,47.29999923706055,-14.100000381469727,49.87925476435236,,903d185fccf839df
1493660590731,8.5,46.60000228881836,-17,50.32703351812398,,903d185fccf839df
1493660590772,13.300000190734863,45.400001525878906,-21.80000114440918,52.0892523166649,,903d185fccf839df
1493660590803,20.700000762939453,42.79999923706055,-24.30000114440918,53.39307106583959,,903d185fccf839df
1493660590864,35.29999923706055,36.20000076293945,-25.600000381469727,56.67353946669992,,903d185fccf839df
1493660590902,19.5,28.399999618530273,-54.79999923706055,64.72904906207467,,903d185fccf839df
1493660590932,14.600000381469727,30.100000381469727,-59.60000228881836,68.347129930069,,903d185fccf839df
1493660590982,14.40000057220459,31,-59.79999923706055,68.87960373572874,,903d185fccf839df
1493660591016,15.300000190734863,30.80000114440918,-59,68.29150816375542,,903d185fccf839df
1493660591043,15.699999809265137,32,-57.70000076293945,67.82167816632729,,903d185fccf839df
1493660591102,13.5,33,-58.10000228881836,68.16788357843083,,903d185fccf839df
1493660591132,13.100000381469727,33.900001525878906,-59,69.29516649000097,,903d185fccf839df
1493660591173,13,34.79999923706055,-55.70000076293945,66.95169831472957,,903d185fccf839df
1493660591203,13.90000057220459,32.400001525878906,-58.5,68.3024168958068,,903d185fccf839df
1493660591244,13.40000057220459,33.10000228881836,-58.400001525878906,68.45239352157824,,903d185fccf839df
1493660591283,13.100000381469727,33.79999923706055,-57.79999923706055,68.22675282486622,,903d185fccf839df
1493660591323,12.800000190734863,35.5,-55.79999923706055,67.36267441376422,,903d185fccf839df
1493660591382,13.5,37.70000076293945,-52.20000076293945,65.79042580005942,,903d185fccf839df
1493660591402,13.199999809265137,38.5,-51.400001525878906,65.56256702808776,,903d185fccf839df
1493660591452,12.5,38.900001525878906,-51.400001525878906,65.66140638218114,,903d185fccf839df
1493660591502,13.5,39.60000228881836,-49.5,64.8125,,903d185fccf839df
1493660591534,13,39.60000228881836,-49.60000228881836,64.7867294474725,,903d185fccf839df
1493660591583,13.300000190734863,40,-48.70000076293945,64.40947278884157,,903d185fccf839df
1493660591603,13.300000190734863,40.29999923706055,-48.10000228881836,64.14507052480211,,903d185fccf839df
1493660591663,12.800000190734863,40.79999923706055,-46.900001525878906,63.467235733066865,,903d185fccf839df
1493660591702,11.90000057220459,40.900001525878906,-46.70000076293945,63.208467259157246,,903d185fccf839df
1493660591722,11.5,40.900001525878906,-46.70000076293945,63.13438300468939,,903d185fccf839df
1493660591792,8.600000381469727,40.60000228881836,-47.20000076293945,62.85030090697005,,903d185fccf839df
1493660591833,7.900000095367432,40.20000076293945,-47.5,62.727187398367484,,903d185fccf839df
1493660591883,7.099999904632568,40.5,-47.70000076293945,62.975789307557804,,903d185fccf839df
1493660591922,6.800000190734863,42.10000228881836,-46.20000076293945,62.87360609568487,,903d185fccf839df
1493660591972,5.599999904632568,44.29999923706055,-44.79999923706055,63.25258813621436,,903d185fccf839df
1493660592003,5.400000095367432,46.79999923706055,-41.79999923706055,62.98126691503999,,903d185fccf839df
1493660592043,4.300000190734863,48,-43.20000076293945,64.72039951965033,,903d185fccf839df
1493660592092,3.200000047683716,48.10000228881836,-42.5,64.26585491648476,,903d185fccf839df
1493660592131,2.700000047683716,48.10000228881836,-42.20000076293945,64.04482957859432,,903d185fccf839df
1493660592193,3.4000000953674316,47.900001525878906,-42.60000228881836,64.19291557933684,,903d185fccf839df
1493660592212,3.299999952316284,48.29999923706055,-42.5,64.42072563987287,,903d185fccf839df
1493660592253,2.4000000953674316,48.70000076293945,-42.29999923706055,64.55029126787845,,903d185fccf839df
1493660592323,0.4000000059604645,48.900001525878906,-41.70000076293945,64.26710060161332,,903d185fccf839df
1493660592434,-1.5,49.29999923706055,-40.400001525878906,63.756569437857735,,903d185fccf839df
1493660592532,-1.600000023841858,49.70000076293945,-38.79999923706055,63.0721018317772,,903d185fccf839df
1493660592603,0.5,49.29999923706055,-38.5,62.55389668305544,,903d185fccf839df
1493660592678,3,49.10000228881836,-37,61.5533126869251,,903d185fccf839df
1493660592772,6.400000095367432,50,-31.5,59.440810920605465,,903d185fccf839df
1493660592844,7.800000190734863,53.70000076293945,-22.80000114440918,58.85890091030947,,903d185fccf839df
1493660592924,20.700000762939453,53.900001525878906,-7.5,58.22327907143394,,903d185fccf839df
1493660593012,28.399999618530273,48.10000228881836,-26.5,61.825723651086115,,903d185fccf839df
1493660593063,27.30000114440918,45.79999923706055,-30.100000381469727,61.228587615641196,,903d185fccf839df
1493660593153,28.30000114440918,45.79999923706055,-31.700000762939453,62.47735624964706,,903d185fccf839df
1493660593213,32.5,45.79999923706055,-29.700000762939453,63.52936265565391,,903d185fccf839df
1493660593273,35,45.79999923706055,-26.80000114440918,63.56791599421564,,903d185fccf839df
1493660593355,46.20000076293945,43.5,-18.30000114440918,66.0422609448896,,903d185fccf839df
1493660593432,43.20000076293945,32.400001525878906,-3.1000001430511475,54.088910552450365,,903d185fccf839df
1493660593514,45.20000076293945,27.200000762939453,1.100000023841858,52.76447731150301,,903d185fccf839df
1493660593681,46.60000228881836,28.100000381469727,-18.80000114440918,57.57265307487643,,903d185fccf839df
1493660593774,41,26.600000381469727,-25.899999618530273,55.31157198197487,,903d185fccf839df
1493660593883,46.29999923706055,24.30000114440918,-22.30000114440918,56.8460203685208,,903d185fccf839df
1493660593982,43.900001525878906,23.5,-24.200000762939453,55.36334615660663,,903d185fccf839df
1493660594043,44,23.399999618530273,-24.30000114440918,55.444116449160994,,903d185fccf839df
1493660594091,44.400001525878906,22.80000114440918,-23.80000114440918,55.29593292235792,,903d185fccf839df
1493660594123,44.29999923706055,22.399999618530273,-23.80000114440918,55.05170327028024,,903d185fccf839df
1493660594191,43.5,21.5,-24.80000114440918,54.493486207642285,,903d185fccf839df
1493660594252,42.10000228881836,21.899999618530273,-24.899999618530273,53.59132533691612,,903d185fccf839df
1493660594312,39.29999923706055,23.30000114440918,-26.30000114440918,52.71688656772639,,903d185fccf839df
1493660594382,38.900001525878906,23.600000381469727,-26.200000762939453,52.50343006373042,,903d185fccf839df
1493660594391,38.900001525878906,23.80000114440918,-26.200000762939453,52.59363278915935,,903d185fccf839df
1493660594442,38.400001525878906,24.200000762939453,-26.5,52.55901514718657,,903d185fccf839df
1493660594492,38.29999923706055,24.80000114440918,-27.100000381469727,53.06919978500064,,903d185fccf839df
1493660594512,38.20000076293945,24.899999618530273,-27.399999618530273,53.19783896739398,,903d185fccf839df
1493660594572,38.10000228881836,25.100000381469727,-27.700000762939453,53.37518410572756,,903d185fccf839df
1493660594602,38.29999923706055,25.200000762939453,-27.200000762939453,53.308254131007644,,903d185fccf839df
1493660594632,38.5,25.30000114440918,-26.80000114440918,53.297093158634425,,903d185fccf839df
1493660594682,38.900001525878906,25.200000762939453,-25.700000762939453,52.99754874840764,,903d185fccf839df
1493660594723,39,25,-24.80000114440918,52.54559961654734,,903d185fccf839df
1493660594803,38.70000076293945,25,-23.600000381469727,51.76533671723983,,903d185fccf839df
1493660594843,38.79999923706055,25,-22.80000114440918,51.48086992526174,,903d185fccf839df
1493660594893,39.10000228881836,24.700000762939453,-22.399999618530273,51.387354346838855,,903d185fccf839df
1493660594923,39.10000228881836,24.5,-22.399999618530273,51.29152132577186,,903d185fccf839df
1493660594982,39.10000228881836,24.200000762939453,-22,50.97499578531125,,903d185fccf839df
1493660595003,39,24.100000381469727,-22,50.85086034236386,,903d185fccf839df
1493660595052,39,24,-22.100000381469727,50.846927180136554,,903d185fccf839df
1493660595092,39.10000228881836,24,-22.30000114440918,51.01078532748308,,903d185fccf839df
1493660595123,39.10000228881836,24.100000381469727,-22.399999618530273,51.101664918774446,,903d185fccf839df
1493660595183,39.400001525878906,24.100000381469727,-22.200000762939453,51.24461075894652,,903d185fccf839df
1493660595203,39.400001525878906,24.200000762939453,-22.200000762939453,51.29171618230161,,903d185fccf839df
1493660595243,39.400001525878906,24.30000114440918,-22,51.25280634942253,,903d185fccf839df
1493660595323,38.70000076293945,25.100000381469727,-21.600000381469727,50.93387970023842,,903d185fccf839df
1493660595403,37.60000228881836,26.200000762939453,-21.600000381469727,50.66320384054558,,903d185fccf839df
1493660595443,37.20000076293945,26.600000381469727,-21.80000114440918,50.662018679862626,,903d185fccf839df
1493660595493,36.79999923706055,27,-22.200000762939453,50.75509843444148,,903d185fccf839df
1493660595524,36.60000228881836,27.200000762939453,-22.30000114440918,50.76110958777429,,903d185fccf839df
1493660595624,36.10000228881836,27.80000114440918,-21.700000762939453,50.46722043202662,,903d185fccf839df
1493660595663,36.5,27.600000381469727,-21.700000762939453,50.64484233297247,,903d185fccf839df
1493660595743,38.29999923706055,26.80000114440918,-20.700000762939453,51.12357542855947,,903d185fccf839df
1493660595834,38.70000076293945,27.700000762939453,-22.399999618530273,52.5998106630348,,903d185fccf839df
1493660595872,39.10000228881836,28.399999618530273,-24.100000381469727,54.001668268501206,,903d185fccf839df
1493660595944,39.900001525878906,29.200000762939453,-25.399999618530273,55.58606047948448,,903d185fccf839df
1493660596033,39.900001525878906,29.399999618530273,-26.100000381469727,56.01410660860491,,903d185fccf839df
1493660596112,39.79999923706055,30.30000114440918,-27.399999618530273,57.03411219273323,,903d185fccf839df
1493660596123,39.900001525878906,30.399999618530273,-27.5,57.205070622982966,,903d185fccf839df
1493660596183,40.5,30.600000381469727,-27.399999618530273,57.68335977660444,,903d185fccf839df
1493660596213,40.79999923706055,30.700000762939453,-27.200000762939453,57.85300312605323,,903d185fccf839df
1493660596263,41.20000076293945,30.899999618530273,-26.700000762939453,58.00982740608348,,903d185fccf839df
1493660596552,41.5,32.20000076293945,-21.399999618530273,56.71904512018607,,903d185fccf839df
1493660596633,41.400001525878906,32.10000228881836,-20.200000762939453,56.14632916157843,,903d185fccf839df
1493660596663,41.70000076293945,31.899999618530273,-19.700000762939453,56.0766442189212,,903d185fccf839df
1493660596754,42.400001525878906,31.200000762939453,-18.700000762939453,55.864928428053,,903d185fccf839df
1493660596943,43.400001525878906,30.899999618530273,-19.700000762939453,56.801938391908116,,903d185fccf839df
1493660597083,44.900001525878906,29.700000762939453,-20.700000762939453,57.67659992963662,,903d185fccf839df
1493660597173,46.29999923706055,28.200000762939453,-21,58.137165330585056,,903d185fccf839df
1493660597243,46.70000076293945,27.200000762939453,-21.200000762939453,58.053166981080395,,903d185fccf839df
1493660597363,46,26.399999618530273,-21.399999618530273,57.19195706034703,,903d185fccf839df
1493660597474,45.10000228881836,25.600000381469727,-21.80000114440918,56.254869580886066,,903d185fccf839df
1493660597884,43,26.399999618530273,-28.399999618530273,57.90094954744779,,903d185fccf839df
1493660598092,43.29999923706055,29.700000762939453,-32.79999923706055,61.90977213052804,,903d185fccf839df
1493660598143,43.5,30.600000381469727,-33.60000228881836,62.90922230853632,,903d185fccf839df
1493660598183,43.79999923706055,31.30000114440918,-34.10000228881836,63.725506553866445,,903d185fccf839df
1493660598203,43.900001525878906,31.700000762939453,-34.29999923706055,64.09828507008422,,903d185fccf839df
1493660598243,44,32.29999923706055,-34.400001525878906,64.5186021579363,,903d185fccf839df
1493660598303,44.29999923706055,33.10000228881836,-34.900001525878906,65.3919737390774,,903d185fccf839df
1493660598332,44.400001525878906,33.29999923706055,-35,65.61440390645944,,903d185fccf839df
1493660598392,44.900001525878906,33.60000228881836,-34.70000076293945,65.94740650552292,,903d185fccf839df
1493660598412,45,33.60000228881836,-34.70000076293945,66.01553069519892,,903d185fccf839df
1493660598443,45.10000228881836,33.60000228881836,-34.29999923706055,65.87458120716025,,903d185fccf839df
1493660598483,45.10000228881836,33.70000076293945,-33.900001525878906,65.71841751282987,,903d185fccf839df
1493660598523,44.900001525878906,33.79999923706055,-33.60000228881836,65.47831914702998,,903d185fccf839df
1493660598583,44.60000228881836,33.79999923706055,-33.10000228881836,65.0169993546159,,903d185fccf839df
1493660598603,44.400001525878906,33.79999923706055,-33,64.82900623045309,,903d185fccf839df
1493660598652,43.70000076293945,33.900001525878906,-32.79999923706055,64.30194485631587,,903d185fccf839df
1493660598703,43,34.10000228881836,-33,64.03756850993065,,903d185fccf839df
1493660598733,42.5,34.20000076293945,-33.29999923706055,63.91228291358839,,903d185fccf839df
1493660598783,41.900001525878906,34.29999923706055,-34,63.938252225535926,,903d185fccf839df
1493660598824,41.79999923706055,34.10000228881836,-34.60000228881836,64.08752083790134,,903d185fccf839df
1493660598866,41.900001525878906,33.79999923706055,-35.20000076293945,64.32021523510805,,903d185fccf839df
1493660598994,43.10000228881836,32.400001525878906,-35.60000228881836,64.61215418750562,,903d185fccf839df
1493660599323,43.20000076293945,31.200000762939453,-33.5,62.94386527518984,,903d185fccf839df
1493660599803,36.70000076293945,35.70000076293945,-29.399999618530273,59.04015677743994,,903d185fccf839df
1493660599943,35.70000076293945,36.79999923706055,-28.600000381469727,58.7085183300662,,903d185fccf839df
1493660600053,36.29999923706055,36.70000076293945,-27.899999618530273,58.67699659320694,,903d185fccf839df
1493660600184,37.900001525878906,36.400001525878906,-27.200000762939453,59.17102556245989,,903d185fccf839df
1493660600283,38.400001525878906,36.5,-26.200000762939453,59.10372341968239,,903d185fccf839df
1493660600373,38.5,36.70000076293945,-25.100000381469727,58.81453922640271,,903d185fccf839df
1493660600503,39.29999923706055,36.79999923706055,-22.200000762939453,58.23718749496939,,903d185fccf839df
1493660600683,40.5,35.5,-17.600000381469727,56.65915645123589,,903d185fccf839df
1493660600752,40.79999923706055,35.10000228881836,-16.899999618530273,56.41152373199668,,903d185fccf839df
1493660600904,41.400001525878906,34.29999923706055,-14.40000057220459,55.65797417361979,,903d185fccf839df
1493660600965,42.20000076293945,33.900001525878906,-14,55.911091662553304,,903d185fccf839df
1493660602183,40.29999923706055,33.20000076293945,-22.80000114440918,56.975169880485275,,903d185fccf839df
1493660602377,41.70000076293945,33,-23.80000114440918,58.26087948293434,,903d185fccf839df
1493660602753,40.70000076293945,32.10000228881836,-24.200000762939453,57.20612102916195,,903d185fccf839df
1493660602933,40.29999923706055,31.700000762939453,-29.100000381469727,58.95583125580115,,903d185fccf839df
1493660603083,41.400001525878906,32.10000228881836,-40.60000228881836,66.27767700176283,,903d185fccf839df
1493660603173,42.5,32.20000076293945,-40.20000076293945,66.77671845001913,,903d185fccf839df
1493660603324,42.70000076293945,32.60000228881836,-41.20000076293945,67.70147881970526,,903d185fccf839df
1493660603444,43,32.900001525878906,-41.400001525878906,68.15695297809177,,903d185fccf839df
1493660603804,39.29999923706055,33.70000076293945,-48.400001525878906,70.87129258243205,,903d185fccf839df
1493660604203,30,37.400001525878906,-55.5,73.34173526605392,,903d185fccf839df
1493660605163,28.80000114440918,40.400001525878906,-52.70000076293945,72.38017863192286,,903d185fccf839df
1493660606173,33.10000228881836,41.60000228881836,-47.10000228881836,71.0252099210973,,903d185fccf839df
1493660607164,39.20000076293945,38.60000228881836,-48.900001525878906,73.60577711569036,,903d185fccf839df
1493660608163,37.5,37.5,-50.400001525878906,73.16187638551925,,903d185fccf839df
1493660609153,38.29999923706055,34.60000228881836,-56.400001525878906,76.4526667547068,,903d185fccf839df
1493660610153,47.5,31.899999618530273,-56.900001525878906,80.69368062477655,,903d185fccf839df
1493660611164,53.400001525878906,30.200000762939453,-52.900001525878906,81.00623589518433,,903d185fccf839df
1493660612174,44.400001525878906,34.5,-40.60000228881836,69.35394968503282,,903d185fccf839df
1493660613123,15,51.900001525878906,14.40000057220459,55.91037581067592,,903d185fccf839df
1493660614189,26.899999618530273,56.900001525878906,6.400000095367432,63.26278602521871,,903d185fccf839df
1493660615153,23.899999618530273,47.60000228881836,-8.90000057220459,54.00166869234336,,903d185fccf839df
1493660616165,22.899999618530273,43.70000076293945,-2.9000000953674316,49.421756721328514,,903d185fccf839df
1493660617133,27.80000114440918,40.79999923706055,16.700000762939453,52.11880653964735,,903d185fccf839df
1493660618153,33.60000228881836,42.60000228881836,2.700000047683716,54.32320369255724,,903d185fccf839df
1493660619173,39.79999923706055,39.20000076293945,4.200000286102295,56.02070987451847,,903d185fccf839df
1493660620525,44.900001525878906,27.600000381469727,7,53.1673785473909,,903d185fccf839df
1493660621193,43.79999923706055,24.399999618530273,4.099999904632568,50.305167987233226,,903d185fccf839df
1493660623364,41.400001525878906,20.200000762939453,12.300000190734863,47.67903240015714,,903d185fccf839df
1493660624153,42.60000228881836,21.899999618530273,13.199999809265137,49.68511074247684,,903d185fccf839df
1493660625153,43.900001525878906,29.700000762939453,19.399999618530273,56.441652130451,,903d185fccf839df
1493660626157,47.60000228881836,23.30000114440918,27.399999618530273,59.66079347712627,,903d185fccf839df
1493660627165,31.600000381469727,18,34.5,50.12793629862089,,903d185fccf839df
1493660628153,32,28.5,28.80000114440918,51.63032116379446,,903d185fccf839df
1493660629164,40.60000228881836,34.29999923706055,23.200000762939453,57.992156978302624,,903d185fccf839df
1493660630174,41.60000228881836,35.29999923706055,15.100000381469727,56.60971786054052,,903d185fccf839df
1493660631145,43.79999923706055,31.30000114440918,17.5,56.60724339590131,,903d185fccf839df
1493660632154,44.5,22.5,20.899999618530273,54.067642796395276,,903d185fccf839df
1493660633154,43,21,21.5,52.461890930464946,,903d185fccf839df
1493660634165,44.79999923706055,20.600000381469727,16,51.84013824114793,,903d185fccf839df
1493660635166,44.900001525878906,14.40000057220459,15.100000381469727,49.51141441597789,,903d185fccf839df
1493660636176,44.400001525878906,15.100000381469727,15.5,49.392510739863184,,903d185fccf839df
1493660637154,44.900001525878906,15.699999809265137,13.800000190734863,49.527165520668746,,903d185fccf839df
1493660638165,50.900001525878906,11.40000057220459,16.399999618530273,54.67842405156439,,903d185fccf839df
1493660639175,48.900001525878906,11.5,11.699999809265137,51.57858280786487,,903d185fccf839df
1493660640165,45.900001525878906,13.40000057220459,12.90000057220459,49.525549874100655,,903d185fccf839df
1493660641165,45.29999923706055,17.399999618530273,11.800000190734863,49.94086331343513,,903d185fccf839df
1493660642166,44.79999923706055,19,14.5,50.7768639932813,,903d185fccf839df
1493660643165,47.29999923706055,16.80000114440918,17.899999618530273,53.29108803051935,,903d185fccf839df
1493660644205,46,15.699999809265137,20.100000381469727,52.59752845904454,,903d185fccf839df
1493660645166,44.60000228881836,16.100000381469727,22.200000762939453,52.34481896063338,,903d185fccf839df
1493660646145,43.900001525878906,17,19.899999618530273,51.10988223676376,,903d185fccf839df
1493660647157,47.29999923706055,16.80000114440918,15.5,52.533609150067264,,903d185fccf839df
1493660648235,49.10000228881836,13.800000190734863,21.80000114440918,55.46611899570144,,903d185fccf839df
1493660649154,48.400001525878906,13.199999809265137,18.399999618530273,53.43556911259315,,903d185fccf839df
1493660650134,52.79999923706055,11.100000381469727,19,57.20183432778941,,903d185fccf839df
1493660651166,49.60000228881836,10,20.100000381469727,54.444193134030606,,903d185fccf839df
1493660652165,48.60000228881836,8.90000057220459,16.600000381469727,52.12226212810209,,903d185fccf839df
1493660655253,49.79999923706055,10.40000057220459,20.200000762939453,54.7379218587672,,903d185fccf839df
1493660656012,47.5,9.5,17.600000381469727,51.53891742911976,,903d185fccf839df
1493660657053,46.70000076293945,11.90000057220459,16.80000114440918,51.036655492473464,,903d185fccf839df
1493660658043,44.60000228881836,9.600000381469727,16.80000114440918,48.61646029053988,,903d185fccf839df
1493660658993,42,6.300000190734863,18.5,46.32429171008884,,903d185fccf839df
1493660660003,35.400001525878906,-5.099999904632568,23.700000762939453,42.90524697572659,,903d185fccf839df
1493660661003,42,7.300000190734863,19.100000381469727,46.71295354601012,,903d185fccf839df
1493660662004,51.400001525878906,13.699999809265137,12.699999809265137,54.68948880312263,,903d185fccf839df
1493660662990,46.70000076293945,10.90000057220459,18.600000381469727,51.43598129236759,,903d185fccf839df
1493660664090,49.10000228881836,8.100000381469727,20.399999618530273,53.78271361802649,,903d185fccf839df
1493660665264,48.5,-1.100000023841858,12.699999809265137,50.1472830103913,,903d185fccf839df
1493660666033,50.70000076293945,-3.1000001430511475,23.80000114440918,56.09402868685123,,903d185fccf839df
1493660667024,39.400001525878906,0,27.30000114440918,47.93381005599675,,903d185fccf839df
1493660668013,37.60000228881836,-3.5,19.399999618530273,42.45432978139568,,903d185fccf839df
1493660669044,40.900001525878906,0.20000000298023224,11.199999809265137,42.4062516084469,,903d185fccf839df
1493660670153,38.79999923706055,2,16.700000762939453,42.288650440214894,,903d185fccf839df
1493660671025,35.29999923706055,5.5,20,40.94313087466947,,903d185fccf839df
1493660672024,30.5,5.300000190734863,25.5,40.1072312938694,,903d185fccf839df
1493660673073,21,7.700000286102295,19.700000762939453,29.805704681917746,,903d185fccf839df
1493660674035,18.399999618530273,7.5,16.399999618530273,25.76373398817943,,903d185fccf839df
1493660675125,19.600000381469727,6.800000190734863,17.899999618530273,27.400912000973754,,903d185fccf839df
1493660676014,20.700000762939453,3.4000000953674316,25.399999618530273,32.9425256213925,,903d185fccf839df
1493660677033,12.800000190734863,3.799999952316284,13.40000057220459,18.916659958736,,903d185fccf839df
1493660678013,17.80000114440918,6,4.200000286102295,19.24785780443669,,903d185fccf839df
1493660679076,20.200000762939453,7.400000095367432,11.600000381469727,24.440950350101225,,903d185fccf839df
1493660680037,20.80000114440918,8.40000057220459,12.100000381469727,25.487449100400532,,903d185fccf839df
1493660681013,14.100000381469727,7.300000190734863,9.199999809265137,18.350477190595306,,903d185fccf839df
1493660682053,15,6.800000190734863,0.30000001192092896,16.472097670972058,,903d185fccf839df
1493660683034,20.399999618530273,9.199999809265137,-3.4000000953674316,22.635369953985652,,903d185fccf839df
1493660684025,17.399999618530273,8.90000057220459,-5.099999904632568,20.198514407833247,,903d185fccf839df
1493660685045,19.200000762939453,8.300000190734863,-6.800000190734863,21.99477246339577,,903d185fccf839df
1493660686014,26.700000762939453,6.599999904632568,-11.800000190734863,29.92808075537413,,903d185fccf839df
1493660686776,24.700000762939453,5.900000095367432,-9.40000057220459,27.07877464857865,,903d185fccf839df
1493660688014,26.200000762939453,6.800000190734863,-7.099999904632568,27.98374644329171,,903d185fccf839df
1493660689025,30.100000381469727,7.5,-9.199999809265137,32.3558342367381,,903d185fccf839df
1493660690026,30.30000114440918,4.200000286102295,-10.600000381469727,32.37421967144099,,903d185fccf839df
1493660691014,27.30000114440918,3.9000000953674316,-10.300000190734863,29.437901488074967,,903d185fccf839df
1493660691915,21.700000762939453,4.599999904632568,-9.600000381469727,24.170437494500117,,903d185fccf839df
1493660692935,20.5,6.400000095367432,-11.90000057220459,24.552393340941542,,903d185fccf839df
1493660694135,19.399999618530273,4.400000095367432,-12.699999809265137,23.60105885862003,,903d185fccf839df
1493660695045,21.200000762939453,-7.400000095367432,-13.199999809265137,26.04688129756785,,903d185fccf839df
1493660695995,21.80000114440918,6.900000095367432,-7.099999904632568,23.942849699384052,,903d185fccf839df
1493660697006,23.200000762939453,9.100000381469727,-7.599999904632568,26.05398347238005,,903d185fccf839df
1493660697995,22.600000381469727,9.5,-8.100000381469727,25.818985611471476,,903d185fccf839df
1493660699015,22.200000762939453,9.100000381469727,-8.800000190734863,25.555626278470722,,903d185fccf839df
1493660700086,22,5.800000190734863,-8.699999809265137,24.358366078543884,,903d185fccf839df
1493660701026,23.200000762939453,5.200000286102295,-7.800000190734863,25.022391133936267,,903d185fccf839df
1493660701985,25.30000114440918,3.200000047683716,-10.199999809265137,27.46579840276904,,903d185fccf839df
1493660703034,22,7.700000286102295,-4.900000095367432,23.818060478534065,,903d185fccf839df
1493660704046,24.200000762939453,7.900000095367432,-7.800000190734863,26.624988609633895,,903d185fccf839df
1493660705056,24.100000381469727,4.800000190734863,-10.600000381469727,26.76210019250857,,903d185fccf839df
1493660706014,23.700000762939453,4.700000286102295,-11.300000190734863,26.67339625878012,,903d185fccf839df
1493660707046,22.80000114440918,3.4000000953674316,-7.599999904632568,24.272618845040572,,903d185fccf839df
1493660707994,21.899999618530273,4.200000286102295,-7.599999904632568,23.558649937495176,,903d185fccf839df
1493660709016,24.80000114440918,4.300000190734863,-4.400000095367432,25.55171308056112,,903d185fccf839df
1493660710026,23.700000762939453,2.4000000953674316,-2.799999952316284,23.985205093582067,,903d185fccf839df
1493660711006,22.899999618530273,3.299999952316284,-1.7000000476837158,23.198921799063935,,903d185fccf839df
1493660711995,24.5,4.300000190734863,-0.4000000059604645,24.87770089236125,,903d185fccf839df
1493660713179,24.399999618530273,3,-0.699999988079071,24.59369808164882,,903d185fccf839df
1493660714099,22.200000762939453,5.200000286102295,0,22.800877826924662,,903d185fccf839df
1493660715015,21.899999618530273,3.6000001430511475,0.800000011920929,22.208331463409927,,903d185fccf839df
1493660715995,20.200000762939453,2,-3.299999952316284,20.56526290744051,,903d185fccf839df
1493660717027,20.700000762939453,3.700000047683716,-4.700000286102295,21.546926076495165,,903d185fccf839df
1493660718016,24,1,-5.400000095367432,24.620316849195113,,903d185fccf839df
1493660719006,24.200000762939453,0.4000000059604645,-7.300000190734863,25.280229737391426,,903d185fccf839df
1493660719996,22.80000114440918,0.800000011920929,-5.700000286102295,23.51531476674797,,903d185fccf839df
1493660721026,23.899999618530273,0.20000000298023224,-6,24.642442268174864,,903d185fccf839df
1493660722006,24.399999618530273,-7.400000095367432,-4.700000286102295,25.92701273860391,,903d185fccf839df
1493660723018,22.5,-6.599999904632568,-5.5,24.084434756883827,,903d185fccf839df
1493660723878,23.5,-6.400000095367432,-11.800000190734863,27.063813633564912,,903d185fccf839df
1493660725067,18.100000381469727,1.600000023841858,-16.600000381469727,24.611582915548777,,903d185fccf839df
1493660726015,22.200000762939453,7.099999904632568,-21.200000762939453,31.506984299705124,,903d185fccf839df
1493660727076,25,9.600000381469727,-24.899999618530273,36.56733533397989,,903d185fccf839df
1493660728326,25.399999618530273,11.5,-24.700000762939453,37.24916106437835,,903d185fccf839df
1493660729087,34.20000076293945,10.90000057220459,-19.5,40.84972493745607,,903d185fccf839df
1493660730006,32.60000228881836,5.900000095367432,-16.600000381469727,37.055770546135214,,903d185fccf839df
1493660731030,31,6,-14.300000190734863,34.6625158563709,,903d185fccf839df
1493660732002,31.5,5.800000190734863,-11.300000190734863,33.96439320296702,,903d185fccf839df
1493660733035,34.20000076293945,1.5,-7.5,35.04482864344521,,903d185fccf839df
1493660733996,31.700000762939453,-3.200000047683716,-8.800000190734863,33.05404784364227,,903d185fccf839df
1493660735024,31.80000114440918,-27.399999618530273,-7.800000190734863,42.69473040045206,,903d185fccf839df
1493660736035,28.600000381469727,-20.100000381469727,5.700000286102295,35.41835729415959,,903d185fccf839df
1493660736920,21.899999618530273,-11.300000190734863,14.90000057220459,28.79774292472578,,903d185fccf839df
1493660738090,25,-9.699999809265137,6.200000286102295,27.523262865788585,,903d185fccf839df
1493660738987,24.100000381469727,-16.899999618530273,7.700000286102295,30.425482537510902,,903d185fccf839df
1493660740016,27.600000381469727,-6.200000286102295,13.100000381469727,31.173867711212413,,903d185fccf839df
1493660741020,23.100000381469727,-7.5,9.800000190734863,26.189693532041304,,903d185fccf839df
1493660742007,17.600000381469727,-7.200000286102295,3.299999952316284,19.300000339962654,,903d185fccf839df
1493660743138,16.700000762939453,-3.200000047683716,6.700000286102295,18.276214558205858,,903d185fccf839df
1493660744057,17.80000114440918,-6.5,8.100000381469727,20.608251626356246,,903d185fccf839df
1493660745007,19.399999618530273,-8.5,10.699999809265137,23.72972783694183,,903d185fccf839df
1493660745910,21,-7.099999904632568,10.90000057220459,24.702631695120967,,903d185fccf839df
1493660747036,21.200000762939453,-6.700000286102295,9.40000057220459,24.138973557363126,,903d185fccf839df
1493660747201,22.80000114440918,-6,11.100000381469727,26.058588479987474,,903d185fccf839df
1493660748200,23.30000114440918,-7,14.40000057220459,28.27101150565247,,903d185fccf839df
1493660749213,18,-8.5,16.5,25.855366947695792,,903d185fccf839df
1493660750220,16.899999618530273,-4.200000286102295,15.699999809265137,23.446534472929752,,903d185fccf839df
1493660751317,17,-3.1000001430511475,13.199999809265137,21.74511418329935,,903d185fccf839df
1493660752189,17.600000381469727,-1.600000023841858,13.800000190734863,22.42231059432166,,903d185fccf839df
1493660753192,18.899999618530273,-4.900000095367432,16.30000114440918,25.434425974315683,,903d185fccf839df
1493660754189,14.90000057220459,-4,18.100000381469727,23.782767409087732,,903d185fccf839df
1493660755200,16.700000762939453,-4.300000190734863,19.200000762939453,25.807363890474008,,903d185fccf839df
1493660756297,15,-3.700000047683716,16.399999618530273,22.531089454110642,,903d185fccf839df
1493660757241,11.90000057220459,-5.5,15.199999809265137,20.072369296006723,,903d185fccf839df
1493660758242,14.699999809265137,-5,11.5,19.322008082440362,,903d185fccf839df
1493660759211,21.399999618530273,-6.800000190734863,-3.200000047683716,22.681269670332334,,903d185fccf839df
1493660760266,25.80000114440918,-15.100000381469727,-6.800000190734863,30.657626899805628,,903d185fccf839df
1493660761200,21.899999618530273,-4.900000095367432,-8.199999809265137,23.892676355825312,,903d185fccf839df
1493660762200,23.30000114440918,-0.10000000149011612,-8.90000057220459,24.942134680058334,,903d185fccf839df
1493660763331,23.5,1,-7.5,24.68805379125702,,903d185fccf839df
1493660764190,17.100000381469727,2.799999952316284,4.900000095367432,18.00722087293711,,903d185fccf839df
1493660765211,19.600000381469727,1.8000000715255737,-4.700000286102295,20.235859407744492,,903d185fccf839df
1493660766797,20.100000381469727,0.800000011920929,-14.600000381469727,24.85578430613353,,903d185fccf839df
1493660767786,25.5,-0.4000000059604645,-15.800000190734863,30.00083331177608,,903d185fccf839df
1493660768837,25,-0.4000000059604645,-11.90000057220459,27.69061241432673,,903d185fccf839df
1493660769798,21.700000762939453,-0.30000001192092896,-9.199999809265137,23.57159401820845,,903d185fccf839df
1493660770887,16.700000762939453,-0.30000001192092896,-1.600000023841858,16.779154175142796,,903d185fccf839df
1493660771886,13.100000381469727,0.699999988079071,-3.200000047683716,13.503333535600294,,903d185fccf839df
1493660772827,22.600000381469727,4.400000095367432,8.5,24.54322738304758,,903d185fccf839df
1493660773800,24,3.6000001430511475,8.800000190734863,25.81472454691755,,903d185fccf839df
1493660774788,20.200000762939453,2.5,12.300000190734863,23.781926911152972,,903d185fccf839df
1493660775779,20.80000114440918,4.099999904632568,18,27.810969861404654,,903d185fccf839df
1493660776788,17.200000762939453,2.700000047683716,2.799999952316284,17.63434226076804,,903d185fccf839df
1493660777809,17,-8.40000057220459,27.200000762939453,33.15720192767857,,903d185fccf839df
1493660778799,19.5,-2.4000000953674316,25.399999618530273,32.11183540960269,,903d185fccf839df
1493660779789,23.100000381469727,-2.9000000953674316,25,34.161675122683974,,903d185fccf839df
1493660780768,31,-5.599999904632568,20.200000762939453,37.4219192154211,,903d185fccf839df
1493660781809,35.70000076293945,-8.40000057220459,20.5,42.01547482918728,,903d185fccf839df
1493660782788,38.400001525878906,-9.199999809265137,17.899999618530273,43.35446956344789,,903d185fccf839df
1493660784080,40.20000076293945,-9.40000057220459,18,45.037762458877175,,903d185fccf839df
1493660785181,40,-6.5,14.5,43.04067843331469,,903d185fccf839df
1493660786082,43.5,-4.599999904632568,9.90000057220459,44.848857394732335,,903d185fccf839df
1493660787310,51.70000076293945,-3.700000047683716,12.800000190734863,53.389326169651994,,903d185fccf839df
1493660788090,50.5,-0.9000000357627869,16,52.98169495270974,,903d185fccf839df
1493660789141,53.900001525878906,-3.4000000953674316,14.100000381469727,55.81738276124315,,903d185fccf839df
1493660790371,54.400001525878906,-5.400000095367432,11.5,55.86385333269301,,903d185fccf839df
1493660791175,56.400001525878906,-11.100000381469727,4.800000190734863,57.6819747642842,,903d185fccf839df
1493660792144,54.5,-12.199999809265137,15.199999809265137,57.88030744237649,,903d185fccf839df
1493660793098,51.10000228881836,-11.90000057220459,18.5,55.633355291113496,,903d185fccf839df
1493660794108,51.29999923706055,-19.80000114440918,16.5,57.410626024010135,,903d185fccf839df
1493660795350,49.79999923706055,-5,17.80000114440918,53.12137108469593,,903d185fccf839df
1493660796187,53,-2,14.5,54.98408860752354,,903d185fccf839df
1493660797107,50.10000228881836,2.700000047683716,11.300000190734863,51.42946875854685,,903d185fccf839df
1493660798098,55.10000228881836,2.4000000953674316,12.40000057220459,56.529021430595776,,903d185fccf839df
1493660799048,53.79999923706055,-0.6000000238418579,10.600000381469727,54.83757789746281,,903d185fccf839df
1493660800057,51.5,-2.9000000953674316,10.300000190734863,52.599904988206696,,903d185fccf839df
1493660801068,51.400001525878906,-3.1000001430511475,13.800000190734863,53.31050748332718,,903d185fccf839df
1493660802088,47.20000076293945,-2.6000001430511475,13.100000381469727,49.05313552124354,,903d185fccf839df
1493660803078,49.70000076293945,-1.7000000476837158,11.300000190734863,50.99676548994981,,903d185fccf839df
1493660804209,47.400001525878906,1.399999976158142,13.199999809265137,49.2235740683218,,903d185fccf839df
1493660805087,50.400001525878906,0.5,9.199999809265137,51.23524329638387,,903d185fccf839df
1493660806228,50.900001525878906,1.3000000715255737,10.699999809265137,52.02874260093116,,903d185fccf839df
1493660807288,49.400001525878906,-2.5,11.5,50.782478350528294,,903d185fccf839df
1493660808099,49.400001525878906,-5.800000190734863,16.100000381469727,52.280112209126685,,903d185fccf839df
1493660809099,46.29999923706055,-5.5,13.800000190734863,48.62489016797525,,903d185fccf839df
1493660810198,59.60000228881836,-9,13.90000057220459,61.857660626818536,,903d185fccf839df
1493660811087,53.5,-10.40000057220459,23.200000762939453,59.233859088877836,,903d185fccf839df
1493660812139,46.900001525878906,-15.800000190734863,33.60000228881836,59.81814366803477,,903d185fccf839df
1493660813078,41.70000076293945,-10.600000381469727,23.30000114440918,48.92995093571807,,903d185fccf839df
1493660814088,38.29999923706055,-10.800000190734863,22.30000114440918,45.61600529046431,,903d185fccf839df
1493660814971,40.79999923706055,-9.199999809265137,22.5,47.49241931053601,,903d185fccf839df
1493660816078,42.900001525878906,-7.700000286102295,24.30000114440918,49.90180570129458,,903d185fccf839df
1493660817090,45,-11,26.30000114440918,53.26997337597009,,903d185fccf839df
1493660818199,37.400001525878906,-11,26.5,47.138202467170274,,903d185fccf839df
1493660819098,36.79999923706055,-11.40000057220459,24.80000114440918,45.817464312320276,,903d185fccf839df
1493660820088,37,-15.40000057220459,22.700000762939453,46.059201664633726,,903d185fccf839df
1493660823325,46.79999923706055,-18,27.80000114440918,57.33306269618779,,903d185fccf839df
1493660824435,43.70000076293945,-17.5,34.5,58.36257416766812,,903d185fccf839df
1493660825347,45.400001525878906,-16.899999618530273,36.60000228881836,60.715157269545344,,903d185fccf839df
1493660826312,47.79999923706055,-16.399999618530273,38.79999923706055,63.71216349027341,,903d185fccf839df
1493660827451,42.10000228881836,-17,38.400001525878906,59.46402454294319,,903d185fccf839df
1493660828402,42.60000228881836,-17.30000114440918,27.100000381469727,53.37096895455841,,903d185fccf839df
1493660829304,45.70000076293945,-15,21,52.483235325524426,,903d185fccf839df
1493660830993,47.29999923706055,-13.40000057220459,20.399999618530273,53.22602770284867,,903d185fccf839df
1493660831970,47.400001525878906,-14.199999809265137,21.200000762939453,53.831591897833405,,903d185fccf839df
1493660832970,46.79999923706055,-22.200000762939453,21.700000762939453,56.16021779031719,,903d185fccf839df
1493660833981,49.60000228881836,-13,20.600000381469727,55.25866603637063,,903d185fccf839df
1493660834971,50.5,-14.5,17.899999618530273,55.50594538555785,,903d185fccf839df
1493660836094,46.60000228881836,-15.90000057220459,20.80000114440918,53.45100897754666,,903d185fccf839df
1493660836980,48.29999923706055,-13,19.30000114440918,53.61324410859369,,903d185fccf839df
1493660837981,48,-18.399999618530273,21.100000381469727,55.56770662472269,,903d185fccf839df
1493660838990,45.5,-17.5,16.30000114440918,51.402237625992356,,903d185fccf839df
1493660840050,49.79999923706055,-13.600000381469727,14.800000190734863,53.70325925231437,,903d185fccf839df
1493660841013,48.900001525878906,-13.600000381469727,18,53.853228424969956,,903d185fccf839df
1493660841971,47.79999923706055,-12.800000190734863,21.100000381469727,53.79488709272783,,903d185fccf839df
1493660842970,43.79999923706055,-12.90000057220459,25,52.05621922813016,,903d185fccf839df
1493660843970,45.10000228881836,-9.40000057220459,24,51.94583970007604,,903d185fccf839df
1493660844981,48.60000228881836,-11.90000057220459,24.399999618530273,55.668035768282934,,903d185fccf839df
1493660846048,47.900001525878906,-12.40000057220459,25.399999618530273,55.617714256881825,,903d185fccf839df
1493660846991,52.70000076293945,-15,24.399999618530273,59.98041367324889,,903d185fccf839df
1493660848039,52.5,-13.40000057220459,25.200000762939453,59.75659002888202,,903d185fccf839df
1493660848971,34.900001525878906,-11.800000190734863,38.20000076293945,53.070615689228525,,903d185fccf839df
1493660849972,44.5,-11.300000190734863,29.700000762939453,54.68116704402783,,903d185fccf839df
1493660850981,44.400001525878906,-7.900000095367432,26.700000762939453,52.40858824579922,,903d185fccf839df
1493660851982,44.900001525878906,-4.200000286102295,25.899999618530273,52.004424163708194,,903d185fccf839df
1493660852811,45.10000228881836,-5,27,52.8016122282857,,903d185fccf839df
1493660854011,47.60000228881836,-5.700000286102295,26.600000381469727,54.82527020583948,,903d185fccf839df
1493660854981,48.5,-9.699999809265137,23.700000762939453,54.84551084468494,,903d185fccf839df
1493660855981,49,-10.5,19.100000381469727,53.62891037561897,,903d185fccf839df
1493660857074,49.400001525878906,-10.600000381469727,24.80000114440918,56.282858444859755,,903d185fccf839df
1493660857971,44,-10.40000057220459,29.80000114440918,54.1497927083198,,903d185fccf839df
1493660858981,42,-11.199999809265137,30.30000114440918,52.98613104108128,,903d185fccf839df
1493660860062,43.79999923706055,-16.30000114440918,24.100000381469727,52.5826965067771,,903d185fccf839df
1493660861081,44,-26.30000114440918,26,57.47773537185127,,903d185fccf839df
1493660861981,49.29999923706055,-19.100000381469727,21.80000114440918,57.18863584297214,,903d185fccf839df
1493660866098,52.10000228881836,-13.600000381469727,18.899999618530273,57.066453844784725,,903d185fccf839df
1493660873116,12.199999809265137,-4.599999904632568,21.899999618530273,25.48744752886929,,903d185fccf839df
1493660875390,10.199999809265137,-5.900000095367432,23.399999618530273,26.199427326146225,,903d185fccf839df
1493660876106,18,-6.5,28.899999618530273,34.662082466832544,,903d185fccf839df
1493660876970,19.600000381469727,-6.300000190734863,26.5,33.55741357887278,,903d185fccf839df
1493660878001,14,-5.599999904632568,23.5,27.921497071306955,,903d185fccf839df
1493660878960,8.5,-5,19.5,21.85177338341216,,903d185fccf839df
1493660880010,9.199999809265137,-3.9000000953674316,18.5,21.026174173669105,,903d185fccf839df
1493660881008,11.100000381469727,-3.5,15.699999809265137,19.543541054482482,,903d185fccf839df
1493660882001,9.800000190734863,1,-3.799999952316284,10.558408994536565,,903d185fccf839df
1493660883051,12.600000381469727,6,-12.699999809265137,18.86928729580844,,903d185fccf839df
1493660884350,9.300000190734863,7.099999904632568,-9,14.761436425381378,,903d185fccf839df
1493660885280,20.600000381469727,7.800000190734863,-16.600000381469727,27.581878423976484,,903d185fccf839df
1493660886290,28.899999618530273,6.5,-10.40000057220459,31.3945850781469,,903d185fccf839df
1493660887290,28.899999618530273,0.9000000357627869,-7,29.749285050224128,,903d185fccf839df
1493660888290,25.600000381469727,-1.3000000715255737,-7.900000095367432,26.82275240184274,,903d185fccf839df
1493660889290,21.700000762939453,-0.9000000357627869,-7.5,22.977163559238647,,903d185fccf839df
1493660890425,20.200000762939453,0.6000000238418579,-7.900000095367432,21.69815750067773,,903d185fccf839df
1493660891290,19.600000381469727,1.100000023841858,-10.199999809265137,22.122612797461088,,903d185fccf839df
1493660892301,17.399999618530273,-1.5,-11.100000381469727,20.693476893985554,,903d185fccf839df
1493660893330,11.40000057220459,-18.899999618530273,-7.300000190734863,23.247795574730794,,903d185fccf839df
1493660894291,14,-11.100000381469727,-5.400000095367432,18.66467273939267,,903d185fccf839df
1493660895270,23.200000762939453,-12.800000190734863,-17,31.481424092092958,,903d185fccf839df
1493660896373,14,-6.599999904632568,-7.400000095367432,17.155757042311606,,903d185fccf839df
1493660897290,14.40000057220459,-8.600000381469727,-6.300000190734863,17.916752636133985,,903d185fccf839df
1493660898217,16.200000762939453,-11.100000381469727,-7.800000190734863,21.130311016171454,,903d185fccf839df
1493660899076,14.300000190734863,-11.40000057220459,-3,18.53240438278399,,903d185fccf839df
1493660899949,21.5,-12.90000057220459,-10.40000057220459,27.14442908245451,,903d185fccf839df
1493660900968,19.399999618530273,-14,-10.5,26.126805877327648,,903d185fccf839df
1493660902207,11.199999809265137,-15.90000057220459,-11,22.343903142230868,,903d185fccf839df
1493660903036,14.699999809265137,-15.199999809265137,-12.90000057220459,24.769739775478502,,903d185fccf839df
1493660903928,12,-13.199999809265137,-8.600000381469727,19.804039914831574,,903d185fccf839df
1493660904908,12,-12,-7.300000190734863,18.47403585888929,,903d185fccf839df
1493660905907,11.800000190734863,-10.90000057220459,-5.099999904632568,16.85408011824081,,903d185fccf839df
1493660906996,11.40000057220459,-10.600000381469727,-0.10000000149011612,15.566952654720868,,903d185fccf839df
1493660907928,12.100000381469727,-12.699999809265137,2.6000001430511475,17.7330199812091,,903d185fccf839df
1493660908912,12.300000190734863,-13.199999809265137,7.5,19.53919135428324,,903d185fccf839df
1493660909917,12.300000190734863,-14,7.599999904632568,20.125854189734532,,903d185fccf839df
1493660910898,14.90000057220459,-14.199999809265137,5.599999904632568,21.330963594227907,,903d185fccf839df
1493660911976,11.40000057220459,-10.600000381469727,10.40000057220459,18.72111177908826,,903d185fccf839df
1493660912896,13.90000057220459,-8,6.400000095367432,17.267600437577485,,903d185fccf839df
1493660913897,10.100000381469727,-5.5,13.600000381469727,17.810671421355575,,903d185fccf839df
1493660914917,8.199999809265137,-7.099999904632568,4,11.560709221807356,,903d185fccf839df
1493660915928,24.5,-15,-13.300000190734863,31.656594879892694,,903d185fccf839df
1493660916919,26.100000381469727,-21.600000381469727,-9.5,35.18550909179556,,903d185fccf839df
1493660917908,6,-11.100000381469727,3.6000001430511475,13.121356930808966,,903d185fccf839df
1493660919009,7,-1.8000000715255737,2.1000001430511475,7.526619496762258,,903d185fccf839df
1493660920018,9.699999809265137,-2.6000001430511475,-9,13.485176937793943,,903d185fccf839df
1493660920917,5.700000286102295,-8.699999809265137,-6.700000286102295,12.372146123240876,,903d185fccf839df
1493660921921,11.300000190734863,-1.2000000476837158,-2.700000047683716,11.67989738556452,,903d185fccf839df
1493660922908,12.199999809265137,0.6000000238418579,-1.899999976158142,12.36163404438473,,903d185fccf839df
1493660923989,12.100000381469727,-2,-1.3000000715255737,12.332883030278813,,903d185fccf839df
1493660924969,10.300000190734863,-1.899999976158142,-3.6000001430511475,11.07519773431618,,903d185fccf839df
1493660925908,11,-0.10000000149011612,-6.700000286102295,12.88021751388747,,903d185fccf839df
1493660926908,7,2.4000000953674316,-3.9000000953674316,8.36480730326187,,903d185fccf839df
1493660928011,10.5,4.400000095367432,-5.300000190734863,12.557866167079823,,903d185fccf839df
1493660928969,16.700000762939453,0.9000000357627869,-5.599999904632568,17.63689353070515,,903d185fccf839df
1493660929917,15,0.20000000298023224,-2.4000000953674316,15.192103219492456,,903d185fccf839df
1493660930918,19.600000381469727,1.3000000715255737,-1.100000023841858,19.673840598029813,,903d185fccf839df
1493660931898,14.300000190734863,-0.5,5.599999904632568,15.365546010349485,,903d185fccf839df
1493660932899,7.099999904632568,-11.100000381469727,9.600000381469727,16.3027608159903,,903d185fccf839df
1493660933909,9.5,-8.90000057220459,11,17.04288727633517,,903d185fccf839df
1493660934937,9.300000190734863,-8,6.200000286102295,13.745181262339552,,903d185fccf839df
1493660935898,10.300000190734863,-8.600000381469727,7.5,15.372052910433021,,903d185fccf839df
1493660936897,7.200000286102295,-5.400000095367432,5.599999904632568,10.600000208728716,,903d185fccf839df
1493660937898,11.40000057220459,-2.200000047683716,-1.100000023841858,11.662332824293863,,903d185fccf839df
1493660938938,12.5,-0.9000000357627869,-3.700000047683716,13.067134368179063,,903d185fccf839df
1493660939979,13.600000381469727,-4.400000095367432,-9,16.891418156099824,,903d185fccf839df
1493660940966,20.80000114440918,-12.699999809265137,-7.400000095367432,25.469394193588094,,903d185fccf839df
1493660942039,13.699999809265137,-15.100000381469727,-3.9000000953674316,20.758371755512606,,903d185fccf839df
1493660943018,13.199999809265137,-13.90000057220459,-3.9000000953674316,19.561697605240006,,903d185fccf839df
1493660943989,14.40000057220459,-12.40000057220459,-0.9000000357627869,19.02445861770459,,903d185fccf839df
1493660944908,16.30000114440918,-9,-4.400000095367432,19.132434073304314,,903d185fccf839df
1493660945939,16.700000762939453,-9.40000057220459,-1.5,19.22238338209348,,903d185fccf839df
1493660947270,12.90000057220459,-10.199999809265137,0.6000000238418579,16.45630615360982,,903d185fccf839df
1493660948198,12.699999809265137,-11.40000057220459,1.399999976158142,17.12337583302246,,903d185fccf839df
1493660948949,13.800000190734863,-12.40000057220459,-2.4000000953674316,18.707218190738917,,903d185fccf839df
1493660949909,17,-9,-3.6000001430511475,19.569363837177264,,903d185fccf839df
1493660950801,10.40000057220459,-9.90000057220459,6.700000286102295,15.844873753409164,,903d185fccf839df
1493660952229,10.90000057220459,-12,2.1000001430511475,16.346865559441945,,903d185fccf839df
1493660952998,8.199999809265137,-10.800000190734863,3.5,14.004642261864904,,903d185fccf839df
1493660953919,6.599999904632568,-11.100000381469727,6.099999904632568,14.282156817404491,,903d185fccf839df
1493660954911,6.5,-9.699999809265137,4.400000095367432,12.477980483565528,,903d185fccf839df
1493660955938,6.900000095367432,-6.800000190734863,3.6000001430511475,10.334892514227695,,903d185fccf839df
1493660956899,9.40000057220459,-5.599999904632568,1.8000000715255737,11.088733344737998,,903d185fccf839df
1493660957941,11.90000057220459,-4.300000190734863,-0.5,12.662938740577063,,903d185fccf839df
1493660959042,9.300000190734863,-4.5,0.5,10.343597318784411,,903d185fccf839df
1493660959970,9.300000190734863,-5.599999904632568,1.600000023841858,10.973149246108207,,903d185fccf839df
1493660962611,5.200000286102295,-4.099999904632568,2.299999952316284,7.0099930278618245,,903d185fccf839df
1493660963575,7.400000095367432,-2.5,2.299999952316284,8.142481323164548,,903d185fccf839df
1493660964341,10.40000057220459,-3.4000000953674316,1.2000000476837158,11.007270859224873,,903d185fccf839df
1493660965190,15.800000190734863,-6.400000095367432,-5,17.765134457380793,,903d185fccf839df
1493660965942,15.90000057220459,-8.100000381469727,-5.800000190734863,18.76326262304812,,903d185fccf839df
1493660966865,15.5,-6.300000190734863,-6.800000190734863,18.06045415043246,,903d185fccf839df
1493660968211,15.199999809265137,-6.900000095367432,-6.5,17.91368175156867,,903d185fccf839df
1493660968970,13.199999809265137,-8.100000381469727,-8.199999809265137,17.523983460899824,,903d185fccf839df
1493660969970,10.90000057220459,-8.699999809265137,-8.800000190734863,16.490603690308028,,903d185fccf839df
1493660971334,4.800000190734863,-8.5,-0.30000001192092896,9.766268525854878,,903d185fccf839df
1493660972345,11.800000190734863,-11.800000190734863,6.099999904632568,17.767667547283768,,903d185fccf839df
1493660975042,11.800000190734863,-12.100000381469727,14.40000057220459,22.203829062222894,,903d185fccf839df
1493660976138,14,-11.600000381469727,19.399999618530273,26.587967168795462,,903d185fccf839df
1493660980189,51.900001525878906,-2.799999952316284,5.099999904632568,52.22509076506386,,903d185fccf839df
1493660982039,39.70000076293945,-7.900000095367432,9.600000381469727,41.60120300424192,,903d185fccf839df
1493660982608,32.400001525878906,-7.5,12.199999809265137,35.42386382333,,903d185fccf839df
1493660983284,33.900001525878906,-7.099999904632568,10.800000190734863,36.2802989220633,,903d185fccf839df
1493660984588,36.400001525878906,-0.9000000357627869,7.400000095367432,37.15548526403648,,903d185fccf839df
1493660985560,46.70000076293945,1,0.800000011920929,46.71755705047139,,903d185fccf839df
1493660986760,48.60000228881836,-1.8000000715255737,7.5,49.208233105102245,,903d185fccf839df
1493660987568,50.10000228881836,-5.900000095367432,1.5,50.46850755946267,,903d185fccf839df
1493660988559,49.70000076293945,-6.700000286102295,2.700000047683716,50.22220715513866,,903d185fccf839df
1493660989648,49.400001525878906,-6.5,-2.700000047683716,49.89889886420907,,903d185fccf839df
1493660990568,54.5,-11.100000381469727,-0.800000011920929,55.624634891018985,,903d185fccf839df
1493660991648,52.79999923706055,-17,6.300000190734863,55.82588867354828,,903d185fccf839df
1493660992568,52.29999923706055,-17.399999618530273,14.699999809265137,57.0450700293061,,903d185fccf839df
1493660993709,49.20000076293945,-14.300000190734863,14.90000057220459,53.3585996066008,,903d185fccf839df
1493660994599,50.70000076293945,-13.600000381469727,18.30000114440918,55.59082696015825,,903d185fccf839df
1493660995020,52.79999923706055,-13.5,14.5,56.39450189291506,,903d185fccf839df
1493660996548,42.5,-14.40000057220459,15.40000057220459,47.44228108754931,,903d185fccf839df
1493660997548,46.60000228881836,-10.600000381469727,23.80000114440918,53.38876636944034,,903d185fccf839df
1493660998559,25.399999618530273,-13.5,29,40.84617452276934,,903d185fccf839df
1493660999494,43.400001525878906,-11.5,16.80000114440918,47.93798318592047,,903d185fccf839df
1493661000752,48.70000076293945,-15.90000057220459,18.700000762939453,54.5361369306925,,903d185fccf839df
1493661001549,40,-14,18,46.04345773288535,,903d185fccf839df
1493661002639,42.900001525878906,-19.30000114440918,6.599999904632568,47.502212633498715,,903d185fccf839df
1493661003560,45.29999923706055,-24.600000381469727,7.700000286102295,52.12043632453504,,903d185fccf839df
1493661004560,42.60000228881836,-17.30000114440918,5.700000286102295,46.33077049485813,,903d185fccf839df
1493661005660,42.10000228881836,-15,6.200000286102295,45.12039626035443,,903d185fccf839df
1493661006559,42.60000228881836,-17,7.5,46.475910468825134,,903d185fccf839df
1493661007548,40.900001525878906,-18.80000114440918,8.800000190734863,45.86600283504606,,903d185fccf839df
1493661008549,41,-19.80000114440918,7.200000286102295,46.09642115207845,,903d185fccf839df
1493661009562,42.10000228881836,-18.399999618530273,8.90000057220459,46.799360684975824,,903d185fccf839df
1493661010569,43.70000076293945,-18.30000114440918,13.699999809265137,49.31805040576113,,903d185fccf839df
1493661011569,42.20000076293945,-16.80000114440918,16.100000381469727,48.190145892420915,,903d185fccf839df
1493661012569,41.60000228881836,-16,19.30000114440918,48.57005488913507,,903d185fccf839df
1493661013660,43.29999923706055,-15.5,19.30000114440918,49.87614604044359,,903d185fccf839df
1493661014641,41.400001525878906,-11.800000190734863,17.600000381469727,46.50763483844993,,903d185fccf839df
1493661015640,42.29999923706055,-12,13.40000057220459,45.965747353976205,,903d185fccf839df
1493661016680,42.79999923706055,-8.699999809265137,15.199999809265137,46.24467487093467,,903d185fccf839df
1493661017613,44.10000228881836,-8.90000057220459,17.100000381469727,48.129306986908084,,903d185fccf839df
1493661018620,43.900001525878906,-10.90000057220459,16.700000762939453,48.21732168498819,,903d185fccf839df
1493661019691,43.79999923706055,-25.30000114440918,16.399999618530273,53.17414804914088,,903d185fccf839df
1493661020631,41.5,-20.80000114440918,16.700000762939453,49.333356462078,,903d185fccf839df
1493661021611,41,-15.5,11.5,45.3155602414888,,903d185fccf839df
1493661022631,41.400001525878906,-10.5,8.40000057220459,43.52895698067202,,903d185fccf839df
1493661023613,43.79999923706055,-9.600000381469727,8,45.547776510696536,,903d185fccf839df
1493661024593,44,-10,13.600000381469727,47.127062360324004,,903d185fccf839df
1493661025692,46.10000228881836,-13.90000057220459,14.90000057220459,50.40268084949854,,903d185fccf839df
1493661026641,47.29999923706055,-14.300000190734863,13.90000057220459,51.332154314117,,903d185fccf839df
1493661027705,44.900001525878906,-13.40000057220459,15,49.19929008281847,,903d185fccf839df
1493661028632,47,-11.300000190734863,12.699999809265137,49.97979587520881,,903d185fccf839df
1493661029641,49.400001525878906,-9.90000057220459,10.100000381469727,51.38462928690957,,903d185fccf839df
1493661030641,49.10000228881836,-13.5,7.599999904632568,51.486117556637616,,903d185fccf839df
1493661031432,45.70000076293945,-16.100000381469727,9.699999809265137,49.414471650974086,,903d185fccf839df
1493661034554,40.79999923706055,-15.699999809265137,13.100000381469727,45.63704524486265,,903d185fccf839df
1493661034701,41.900001525878906,-15.699999809265137,11,46.07711034403362,,903d185fccf839df
1493661035641,27,-14.300000190734863,28.600000381469727,41.850328881214544,,903d185fccf839df
1493661036672,32,-17.100000381469727,23.600000381469727,43.28244477423573,,903d185fccf839df
1493661037641,44.10000228881836,-19.200000762939453,16.30000114440918,50.785236321902495,,903d185fccf839df
1493661038653,29.30000114440918,-21.899999618530273,40.10000228881836,54.27808184209378,,903d185fccf839df
1493661039641,35.20000076293945,-22.200000762939453,15,44.23663714522125,,903d185fccf839df
1493661040742,48,-24.5,26.5,60.054142238483436,,903d185fccf839df
1493661041641,31.899999618530273,-15.5,28,45.186944855251745,,903d185fccf839df
1493661042713,37,-9.90000057220459,10.199999809265137,39.636473140931166,,903d185fccf839df
1493661043733,38.400001525878906,-13.199999809265137,20.100000381469727,45.30794696953008,,903d185fccf839df
1493661045353,42.400001525878906,-7.099999904632568,16.30000114440918,45.97673503678065,,903d185fccf839df
1493661045753,45.60000228881836,-5.900000095367432,12,47.52020737323403,,903d185fccf839df
1493661046722,49.29999923706055,-14.100000381469727,24,56.61536896507659,,903d185fccf839df
1493661047882,43.79999923706055,-12.100000381469727,17.399999618530273,48.658092074354975,,903d185fccf839df
1493661048681,47.400001525878906,-13.600000381469727,19.700000762939453,53.10188591260753,,903d185fccf839df
1493661049692,30.80000114440918,-12.800000190734863,37.79999923706055,50.41150714966361,,903d185fccf839df
1493661050822,35.70000076293945,-19.30000114440918,10.40000057220459,41.89439311967322,,903d185fccf839df
1493661051742,48.60000228881836,-17.700000762939453,15.199999809265137,53.9100198240249,,903d185fccf839df
1493661052742,38.60000228881836,-10.5,27.80000114440918,48.71396404490965,,903d185fccf839df
1493661053754,47.900001525878906,-10.800000190734863,18.700000762939453,52.54274637119787,,903d185fccf839df
1493661054713,37,-17,32.70000076293945,52.22346253421445,,903d185fccf839df
1493661056353,45.79999923706055,-10,17.700000762939453,50.109180113434554,,903d185fccf839df
1493661056743,44.900001525878906,-10.300000190734863,20.80000114440918,50.544437685755675,,903d185fccf839df
1493661057702,43.10000228881836,-13.800000190734863,26.30000114440918,52.34252855384574,,903d185fccf839df
1493661058735,43.5,-14.5,28.899999618530273,54.20064539225986,,903d185fccf839df
1493661059724,42.60000228881836,-14.40000057220459,25.200000762939453,51.54765085663837,,903d185fccf839df
1493661060702,45.60000228881836,-20.200000762939453,22.5,54.71425907827296,,903d185fccf839df
1493661061825,44.20000076293945,-35.20000076293945,23.200000762939453,61.08125821379639,,903d185fccf839df
1493661062702,46.20000076293945,-25.899999618530273,18.5,56.102586242574134,,903d185fccf839df
1493661063722,41.900001525878906,-17.100000381469727,13.600000381469727,47.2544190293125,,903d185fccf839df
1493661064674,41.79999923706055,-13.300000190734863,13.800000190734863,45.984453808493036,,903d185fccf839df
1493661065717,42.5,-10.600000381469727,7.099999904632568,44.37364091538081,,903d185fccf839df
1493661066661,41.79999923706055,-10.90000057220459,-5.200000286102295,43.50965416863979,,903d185fccf839df
1493661067682,40.400001525878906,-9.90000057220459,-6.400000095367432,42.084797360980545,,903d185fccf839df
1493661068702,36.70000076293945,-9.5,-11,39.47328228876385,,903d185fccf839df
1493661069734,20.100000381469727,-6.300000190734863,-14.699999809265137,25.686377879041682,,903d185fccf839df
1493661070682,9.40000057220459,-4,-14.40000057220459,17.65559469711759,,903d185fccf839df
1493661071576,11.800000190734863,-4.800000190734863,-13.699999809265137,18.70748496167533,,903d185fccf839df
1493661072734,10.699999809265137,-5.700000286102295,-11.300000190734863,16.573171150496293,,903d185fccf839df
1493661073264,6.800000190734863,-5.400000095367432,-7.599999904632568,11.539497465434131,,903d185fccf839df
1493661074694,6.800000190734863,-7.5,-10.199999809265137,14.371151483600736,,903d185fccf839df
1493661075714,5.599999904632568,-2.200000047683716,-7,9.230384545380048,,903d185fccf839df
1493661076714,1.2000000476837158,-0.6000000238418579,-7.800000190734863,7.914543830114956,,903d185fccf839df
1493661077676,8,-1.2000000476837158,-9.600000381469727,12.5538840093148,,903d185fccf839df
1493661078693,10.300000190734863,-2.799999952316284,-8.90000057220459,13.897482158898535,,903d185fccf839df
1493661079674,7.900000095367432,-4,-6.400000095367432,10.925658000623214,,903d185fccf839df
1493661080674,3.299999952316284,-4.300000190734863,1.2000000476837158,5.55157645406561,,903d185fccf839df
1493661081695,-0.800000011920929,-6.599999904632568,5.400000095367432,8.565045204705811,,903d185fccf839df
1493661082753,1.7000000476837158,-7.5,3.9000000953674316,8.622644669515582,,903d185fccf839df
1493661083714,7.200000286102295,-5.900000095367432,-7.099999904632568,11.707262924697142,,903d185fccf839df
1493661084703,10.90000057220459,-6.400000095367432,-9.90000057220459,16.055529436371064,,903d185fccf839df
1493661085694,9.100000381469727,-5.700000286102295,-4.400000095367432,11.604309866459385,,903d185fccf839df
1493661086703,13.800000190734863,-2.299999952316284,-6.300000190734863,15.343402648847665,,903d185fccf839df
1493661087723,24.100000381469727,-2.700000047683716,-6.700000286102295,25.159292541755416,,903d185fccf839df
1493661088703,3.6000001430511475,-4.400000095367432,-8.699999809265137,10.392785786986305,,903d185fccf839df
1493661089683,12.40000057220459,-24.30000114440918,15.300000190734863,31.278428231479854,,903d185fccf839df
1493661090375,28.80000114440918,-25.399999618530273,28.100000381469727,47.58371657413713,,903d185fccf839df
1493661091195,41.20000076293945,-9.90000057220459,13,44.32211720171079,,903d185fccf839df
1493661092703,44.20000076293945,-8.800000190734863,-3.5,45.20320803980447,,903d185fccf839df
1493661093817,28.100000381469727,-4.700000286102295,-12.199999809265137,30.992580479601017,,903d185fccf839df
1493661094694,15.300000190734863,-4.800000190734863,-7.599999904632568,17.745140485038156,,903d185fccf839df
1493661095715,6.200000286102295,-9.800000190734863,11.300000190734863,16.191664701269595,,903d185fccf839df
1493661096694,17.100000381469727,-27.899999618530273,-10.300000190734863,34.30612162244409,,903d185fccf839df
1493661097565,30.100000381469727,-18.700000762939453,-7.900000095367432,36.305785249351395,,903d185fccf839df
1493661098683,45.900001525878906,-19.600000381469727,-5,50.15944639104243,,903d185fccf839df
1493661099731,37.5,-15.90000057220459,-8.199999809265137,41.54876665655856,,903d185fccf839df
1493661100776,40.900001525878906,-22.5,-10.699999809265137,47.891023987046175,,903d185fccf839df
1493661101775,43.60000228881836,-34.20000076293945,0.30000001192092896,55.4138089263871,,903d185fccf839df
1493661103000,64.0999984741211,-43.20000076293945,-21.600000381469727,80.25963936309059,,903d185fccf839df
1493661103916,63.400001525878906,-45.20000076293945,-27.399999618530273,82.54308142132412,,903d185fccf839df
1493661104831,42.400001525878906,-40.400001525878906,-34,67.71942327047638,,903d185fccf839df
1493661105765,29.30000114440918,-44.60000228881836,-14.5,55.29828394732997,,903d185fccf839df
1493661106696,42.20000076293945,-53.70000076293945,-28.5,74.00527193002874,,903d185fccf839df
1493661107735,55,-51.10000228881836,-21.30000114440918,78.03781306875973,,903d185fccf839df
1493661108765,66.0999984741211,-47.60000228881836,-5.400000095367432,81.634124094024,,903d185fccf839df
1493661109466,54.70000076293945,-43.900001525878906,5.300000190734863,70.33768671884492,,903d185fccf839df
1493661110598,57.900001525878906,-49.79999923706055,-0.800000011920929,76.37466985432931,,903d185fccf839df
1493661111684,62.70000076293945,-58.400001525878906,8.600000381469727,86.11509800476405,,903d185fccf839df
1493661112715,74.4000015258789,-56.10000228881836,-5.400000095367432,93.33665174193568,,903d185fccf839df
1493661113835,60.10000228881836,-54.60000228881836,-27.600000381469727,85.76089096972976,,903d185fccf839df
1493661115144,43.20000076293945,-54,-24.30000114440918,73.29890970249298,,903d185fccf839df
1493661122095,81,-68.5999984741211,-3.799999952316284,106.21393486976125,,903d185fccf839df
1493661123100,78.20000457763672,-69.20000457763672,-21.899999618530273,106.69344559534954,,903d185fccf839df
1493661125301,48.5,-74.9000015258789,-13.199999809265137,90.20255120638565,,903d185fccf839df
1493661126450,71.4000015258789,-68.4000015258789,-16.700000762939453,100.27666988118891,,903d185fccf839df
1493661127632,84.0999984741211,-65.5999984741211,-8,106.95872771117722,,903d185fccf839df
1493661128383,69.5999984741211,-66.30000305175781,8.699999809265137,96.51704560578024,,903d185fccf839df
1493661129292,57,-64.20000457763672,12.600000381469727,86.77211899432689,,903d185fccf839df
1493661130292,69.5,-61.10000228881836,10.5,93.1327558116806,,903d185fccf839df
1493661131532,64.80000305175781,-44.400001525878906,-7.599999904632568,78.91869634685534,,903d185fccf839df
1493661132332,-10.199999809265137,50.10000228881836,34.10000228881836,61.45616671951193,,903d185fccf839df
1493661133295,-32.900001525878906,20.5,13.699999809265137,41.11386801837814,,903d185fccf839df
1493661134251,-22.30000114440918,4.5,14.100000381469727,26.76471654772161,,903d185fccf839df
1493661135261,-21.399999618530273,3.700000047683716,18.200000762939453,28.335313881111126,,903d185fccf839df
1493661136260,-24.30000114440918,-7.700000286102295,24.600000381469727,35.425133594376796,,903d185fccf839df
1493661137302,-15.100000381469727,-14.40000057220459,28.700000762939453,35.48323673386248,,903d185fccf839df
1493661138260,-8.90000057220459,-17.80000114440918,32,37.68355123352012,,903d185fccf839df
1493661139281,-9.5,-18.600000381469727,33.10000228881836,39.138473774465595,,903d185fccf839df
1493661140272,-10,-19.100000381469727,34.10000228881836,40.34377534069208,,903d185fccf839df
1493661141275,-11.699999809265137,-18.700000762939453,33.29999923706055,39.943333923531696,,903d185fccf839df
1493661142281,-13.199999809265137,-19,28.899999618530273,37.0195887493618,,903d185fccf839df
1493661143261,-14.300000190734863,-18.80000114440918,30.80000114440918,38.81456059439218,,903d185fccf839df
1493661144252,-14.199999809265137,-17.30000114440918,29.30000114440918,36.87031447820427,,903d185fccf839df
1493661145252,-13.800000190734863,-18.100000381469727,29.899999618530273,37.57738637852579,,903d185fccf839df
1493661146263,-13.800000190734863,-16.5,28.700000762939453,35.866140939860934,,903d185fccf839df
1493661147283,-13.40000057220459,-16.200000762939453,28.399999618530273,35.33496912882423,,903d185fccf839df
1493661148261,-15.100000381469727,-16.200000762939453,28.700000762939453,36.25107041455703,,903d185fccf839df
1493661148752,-15.199999809265137,-17.30000114440918,29.700000762939453,37.58217741435562,,903d185fccf839df
1493661148921,-15.199999809265137,-18.399999618530273,25.600000381469727,34.99942909865024,,903d185fccf839df
1493661148992,-15.199999809265137,-18.899999618530273,24.100000381469727,34.191519157530934,,903d185fccf839df
1493661149021,-15.199999809265137,-19.100000381469727,23.600000381469727,33.953056465286906,,903d185fccf839df
1493661149111,-14.90000057220459,-19,23,33.346814087190175,,903d185fccf839df
1493661149120,-14.90000057220459,-19,23.100000381469727,33.41586533597991,,903d185fccf839df
1493661149160,-14.90000057220459,-18.899999618530273,23,33.28993843822339,,903d185fccf839df
1493661149200,-14.800000190734863,-18.5,23.5,33.3697469056168,,903d185fccf839df
1493661149260,-15,-18.30000114440918,23.399999618530273,33.27837199630729,,903d185fccf839df
1493661149300,-15.199999809265137,-18,23.80000114440918,33.48850633818557,,903d185fccf839df
1493661149325,-15.300000190734863,-17.899999618530273,23.80000114440918,33.48044277212853,,903d185fccf839df
1493661149353,-15.5,-17.80000114440918,24.100000381469727,33.732773743261355,,903d185fccf839df
1493661149420,-16,-17.600000381469727,24.5,34.146888727461324,,903d185fccf839df
1493661149441,-16.200000762939453,-17.600000381469727,24.600000381469727,34.31268099266359,,903d185fccf839df
1493661149501,-16.600000381469727,-17.600000381469727,24.80000114440918,34.646212583581466,,903d185fccf839df
1493661149531,-16.80000114440918,-17.700000762939453,25,34.936085790082885,,903d185fccf839df
1493661149574,-17,-17.600000381469727,25.5,35.341335709981664,,903d185fccf839df
1493661149632,-17.5,-17.600000381469727,25.600000381469727,35.656276532363044,,903d185fccf839df
1493661149652,-17.600000381469727,-17.600000381469727,25.700000762939453,35.77722838343939,,903d185fccf839df
1493661149754,-17.899999618530273,-17.5,26.5,36.45421749461276,,903d185fccf839df
1493661149781,-18,-17.399999618530273,26.899999618530273,36.74738037737669,,903d185fccf839df
1493661149852,-18,-17.200000762939453,27.5,37.09568744282102,,903d185fccf839df
1493661149963,-17.899999618530273,-17.100000381469727,28.30000114440918,37.599335798524876,,903d185fccf839df
1493661150033,-17.899999618530273,-16.899999618530273,28.399999618530273,37.58430465040809,,903d185fccf839df
1493661150132,-18.100000381469727,-16.80000114440918,27.700000762939453,37.10983840171191,,903d185fccf839df
