timestamp, gyroscopeX, gyroscopeY, gyroscopeZ, UUID 
1493660587356,0.0511326938867569,-0.030892670154571533,-0.10439591854810715,,903d185fccf839df
1493660587458,-0.05752427875995636,-0.04261057823896408,-0.09480853378772736,,903d185fccf839df
1493660587544,0.08522115647792816,0.004261057823896408,-0.007456851191818714,,903d185fccf839df
1493660587676,-0.07563377916812897,0.04048004746437073,0.002130528911948204,,903d185fccf839df
1493660587718,0.0649811327457428,-0.03302319720387459,-0.023435818031430244,,903d185fccf839df
1493660587746,0.030892670154571533,-0.05006742849946022,-0.03834952041506767,,903d185fccf839df
1493660587813,0.058589544147253036,-0.002130528911948204,-0.05645901709794998,,903d185fccf839df
1493660587873,0.013848437927663326,0.012783173471689224,-0.012783173471689224,,903d185fccf839df
1493660587936,-0.003195793367922306,0.008522115647792816,-0.03941478580236435,,903d185fccf839df
1493660588008,0.1438107043504715,-0.008522115647792816,-0.07137271761894226,,903d185fccf839df
1493660588072,0.1022653877735138,0.011717909015715122,-0.06285060197114944,,903d185fccf839df
1493660588136,0.03515372797846794,-0.01065264455974102,0.07456851005554199,,903d185fccf839df
1493660588206,-0.04367584362626076,0.027696875855326653,-0.009587380103766918,,903d185fccf839df
1493660588257,0.026631612330675125,0.026631612330675125,0.02130528911948204,,903d185fccf839df
1493660588337,0.06924218684434891,0.058589544147253036,0.044741109013557434,,903d185fccf839df
1493660588376,0.03621899336576462,0.058589544147253036,0.037284255027770996,,903d185fccf839df
1493660588435,-0.06072007492184639,0.07243798673152924,-0.04687163606286049,,903d185fccf839df
1493660588504,-0.004261057823896408,0.01810949668288231,-0.05965480953454971,,903d185fccf839df
1493660588548,0.13635385036468506,-0.0649811327457428,-0.11824435740709305,,903d185fccf839df
1493660588614,-0.007456851191818714,-0.04048004746437073,-0.15659387409687042,,903d185fccf839df
1493660588643,-0.019174760207533836,-0.02556634694337845,-0.1065264493227005,,903d185fccf839df
1493660588707,0.004261057823896408,-0.09800432622432709,-0.08096009492874146,,903d185fccf839df
1493660588747,-0.07030745595693588,-0.04580637067556381,-0.09480853378772736,,903d185fccf839df
1493660588812,0.003195793367922306,-0.020240023732185364,-0.02876213937997818,,903d185fccf839df
1493660588834,-0.041545312851667404,-0.029827404767274857,-0.06072007492184639,,903d185fccf839df
1493660588883,0.07776430249214172,-0.20240025222301483,-0.0926780104637146,,903d185fccf839df
1493660588924,-0.1065264493227005,-0.11398329585790634,-0.0649811327457428,,903d185fccf839df
1493660588946,-0.1065264493227005,-0.08735168725252151,-0.08522115647792816,,903d185fccf839df
1493660589014,-0.05965480953454971,-0.1395496428012848,0.06924218684434891,,903d185fccf839df
1493660589044,-0.2684466540813446,-0.2514024078845978,-0.05006742849946022,,903d185fccf839df
1493660589116,-0.06285060197114944,-0.10972224175930023,-0.1853560209274292,,903d185fccf839df
1493660589147,-0.18322548270225525,-0.22050973773002625,-0.3110572099685669,,903d185fccf839df
1493660589195,0.012783173471689224,-0.05006742849946022,-0.3376888334751129,,903d185fccf839df
1493660589224,0.22477079927921295,-0.1810949593782425,-0.2034655064344406,,903d185fccf839df
1493660589244,0.3067961633205414,-0.28122982382774353,-0.14700649678707123,,903d185fccf839df
1493660589296,0.5187838077545166,-0.2790992856025696,-0.15233281254768372,,903d185fccf839df
1493660589337,0.5411543250083923,-0.2226402759552002,-0.03834952041506767,,903d185fccf839df
1493660589393,0.5528722405433655,-0.3579288721084595,-0.02556634694337845,,903d185fccf839df
1493660589427,0.37390783429145813,0.10013485699892044,0.04261057823896408,,903d185fccf839df
1493660589486,0.9225190281867981,-0.6317018270492554,0.3057309091091156,,903d185fccf839df
1493660589533,1.06846022605896,-0.8490157723426819,0.6178534030914307,,903d185fccf839df
1493660589556,0.889495849609375,-0.45593318343162537,0.8319715261459351,,903d185fccf839df
1493660589630,2.2690134048461914,-1.5456987619400024,1.4679343700408936,,903d185fccf839df
1493660589726,2.7963192462921143,-1.1281150579452515,2.2295985221862793,,903d185fccf839df
1493660589756,3.403519868850708,-2.4277377128601074,2.614158868789673,,903d185fccf839df
1493660589817,5.798234462738037,-2.9529130458831787,1.999501347541809,,903d185fccf839df
1493660589844,5.994243144989014,-2.603506326675415,1.7235978841781616,,903d185fccf839df
1493660589897,5.907956600189209,-4.054396629333496,0.9384979605674744,,903d185fccf839df
1493660589949,5.734318733215332,-4.8117995262146,0.7084008455276489,,903d185fccf839df
1493660590047,4.417651653289795,-3.7188382148742676,1.0972224473953247,,903d185fccf839df
1493660590112,5.158010482788086,-2.3776702880859375,1.6852483749389648,,903d185fccf839df
1493660590138,3.6591835021972656,-0.9097358584403992,1.0215885639190674,,903d185fccf839df
1493660590186,4.498611927032471,-0.9257147908210754,1.6682041883468628,,903d185fccf839df
1493660590226,0.020240023732185364,1.1046792268753052,0.5411543250083923,,903d185fccf839df
1493660590292,4.8767805099487305,1.5840482711791992,2.5023062229156494,,903d185fccf839df
1493660590364,1.7204021215438843,1.7150757312774658,-1.564873456954956,,903d185fccf839df
1493660590444,1.1334413290023804,-0.0884169489145279,0.4580637216567993,,903d185fccf839df
1493660590536,-0.10120012611150742,1.2708605527877808,-1.6905746459960938,,903d185fccf839df
1493660590604,-0.9406285285949707,-0.6434197425842285,-1.7747305631637573,,903d185fccf839df
1493660590637,-0.20666129887104034,0.5741775631904602,-0.35047200322151184,,903d185fccf839df
1493660590672,-0.047936901450157166,-0.48043426871299744,1.1451592445373535,,903d185fccf839df
1493660590716,2.8985846042633057,0.5667206645011902,1.6916399002075195,,903d185fccf839df
1493660590737,3.9531962871551514,2.9539783000946045,1.411475419998169,,903d185fccf839df
1493660590765,5.131378650665283,5.806756496429443,2.4032366275787354,,903d185fccf839df
1493660590796,4.654140472412109,3.841343641281128,3.8733015060424805,,903d185fccf839df
1493660590826,1.192030906677246,1.3646037578582764,3.3321471214294434,,903d185fccf839df
1493660590864,1.2080098390579224,-1.1227887868881226,0.012783173471689224,,903d185fccf839df
1493660590892,1.292165756225586,-0.9970875382423401,-0.014913702383637428,,903d185fccf839df
1493660590916,0.9917612075805664,-2.1177456378936768,1.249555230140686,,903d185fccf839df
1493660590952,-0.16937704384326935,-0.15020228922367096,-0.34621095657348633,,903d185fccf839df
1493660591003,-0.15020228922367096,1.1526161432266235,-0.18002969026565552,,903d185fccf839df
1493660591035,-0.13102753460407257,0.026631612330675125,-0.047936901450157166,,903d185fccf839df
1493660591074,-0.9342369437217712,-0.873516857624054,-0.017044231295585632,,903d185fccf839df
1493660591106,-0.9608685374259949,-0.4356931746006012,-0.08202536404132843,,903d185fccf839df
1493660591132,-0.5773733258247375,0.06604639440774918,-0.1906823366880417,,903d185fccf839df
1493660591165,0.03834952041506767,-0.11185276508331299,-0.31744879484176636,,903d185fccf839df
1493660591196,0.47510793805122375,-0.1853560209274292,-0.2173139452934265,,903d185fccf839df
1493660591223,0.434627890586853,0.13315805792808533,-0.15552860498428345,,903d185fccf839df
1493660591236,-0.11504855751991272,0.2599245309829712,-0.287621408700943,,903d185fccf839df
1493660591266,-1.415736436843872,0.7776430249214172,-0.36325517296791077,,903d185fccf839df
1493660591295,-1.3049489259719849,0.6860303282737732,0.08735168725252151,,903d185fccf839df
1493660591311,-0.9683253765106201,0.22370553016662598,0.15552860498428345,,903d185fccf839df
1493660591333,-0.5486112236976624,0.09800432622432709,0.3067961633205414,,903d185fccf839df
1493660591346,-0.23435817658901215,0.029827404767274857,0.3813646733760834,,903d185fccf839df
1493660591392,-0.20026971399784088,-1.0844391584396362,-0.17470337450504303,,903d185fccf839df
1493660591426,-0.31318774819374084,-0.8681905269622803,0.029827404767274857,,903d185fccf839df
1493660591463,-0.33555829524993896,-0.006391586735844612,0.21092236042022705,,903d185fccf839df
1493660591506,-0.14487597346305847,0.32170987129211426,0.022370554506778717,,903d185fccf839df
1493660591538,-0.22583606839179993,0.20133498311042786,-0.05326322466135025,,903d185fccf839df
1493660591572,-0.1619201898574829,0.24181503057479858,-0.020240023732185364,,903d185fccf839df
1493660591597,-0.08415589481592178,0.2087918370962143,-0.1438107043504715,,903d185fccf839df
1493660591623,-0.08735168725252151,0.09054747968912125,-0.2908172011375427,,903d185fccf839df
1493660591643,0.009587380103766918,-0.16937704384326935,-0.34621095657348633,,903d185fccf839df
1493660591703,0.5933523178100586,-0.36858150362968445,-0.18429075181484222,,903d185fccf839df
1493660591723,0.6199839115142822,-0.3057309091091156,-0.27483823895454407,,903d185fccf839df
1493660591743,0.5550028085708618,-0.2226402759552002,-0.42823630571365356,,903d185fccf839df
1493660591797,0.45167213678359985,0.3984089195728302,0.04048004746437073,,903d185fccf839df
1493660591819,0.3856257200241089,0.3813646733760834,0.030892670154571533,,903d185fccf839df
1493660591834,0.2822950780391693,0.15978966653347015,-0.08202536404132843,,903d185fccf839df
1493660591863,-0.3206445872783661,0.2865561246871948,-0.25779399275779724,,903d185fccf839df
1493660591884,-2.0090887546539307,2.295644998550415,-0.2918824553489685,,903d185fccf839df
1493660591907,-0.7020092606544495,0.9406285285949707,-0.07776430249214172,,903d185fccf839df
1493660591925,0.2407497614622116,-0.35899412631988525,-0.22370553016662598,,903d185fccf839df
1493660591946,0.26631611585617065,-1.0482202768325806,-0.41971418261528015,,903d185fccf839df
1493660591976,-0.5656554102897644,0.25779399275779724,0.24501082301139832,,903d185fccf839df
1493660592003,0.19174760580062866,-0.009587380103766918,0.4207794666290283,,903d185fccf839df
1493660592023,0.4175836741924286,-0.3099919557571411,0.2908172011375427,,903d185fccf839df
1493660592054,0.5613943934440613,-0.8341020941734314,0.052197959274053574,,903d185fccf839df
1493660592086,0.5326322317123413,-0.8767126202583313,0.003195793367922306,,903d185fccf839df
1493660592111,0.5763080716133118,-0.6849650740623474,0.13315805792808533,,903d185fccf839df
1493660592130,0.5848301649093628,-0.583764910697937,0.11398329585790634,,903d185fccf839df
1493660592148,0.44315001368522644,-0.5241101384162903,0.08202536404132843,,903d185fccf839df
1493660592196,-0.38242992758750916,-0.2641855776309967,-0.2641855776309967,,903d185fccf839df
1493660592237,-0.2972087860107422,-0.15126755833625793,-0.07776430249214172,,903d185fccf839df
1493660592284,-0.24501082301139832,0.1342233270406723,0.049002163112163544,,903d185fccf839df
1493660592326,-0.009587380103766918,0.15659387409687042,-0.03195793181657791,,903d185fccf839df
1493660592393,0.5038700699806213,1.9739350080490112,0.22050973773002625,,903d185fccf839df
1493660592465,-0.32597091794013977,0.29401299357414246,-0.009587380103766918,,903d185fccf839df
1493660592536,-0.08415589481592178,1.0546118021011353,-0.09161274135112762,,903d185fccf839df
1493660592587,0.05965480953454971,0.7499461770057678,0.2173139452934265,,903d185fccf839df
1493660592633,-0.34621095657348633,0.8277105093002319,-0.474042683839798,,903d185fccf839df
1493660592688,-0.3845604658126831,1.2186625003814697,0.10972224175930023,,903d185fccf839df
1493660592767,-0.9097358584403992,1.4444986581802368,-0.1438107043504715,,903d185fccf839df
1493660592836,-1.6064188480377197,1.4327807426452637,0.6519418358802795,,903d185fccf839df
1493660592897,0.6242449879646301,0.748880922794342,1.2474247217178345,,903d185fccf839df
1493660592952,1.9611518383026123,-0.14913702011108398,0.4772384762763977,,903d185fccf839df
1493660593025,0.5933523178100586,-1.4647386074066162,-0.6093312501907349,,903d185fccf839df
1493660593067,-0.32703620195388794,-0.8021441102027893,-0.1949433982372284,,903d185fccf839df
1493660593154,0.3526025414466858,0.4591289758682251,-0.2588592767715454,,903d185fccf839df
1493660593214,-0.23116238415241241,3.030677318572998,-0.3557983338832855,,903d185fccf839df
1493660593252,-0.9139968752861023,-2.380866050720215,-0.30253511667251587,,903d185fccf839df
1493660593326,0.49747851490974426,0.6295713186264038,0.4538026452064514,,903d185fccf839df
1493660593366,0.1022653877735138,0.2183792144060135,0.5571333169937134,,903d185fccf839df
1493660593426,-0.2460760921239853,1.0748518705368042,-0.33555829524993896,,903d185fccf839df
1493660593487,1.878061294555664,0.061785340309143066,0.29827404022216797,,903d185fccf839df
1493660593515,0.1672465205192566,-0.09054747968912125,-0.05326322466135025,,903d185fccf839df
1493660593568,0.07456851005554199,0.2322276532649994,0.09480853378772736,,903d185fccf839df
1493660593697,-0.5411543250083923,-1.0918960571289062,0.6604639887809753,,903d185fccf839df
1493660593777,0.05326322466135025,1.6905746459960938,0.46552056074142456,,903d185fccf839df
1493660593886,0.8990831971168518,0.5763080716133118,0.26631611585617065,,903d185fccf839df
1493660593963,0.03302319720387459,0.8937568664550781,0.09161274135112762,,903d185fccf839df
1493660594038,0.2886866629123688,0.4303668439388275,-0.20985709130764008,,903d185fccf839df
1493660594086,0.34514567255973816,0.6913566589355469,-0.27590349316596985,,903d185fccf839df
1493660594106,0.3344930410385132,0.38669100403785706,-0.2727077007293701,,903d185fccf839df
1493660594126,0.3004045784473419,0.001065264455974102,-0.3014698326587677,,903d185fccf839df
1493660594173,0.4580637216567993,-0.6775081753730774,-0.4857605993747711,,903d185fccf839df
1493660594196,0.436758428812027,-0.6050702333450317,-0.5432848930358887,,903d185fccf839df
1493660594216,0.30892670154571533,-0.5688512325286865,-0.6476807594299316,,903d185fccf839df
1493660594233,0.2514024078845978,-0.5773733258247375,-0.6998787522315979,,903d185fccf839df
1493660594276,0.23435817658901215,-0.6572681665420532,-0.5816344022750854,,903d185fccf839df
1493660594316,-0.4548679292201996,0.01065264455974102,-0.1257012039422989,,903d185fccf839df
1493660594343,-1.8919097185134888,-0.45273739099502563,0.17896443605422974,,903d185fccf839df
1493660594383,-2.1433119773864746,-1.3347764015197754,0.18322548270225525,,903d185fccf839df
1493660594396,-0.9608685374259949,-1.523328185081482,0.16511599719524384,,903d185fccf839df
1493660594415,-0.5635249018669128,-1.1568771600723267,0.19174760580062866,,903d185fccf839df
1493660594426,-0.34088462591171265,-0.9044095277786255,0.14274543523788452,,903d185fccf839df
1493660594446,-0.02876213937997818,-0.2183792144060135,0.21092236042022705,,903d185fccf839df
1493660594475,-0.0511326938867569,0.8532768487930298,0.35899412631988525,,903d185fccf839df
1493660594496,-0.03941478580236435,1.07591712474823,0.24181503057479858,,903d185fccf839df
1493660594512,-0.27057716250419617,0.8191883563995361,-0.11930961906909943,,903d185fccf839df
1493660594523,-0.2045307755470276,0.6412891745567322,-0.2833603322505951,,903d185fccf839df
1493660594543,0.28549087047576904,0.1576591432094574,-0.11398329585790634,,903d185fccf839df
1493660594556,0.3419498801231384,-0.004261057823896408,-0.02556634694337845,,903d185fccf839df
1493660594576,0.20133498311042786,0.21518342196941376,0.20985709130764008,,903d185fccf839df
1493660594603,0.17789916694164276,0.3515372574329376,0.40586575865745544,,903d185fccf839df
1493660594611,0.1672465205192566,0.3291667103767395,0.47510793805122375,,903d185fccf839df
1493660594616,0.1533980816602707,0.3206445872783661,0.5209143161773682,,903d185fccf839df
1493660594625,0.12357068061828613,0.3557983338832855,0.5816344022750854,,903d185fccf839df
1493660594643,0.06604639440774918,0.42504051327705383,0.6072007417678833,,903d185fccf839df
1493660594656,0.012783173471689224,0.48469531536102295,0.5773733258247375,,903d185fccf839df
1493660594676,-0.044741109013557434,0.6604639887809753,0.537958562374115,,903d185fccf839df
1493660594691,-0.061785340309143066,0.8277105093002319,0.4825648069381714,,903d185fccf839df
1493660594706,-0.09800432622432709,0.9470201134681702,0.4410194754600525,,903d185fccf839df
1493660594732,-0.05006742849946022,1.0333064794540405,0.30892670154571533,,903d185fccf839df
1493660594756,0.15659387409687042,0.9161274433135986,0.047936901450157166,,903d185fccf839df
1493660594812,0.22050973773002625,0.5795038938522339,-0.13315805792808533,,903d185fccf839df
1493660594824,0.12676647305488586,0.500674307346344,-0.03621899336576462,,903d185fccf839df
1493660594846,-0.08415589481592178,0.3515372574329376,0.24288029968738556,,903d185fccf839df
1493660594886,-0.36751624941825867,-0.026631612330675125,0.5880259871482849,,903d185fccf839df
1493660594912,-0.7531419992446899,-0.3664509654045105,0.6530070900917053,,903d185fccf839df
1493660594932,-0.2737729549407959,-1.0844391584396362,0.4026699662208557,,903d185fccf839df
1493660594954,0.15233281254768372,-0.9278453588485718,0.05432848632335663,,903d185fccf839df
1493660594997,0.4356931746006012,0.30786141753196716,-0.009587380103766918,,903d185fccf839df
1493660595026,0.5624596476554871,1.1899003982543945,0.02876213937997818,,903d185fccf839df
1493660595052,0.1768338978290558,0.6348975896835327,-0.2269013226032257,,903d185fccf839df
1493660595086,-0.11930961906909943,-0.08202536404132843,-0.38242992758750916,,903d185fccf839df
1493660595106,-0.32170987129211426,0.2790992856025696,-0.3153182864189148,,903d185fccf839df
1493660595126,-0.15552860498428345,0.3387540876865387,-0.19174760580062866,,903d185fccf839df
1493660595146,0.2183792144060135,0.22370553016662598,-0.09906959533691406,,903d185fccf839df
1493660595184,0.715857744216919,0.2087918370962143,-0.14168016612529755,,903d185fccf839df
1493660595212,0.906540036201477,0.1576591432094574,-0.3334277868270874,,903d185fccf839df
1493660595232,0.8468852639198303,0.07137271761894226,-0.5368933081626892,,903d185fccf839df
1493660595246,0.687095582485199,0.004261057823896408,-0.612527072429657,,903d185fccf839df
1493660595316,-0.7563377618789673,-0.3557983338832855,-0.22583606839179993,,903d185fccf839df
1493660595357,-0.7147924304008484,-0.770186185836792,0.12144014984369278,,903d185fccf839df
1493660595406,-0.7201187610626221,-0.6636597514152527,0.6412891745567322,,903d185fccf839df
1493660595426,-0.910801112651825,-0.8330367803573608,0.7084008455276489,,903d185fccf839df
1493660595452,0.29933932423591614,-0.6838997602462769,0.3334277868270874,,903d185fccf839df
1493660595486,-0.26631611585617065,0.7371630072593689,0.3067961633205414,,903d185fccf839df
1493660595512,-0.2684466540813446,1.0322412252426147,0.015978965908288956,,903d185fccf839df
1493660595534,-0.1853560209274292,0.9225190281867981,-0.3334277868270874,,903d185fccf839df
1493660595547,-0.02556634694337845,0.6668555736541748,-0.3099919557571411,,903d185fccf839df
1493660595628,0.5922870635986328,0.7765777707099915,0.3387540876865387,,903d185fccf839df
1493660595667,0.1949433982372284,0.5656554102897644,0.43356263637542725,,903d185fccf839df
1493660595751,-0.06604639440774918,0.426105797290802,0.03941478580236435,,903d185fccf839df
1493660595837,0.1949433982372284,0.05006742849946022,-0.07030745595693588,,903d185fccf839df
1493660595896,-0.4388889670372009,-0.2034655064344406,0.3526025414466858,,903d185fccf839df
1493660595937,-0.5283711552619934,-1.3869743347167969,0.11930961906909943,,903d185fccf839df
1493660595993,-0.16831178963184357,-0.05965480953454971,0.0884169489145279,,903d185fccf839df
1493660596059,0.5070658922195435,0.17257283627986908,-0.31212249398231506,,903d185fccf839df
1493660596107,0.35899412631988525,0.49854376912117004,-0.2460760921239853,,903d185fccf839df
1493660596132,0.30786141753196716,0.5432848930358887,-0.15872439742088318,,903d185fccf839df
1493660596173,0.2684466540813446,0.362189918756485,-0.16405072808265686,,903d185fccf839df
1493660596206,0.20666129887104034,0.46658584475517273,-0.2322276532649994,,903d185fccf839df
1493660596244,0.061785340309143066,0.2226402759552002,-0.46232476830482483,,903d185fccf839df
1493660596537,-0.3387540876865387,0.6732471585273743,-0.07243798673152924,,903d185fccf839df
1493660596613,0.09693906456232071,0.002130528911948204,0.052197959274053574,,903d185fccf839df
1493660596664,-0.13741911947727203,-0.24714136123657227,0.2780340313911438,,903d185fccf839df
1493660596757,0.06391586363315582,0.05752427875995636,0.09374327212572098,,903d185fccf839df
1493660596904,-0.35473304986953735,0.037284255027770996,0.612527072429657,,903d185fccf839df
1493660597038,0.3472762107849121,0.9171926975250244,0.0788295716047287,,903d185fccf839df
1493660597143,0.21411815285682678,-0.2173139452934265,-0.3153182864189148,,903d185fccf839df
1493660597218,0.5507417321205139,0.022370554506778717,-0.4687163531780243,,903d185fccf839df
1493660597264,0.3440804183483124,-0.23755396902561188,-0.6359629034996033,,903d185fccf839df
1493660597364,-0.7733820080757141,-0.4410194754600525,0.4229099750518799,,903d185fccf839df
1493660597467,0.06924218684434891,0.5486112236976624,-0.023435818031430244,,903d185fccf839df
1493660597868,-0.5507417321205139,-0.4644553065299988,0.6679208278656006,,903d185fccf839df
1493660598086,0.3664509654045105,0.006391586735844612,-0.19600865244865417,,903d185fccf839df
1493660598136,0.362189918756485,0.020240023732185364,-0.2929477393627167,,903d185fccf839df
1493660598172,0.3291667103767395,0.08735168725252151,-0.5305017232894897,,903d185fccf839df
1493660598197,0.3004045784473419,0.1576591432094574,-0.6135923266410828,,903d185fccf839df
1493660598218,0.23542344570159912,0.1342233270406723,-0.6050702333450317,,903d185fccf839df
1493660598237,0.047936901450157166,-0.055393751710653305,-0.471912145614624,,903d185fccf839df
1493660598284,-0.5518069863319397,-0.6402239203453064,-0.04048004746437073,,903d185fccf839df
1493660598316,-0.6519418358802795,-0.6050702333450317,0.06072007492184639,,903d185fccf839df
1493660598344,-0.38242992758750916,-0.5624596476554871,-0.11078750342130661,,903d185fccf839df
1493660598392,-0.17789916694164276,0.362189918756485,-0.324905663728714,,903d185fccf839df
1493660598406,-0.12783172726631165,0.5305017232894897,-0.2652508616447449,,903d185fccf839df
1493660598426,0.012783173471689224,0.4591289758682251,-0.20240025222301483,,903d185fccf839df
1493660598446,0.15659387409687042,0.17470337450504303,-0.18748654425144196,,903d185fccf839df
1493660598486,0.28442561626434326,-0.42504051327705383,-0.4399542212486267,,903d185fccf839df
1493660598513,0.3664509654045105,-0.30892670154571533,-0.43249738216400146,,903d185fccf839df
1493660598526,0.36858150362968445,-0.2364887148141861,-0.42930158972740173,,903d185fccf839df
1493660598554,0.399474173784256,-0.14061491191387177,-0.37710362672805786,,903d185fccf839df
1493660598586,0.32703620195388794,-0.20666129887104034,-0.260989785194397,,903d185fccf839df
1493660598606,0.2908172011375427,-0.23861923813819885,-0.22050973773002625,,903d185fccf839df
1493660598644,0.18748654425144196,-0.27164244651794434,-0.15978966653347015,,903d185fccf839df
1493660598692,0.0926780104637146,-0.30360037088394165,-0.013848437927663326,,903d185fccf839df
1493660598726,0.014913702383637428,-0.12250541150569916,0.2865561246871948,,903d185fccf839df
1493660598756,-0.13315805792808533,0.03834952041506767,0.6306365728378296,,903d185fccf839df
1493660598805,-0.3653857111930847,-0.049002163112163544,0.9693906307220459,,903d185fccf839df
1493660598845,-0.15446335077285767,-0.35473304986953735,0.6508765816688538,,903d185fccf839df
1493660598938,0.05645901709794998,0.7574030160903931,0.2045307755470276,,903d185fccf839df
1493660599288,-0.8213189244270325,-0.16085493564605713,-0.07669904083013535,,903d185fccf839df
1493660599715,0.04048004746437073,0.052197959274053574,-0.16937704384326935,,903d185fccf839df
1493660599893,0.05006742849946022,-0.29827404022216797,0.3206445872783661,,903d185fccf839df
1493660599990,-0.20666129887104034,0.3984089195728302,0.2908172011375427,,903d185fccf839df
1493660600073,0.21518342196941376,0.16937704384326935,0.06711166352033615,,903d185fccf839df
1493660600208,0.1257012039422989,0.8287757635116577,-0.11185276508331299,,903d185fccf839df
1493660600305,-0.029827404767274857,0.14594122767448425,0.049002163112163544,,903d185fccf839df
1493660600379,-0.46125951409339905,-0.07350324839353561,0.3281014561653137,,903d185fccf839df
1493660600504,0.30892670154571533,0.4953479766845703,0.10013485699892044,,903d185fccf839df
1493660600687,-0.026631612330675125,0.00532632227987051,0.22050973773002625,,903d185fccf839df
1493660600744,-0.16298545897006989,0.21944448351860046,0.45167213678359985,,903d185fccf839df
1493660600897,0.1203748807311058,0.38775625824928284,0.5805691480636597,,903d185fccf839df
1493660600960,-0.8010788559913635,-0.35899412631988525,0.5699164867401123,,903d185fccf839df
1493660602151,-0.07989483326673508,0.10865697264671326,0.11398329585790634,,903d185fccf839df
1493660602359,0.24181503057479858,0.33023199439048767,-0.0788295716047287,,903d185fccf839df
1493660602748,-0.2087918370962143,-1.5659387111663818,-0.3664509654045105,,903d185fccf839df
1493660602908,0.03302319720387459,-0.3930825889110565,-0.19813919067382812,,903d185fccf839df
1493660603034,-0.05432848632335663,0.001065264455974102,0.23329292237758636,,903d185fccf839df
1493660603124,-0.4548679292201996,-0.6657902598381042,0.3834952116012573,,903d185fccf839df
1493660603218,-0.001065264455974102,0.20133498311042786,0.002130528911948204,,903d185fccf839df
1493660603333,-0.21411815285682678,0.25779399275779724,-0.14061491191387177,,903d185fccf839df
1493660603447,0.09054747968912125,0.037284255027770996,-0.4953479766845703,,903d185fccf839df
1493660603779,0.06924218684434891,-0.8309062719345093,-0.3707120418548584,,903d185fccf839df
1493660604184,-1.1930961608886719,-1.7374463081359863,0.08309062570333481,,903d185fccf839df
1493660605133,1.435976505279541,0.6785734295845032,-1.2559467554092407,,903d185fccf839df
1493660606133,0.3099919557571411,0.9672601222991943,-0.6625944972038269,,903d185fccf839df
1493660607145,1.0588728189468384,-1.3880395889282227,-0.15446335077285767,,903d185fccf839df
1493660608138,0.5528722405433655,-0.32277512550354004,0.08522115647792816,,903d185fccf839df
1493660609133,0.1257012039422989,-0.7030745148658752,0.30892670154571533,,903d185fccf839df
1493660610127,-1.0482202768325806,-2.6642262935638428,0.18429075181484222,,903d185fccf839df
1493660611147,-0.844754695892334,0.5731122493743896,1.0130665302276611,,903d185fccf839df
1493660612147,-1.5627429485321045,-5.703425884246826,-0.9161274433135986,,903d185fccf839df
1493660613116,-0.15020228922367096,-0.9928264617919922,0.09161274135112762,,903d185fccf839df
1493660614151,0.3153182864189148,-5.628857612609863,0.537958562374115,,903d185fccf839df
1493660615134,0.17257283627986908,0.08735168725252151,0.009587380103766918,,903d185fccf839df
1493660616137,1.5084145069122314,-0.14061491191387177,-0.13848437368869781,,903d185fccf839df
1493660617127,0.19600865244865417,0.6263754963874817,-0.4303668439388275,,903d185fccf839df
1493660618138,-0.7627293467521667,-0.28975194692611694,0.28442561626434326,,903d185fccf839df
1493660619154,-0.23861923813819885,0.04367584362626076,0.1810949593782425,,903d185fccf839df
1493660620517,-0.002130528911948204,0.13209278881549835,-0.5145227313041687,,903d185fccf839df
1493660621168,0.08415589481592178,0.3856257200241089,0.6348975896835327,,903d185fccf839df
1493660623354,-0.19600865244865417,0.24181503057479858,0.2695119082927704,,903d185fccf839df
1493660624124,0.23755396902561188,0.4495415985584259,-0.4111920893192291,,903d185fccf839df
1493660625118,-0.28016453981399536,-1.1515508890151978,0.041545312851667404,,903d185fccf839df
1493660626128,-0.3888215124607086,-0.7499461770057678,0.32277512550354004,,903d185fccf839df
1493660627134,-0.03302319720387459,1.237837314605713,0.7680556774139404,,903d185fccf839df
1493660628128,0.5326322317123413,-1.1345067024230957,0.1906823366880417,,903d185fccf839df
1493660629150,0.10333064943552017,-1.242098331451416,-0.06072007492184639,,903d185fccf839df
1493660630149,-0.04580637067556381,0.43249738216400146,-0.36432045698165894,,903d185fccf839df
1493660631138,-0.12676647305488586,1.0418286323547363,-0.4356931746006012,,903d185fccf839df
1493660632146,0.7052050828933716,0.30466562509536743,-0.1533980816602707,,903d185fccf839df
1493660633138,0.6135923266410828,-0.649811327457428,-0.11504855751991272,,903d185fccf839df
1493660634139,0.19813919067382812,-0.5741775631904602,-0.1257012039422989,,903d185fccf839df
1493660635150,-0.2972087860107422,0.32170987129211426,0.01810949668288231,,903d185fccf839df
1493660636149,-0.7147924304008484,0.8809736967086792,0.3281014561653137,,903d185fccf839df
1493660637139,0.4868258535861969,0.24501082301139832,0.07137271761894226,,903d185fccf839df
1493660638146,0.1022653877735138,0.3376888334751129,0.5294364094734192,,903d185fccf839df
1493660639148,-0.4964132308959961,-0.2833603322505951,-0.3004045784473419,,903d185fccf839df
1493660640148,0.11291803419589996,1.6927052736282349,-0.6412891745567322,,903d185fccf839df
1493660641139,-0.27057716250419617,0.03515372797846794,-0.24501082301139832,,903d185fccf839df
1493660642139,-0.18322548270225525,-1.3432984352111816,0.013848437927663326,,903d185fccf839df
1493660643140,-0.72437983751297,-2.058090925216675,0.015978965908288956,,903d185fccf839df
1493660644159,0.1161138266324997,-0.45167213678359985,0.7233145833015442,,903d185fccf839df
1493660645155,0.7574030160903931,-1.4146711826324463,0.21411815285682678,,903d185fccf839df
1493660646138,0.2226402759552002,-1.0492855310440063,0.34514567255973816,,903d185fccf839df
1493660647140,-0.4687163531780243,0.7318366765975952,-0.2173139452934265,,903d185fccf839df
1493660648220,0.8724516034126282,-1.2697951793670654,0.1395496428012848,,903d185fccf839df
1493660649139,0.14700649678707123,1.5680692195892334,-0.06391586363315582,,903d185fccf839df
1493660650138,0.5965480804443359,-0.4303668439388275,0.28442561626434326,,903d185fccf839df
1493660651139,0.7275756001472473,-0.9800432920455933,-0.3067961633205414,,903d185fccf839df
1493660652139,-0.030892670154571533,-0.12250541150569916,-0.2886866629123688,,903d185fccf839df
1493660655237,0.05326322466135025,0.6636597514152527,-0.3472762107849121,,903d185fccf839df
1493660655993,-0.09054747968912125,0.786165177822113,0.17789916694164276,,903d185fccf839df
1493660657018,-1.4263890981674194,-1.117462396621704,0.5102616548538208,,903d185fccf839df
1493660658015,-0.9598032832145691,-0.05645901709794998,0.5155879855155945,,903d185fccf839df
1493660658993,-0.1906823366880417,0.15659387409687042,0.2545982003211975,,903d185fccf839df
1493660659994,-0.15872439742088318,0.4580637216567993,-0.30466562509536743,,903d185fccf839df
1493660660993,-0.16085493564605713,0.27057716250419617,-0.46658584475517273,,903d185fccf839df
1493660662008,-0.5060006380081177,-3.200054407119751,-0.3238403797149658,,903d185fccf839df
1493660663085,-0.5890912413597107,-2.340385913848877,0.013848437927663326,,903d185fccf839df
1493660664069,-0.5912217497825623,-1.8311896324157715,0.011717909015715122,,903d185fccf839df
1493660664991,0.9001484513282776,-0.22903186082839966,0.8330367803573608,,903d185fccf839df
1493660666005,0.34088462591171265,-1.1526161432266235,0.6732471585273743,,903d185fccf839df
1493660666998,-0.1065264493227005,-0.07456851005554199,0.4729774296283722,,903d185fccf839df
1493660667994,0.29933932423591614,1.8066885471343994,-0.2087918370962143,,903d185fccf839df
1493660669018,0.6988134980201721,1.751294732093811,-0.26631611585617065,,903d185fccf839df
1493660670148,0.7147924304008484,1.7449032068252563,-0.5262406468391418,,903d185fccf839df
1493660671019,0.3536677956581116,0.9747169613838196,0.31212249398231506,,903d185fccf839df
1493660671999,-0.15020228922367096,0.8096010088920593,-0.4388889670372009,,903d185fccf839df
1493660673056,0.7062703371047974,-2.4128239154815674,-0.4175836741924286,,903d185fccf839df
1493660674009,-0.28122982382774353,-0.9459548592567444,0.4399542212486267,,903d185fccf839df
1493660675092,-0.19813919067382812,-1.1526161432266235,0.18002969026565552,,903d185fccf839df
1493660676005,0.7797735929489136,1.7012273073196411,-0.40053942799568176,,903d185fccf839df
1493660677008,0.061785340309143066,1.229315161705017,0.2556634545326233,,903d185fccf839df
1493660677978,0.02876213937997818,0.649811327457428,0.35473304986953735,,903d185fccf839df
1493660679049,0.24820661544799805,0.869255781173706,0.3195793330669403,,903d185fccf839df
1493660680015,-0.5049353241920471,-0.43782368302345276,-0.39201730489730835,,903d185fccf839df
1493660680998,-0.12463594228029251,-1.2889699935913086,0.3984089195728302,,903d185fccf839df
1493660682027,0.3014698326587677,1.311340570449829,-0.09800432622432709,,903d185fccf839df
1493660683007,0.6615292429924011,0.8138620257377625,-0.18322548270225525,,903d185fccf839df
1493660684000,-0.09161274135112762,-0.10759171098470688,0.5997439026832581,,903d185fccf839df
1493660685012,-0.32703620195388794,-0.1065264493227005,-0.40160471200942993,,903d185fccf839df
1493660685999,-0.7840346097946167,-0.34940674901008606,0.09693906456232071,,903d185fccf839df
1493660687075,0.46232476830482483,1.3624732494354248,-0.8287757635116577,,903d185fccf839df
1493660687994,0.36964675784111023,1.0375676155090332,-0.12783172726631165,,903d185fccf839df
1493660688999,0.7318366765975952,0.4356931746006012,-0.07989483326673508,,903d185fccf839df
1493660689999,0.3898867964744568,-0.7233145833015442,-0.36751624941825867,,903d185fccf839df
1493660690999,-0.15978966653347015,0.6892260909080505,0.011717909015715122,,903d185fccf839df
1493660692092,-0.2183792144060135,0.45273739099502563,0.3344930410385132,,903d185fccf839df
1493660693096,-0.35899412631988525,0.6317018270492554,0.05645901709794998,,903d185fccf839df
1493660694100,-0.5635249018669128,-0.6796387434005737,-0.2034655064344406,,903d185fccf839df
1493660695029,-0.05006742849946022,-0.26205506920814514,0.5400890707969666,,903d185fccf839df
1493660695997,-0.5305017232894897,-0.19813919067382812,-0.2173139452934265,,903d185fccf839df
1493660696996,-0.09374327212572098,1.4274543523788452,-0.6732471585273743,,903d185fccf839df
1493660697990,-0.3004045784473419,0.7936220169067383,-0.5635249018669128,,903d185fccf839df
1493660698996,-0.1533980816602707,-0.2226402759552002,-0.4026699662208557,,903d185fccf839df
1493660700047,-0.2865561246871948,-1.870604395866394,-0.17896443605422974,,903d185fccf839df
1493660701018,-0.41012680530548096,-1.5297197103500366,-0.20240025222301483,,903d185fccf839df
1493660701978,-0.7648598551750183,-2.5427863597869873,0.17896443605422974,,903d185fccf839df
1493660702994,-0.3472762107849121,-3.0125679969787598,-0.18429075181484222,,903d185fccf839df
1493660703989,-0.33236250281333923,-0.2737729549407959,0.6540724039077759,,903d185fccf839df
1493660705047,-0.6221144199371338,-0.6913566589355469,0.6530070900917053,,903d185fccf839df
1493660705974,0.4857605993747711,-0.8394283652305603,0.3792341351509094,,903d185fccf839df
1493660707019,0.9257147908210754,-0.47084689140319824,0.4207794666290283,,903d185fccf839df
1493660707989,0.0788295716047287,-1.4146711826324463,0.6934871673583984,,903d185fccf839df
1493660708999,-0.34940674901008606,0.6018744111061096,0.40480050444602966,,903d185fccf839df
1493660710009,-0.3195793330669403,1.2879047393798828,-0.3707120418548584,,903d185fccf839df
1493660711000,-0.06817692518234253,0.7968178391456604,-0.5507417321205139,,903d185fccf839df
1493660711999,0.7275756001472473,1.4189321994781494,-0.03621899336576462,,903d185fccf839df
1493660713002,0.7233145833015442,1.3262542486190796,0.29933932423591614,,903d185fccf839df
1493660714098,0.49002164602279663,1.7566211223602295,0.020240023732185364,,903d185fccf839df
1493660715000,0.31318774819374084,-0.14700649678707123,-0.20026971399784088,,903d185fccf839df
1493660715989,-0.18002969026565552,0.6796387434005737,-0.14594122767448425,,903d185fccf839df
1493660717009,-0.5251753926277161,-0.2226402759552002,0.21198762953281403,,903d185fccf839df
1493660717999,-0.7797735929489136,0.4122573435306549,0.20240025222301483,,903d185fccf839df
1493660718995,-0.008522115647792816,0.6008091568946838,0.19174760580062866,,903d185fccf839df
1493660719989,0.20133498311042786,0.2780340313911438,0.29401299357414246,,903d185fccf839df
1493660721013,-0.5283711552619934,-0.019174760207533836,0.2737729549407959,,903d185fccf839df
1493660721990,0,-0.3749730885028839,-0.39521312713623047,,903d185fccf839df
1493660722989,-0.14061491191387177,2.135855197906494,-0.612527072429657,,903d185fccf839df
1493660724104,-0.7137271761894226,-0.42504051327705383,0.5422195792198181,,903d185fccf839df
1493660725060,-0.6306365728378296,1.8492990732192993,-0.7073355913162231,,903d185fccf839df
1493660725996,-0.1438107043504715,-1.945172905921936,-0.04580637067556381,,903d185fccf839df
1493660727050,0.12144014984369278,-2.455434560775757,0.12250541150569916,,903d185fccf839df
1493660728319,-0.5869607329368591,0.22903186082839966,0.026631612330675125,,903d185fccf839df
1493660729090,0.052197959274053574,-2.995523691177368,0.1533980816602707,,903d185fccf839df
1493660729999,0.22796659171581268,0.4601942300796509,0.6231797337532043,,903d185fccf839df
1493660731033,-0.04367584362626076,-0.3110572099685669,0.5645901560783386,,903d185fccf839df
1493660731990,-0.5784385800361633,-0.5496764779090881,-0.7009440064430237,,903d185fccf839df
1493660733050,-0.25246766209602356,-0.6636597514152527,-1.0940265655517578,,903d185fccf839df
1493660734000,-0.041545312851667404,0.06391586363315582,-0.10972224175930023,,903d185fccf839df
1493660735000,0.14061491191387177,0.5262406468391418,-0.2822950780391693,,903d185fccf839df
1493660736036,-0.2045307755470276,0.32277512550354004,-0.11291803419589996,,903d185fccf839df
1493660737133,-1.0940265655517578,0.8639294505119324,0.6199839115142822,,903d185fccf839df
1493660737797,-0.15978966653347015,1.1142666339874268,-0.49321743845939636,,903d185fccf839df
1493660738988,-0.1161138266324997,0.0788295716047287,-0.5241101384162903,,903d185fccf839df
1493660740000,0.044741109013557434,2.2530343532562256,-0.4772384762763977,,903d185fccf839df
1493660741007,-0.2183792144060135,1.150485634803772,-1.2346415519714355,,903d185fccf839df
1493660741996,-0.055393751710653305,0.21944448351860046,-0.3856257200241089,,903d185fccf839df
1493660743043,0.2034655064344406,0.23435817658901215,-0.4175836741924286,,903d185fccf839df
1493660744004,0.3749730885028839,0.37816888093948364,-0.39521312713623047,,903d185fccf839df
1493660744991,-0.14061491191387177,-2.3222765922546387,-0.030892670154571533,,903d185fccf839df
1493660746024,-0.04580637067556381,-2.756904363632202,-0.08415589481592178,,903d185fccf839df
1493660747000,-0.4676510989665985,-2.260491132736206,0.11717908829450607,,903d185fccf839df
1493660747184,-0.5273059010505676,-2.6301379203796387,0.2183792144060135,,903d185fccf839df
1493660748174,-0.3760383427143097,1.0950918197631836,0.9161274433135986,,903d185fccf839df
1493660749154,0.04261057823896408,1.4402375221252441,0.5177185535430908,,903d185fccf839df
1493660750210,-0.2514024078845978,1.497761845588684,0.34621095657348633,,903d185fccf839df
1493660751174,0.1757686287164688,-1.06846022605896,-0.5656554102897644,,903d185fccf839df
1493660752174,-0.6093312501907349,2.5353293418884277,-0.4687163531780243,,903d185fccf839df
1493660753169,0.4410194754600525,2.0559604167938232,0.09906959533691406,,903d185fccf839df
1493660754173,0.19174760580062866,1.0290454626083374,0.29507824778556824,,903d185fccf839df
1493660755175,0.3984089195728302,1.460477590560913,0.3611246645450592,,903d185fccf839df
1493660756267,0.6913566589355469,0.5880259871482849,-0.3984089195728302,,903d185fccf839df
1493660757213,0.43249738216400146,0.4687163531780243,0.972586452960968,,903d185fccf839df
1493660757765,-0.1619201898574829,-1.7353157997131348,-0.24394555389881134,,903d185fccf839df
1493660759171,-0.35899412631988525,0.7009440064430237,0.1906823366880417,,903d185fccf839df
1493660760266,0.5411543250083923,-0.17044231295585632,0.1853560209274292,,903d185fccf839df
1493660761181,-0.8351673483848572,1.292165756225586,0.4303668439388275,,903d185fccf839df
1493660762184,-0.5251753926277161,1.2942962646484375,0.21944448351860046,,903d185fccf839df
1493660763297,-0.37710362672805786,1.2303804159164429,0.13102753460407257,,903d185fccf839df
1493660764174,-0.5699164867401123,-0.7765777707099915,-0.3291667103767395,,903d185fccf839df
1493660765185,-0.6178534030914307,-0.3153182864189148,-0.3802994191646576,,903d185fccf839df
1493660766787,-0.6189186573028564,-1.3070794343948364,0.24501082301139832,,903d185fccf839df
1493660767780,-0.44208475947380066,-0.3099919557571411,0.10013485699892044,,903d185fccf839df
1493660768838,0.0511326938867569,1.3646037578582764,0.15872439742088318,,903d185fccf839df
1493660769763,-0.17896443605422974,-0.47936901450157166,0.001065264455974102,,903d185fccf839df
1493660770832,-0.17789916694164276,-1.1526161432266235,-0.14168016612529755,,903d185fccf839df
1493660771711,-0.4303668439388275,-1.8482338190078735,-0.002130528911948204,,903d185fccf839df
1493660772760,0.3291667103767395,1.105744481086731,-0.46552056074142456,,903d185fccf839df
1493660773761,0.2737729549407959,0.2908172011375427,-0.4303668439388275,,903d185fccf839df
1493660774760,0.24927188456058502,0.8458199501037598,-0.24714136123657227,,903d185fccf839df
1493660775760,1.0780476331710815,1.8674086332321167,-0.39201730489730835,,903d185fccf839df
1493660776760,2.1497037410736084,0.926780104637146,-0.7478156685829163,,903d185fccf839df
1493660777763,0.8713863492012024,1.0460896492004395,0.9576727747917175,,903d185fccf839df
1493660778775,-0.4591289758682251,-0.36751624941825867,-0.5581985712051392,,903d185fccf839df
1493660779769,-0.08522115647792816,-2.115615129470825,0.29507824778556824,,903d185fccf839df
1493660780760,-0.5709817409515381,-1.560612440109253,0.250337153673172,,903d185fccf839df
1493660781753,-0.11824435740709305,0.5113269090652466,-0.16618125140666962,,903d185fccf839df
1493660782766,0.2695119082927704,0.4442152678966522,-0.3845604658126831,,903d185fccf839df
1493660784057,-0.0511326938867569,0.8639294505119324,0.16831178963184357,,903d185fccf839df
1493660785158,0.020240023732185364,0.3568635880947113,0.5667206645011902,,903d185fccf839df
1493660786065,-0.5294364094734192,-0.8298410177230835,-0.4410194754600525,,903d185fccf839df
1493660787295,-0.213052898645401,-0.4548679292201996,-0.06604639440774918,,903d185fccf839df
1493660788084,0.2173139452934265,-0.41864892840385437,-0.04687163606286049,,903d185fccf839df
1493660789125,-0.3430151641368866,0.9608685374259949,-0.583764910697937,,903d185fccf839df
1493660790361,0.770186185836792,1.1611382961273193,0.24394555389881134,,903d185fccf839df
1493660791175,-0.8703210353851318,1.7502294778823853,-0.7882956862449646,,903d185fccf839df
1493660792073,-1.5137407779693604,-2.106027841567993,0.5358279943466187,,903d185fccf839df
1493660793073,0.28122982382774353,2.827211856842041,0.8383631110191345,,903d185fccf839df
1493660794069,0.8223841786384583,-1.9664782285690308,0.14913702011108398,,903d185fccf839df
1493660795350,-1.274056315422058,-3.2863409519195557,0.19707392156124115,,903d185fccf839df
1493660796178,-0.9736517071723938,1.6756609678268433,-0.17789916694164276,,903d185fccf839df
1493660797109,0.42823630571365356,1.1483551263809204,0.7307714223861694,,903d185fccf839df
1493660798104,1.1824434995651245,-0.11824435740709305,-0.23542344570159912,,903d185fccf839df
1493660799053,0.11930961906909943,1.217597246170044,0.16831178963184357,,903d185fccf839df
1493660800052,-0.32277512550354004,1.7971011400222778,0.3536677956581116,,903d185fccf839df
1493660801053,-0.41438788175582886,1.1313108205795288,0.49854376912117004,,903d185fccf839df
1493660802069,0.4825648069381714,0.9022790193557739,0.43356263637542725,,903d185fccf839df
1493660803059,-0.7755125164985657,-0.5954828262329102,0.2556634545326233,,903d185fccf839df
1493660804186,-0.12889699637889862,-0.6231797337532043,0.19600865244865417,,903d185fccf839df
1493660805079,-0.044741109013557434,0.017044231295585632,-0.27696874737739563,,903d185fccf839df
1493660806156,-0.1022653877735138,1.0940265655517578,-0.34621095657348633,,903d185fccf839df
1493660807110,-0.42930158972740173,1.7875137329101562,-0.6082659959793091,,903d185fccf839df
1493660808062,0.03195793181657791,-0.6412891745567322,-0.6231797337532043,,903d185fccf839df
1493660809083,-0.19600865244865417,0.03515372797846794,-0.4761732220649719,,903d185fccf839df
1493660810174,-0.25672873854637146,1.3507553339004517,-0.5826996564865112,,903d185fccf839df
1493660811073,-0.2780340313911438,-1.9494339227676392,0.07243798673152924,,903d185fccf839df
1493660811930,0.836232602596283,-0.41971418261528015,0.18002969026565552,,903d185fccf839df
1493660813068,-0.6572681665420532,-1.1153318881988525,0.36325517296791077,,903d185fccf839df
1493660814062,-0.017044231295585632,1.1472898721694946,0.7542072534561157,,903d185fccf839df
1493660815210,0.5592638254165649,-0.41864892840385437,0.12889699637889862,,903d185fccf839df
1493660816069,-0.01810949668288231,-0.5443501472473145,0.2684466540813446,,903d185fccf839df
1493660817079,-0.6593986749649048,0.6157228350639343,-0.5294364094734192,,903d185fccf839df
1493660818183,-0.7755125164985657,0.5550028085708618,-0.324905663728714,,903d185fccf839df
1493660819094,0.15659387409687042,0.6242449879646301,-0.36432045698165894,,903d185fccf839df
1493660820073,-0.10439591854810715,0.2780340313911438,0.11504855751991272,,903d185fccf839df
1493660823315,0.10865697264671326,-0.7467503547668457,0.3163835406303406,,903d185fccf839df
1493660824421,0.5390238165855408,-1.8407769203186035,0.049002163112163544,,903d185fccf839df
1493660825320,-0.17896443605422974,1.2452940940856934,-0.5273059010505676,,903d185fccf839df
1493660826453,-0.17044231295585632,1.0301107168197632,-0.1896170675754547,,903d185fccf839df
1493660827350,0.4676510989665985,1.2889699935913086,-0.1576591432094574,,903d185fccf839df
1493660828051,0.7009440064430237,0.4580637216567993,0.21944448351860046,,903d185fccf839df
1493660829288,0.7147924304008484,-0.013848437927663326,-0.426105797290802,,903d185fccf839df
1493660830982,0.49002164602279663,-0.16618125140666962,-0.04261057823896408,,903d185fccf839df
1493660831955,-0.0884169489145279,0.521979570388794,-0.017044231295585632,,903d185fccf839df
1493660832962,-0.14594122767448425,1.274056315422058,0.15020228922367096,,903d185fccf839df
1493660833981,-0.35899412631988525,0.5283711552619934,0.23116238415241241,,903d185fccf839df
1493660834962,0.08309062570333481,0.6743124127388,0.41864892840385437,,903d185fccf839df
1493660835966,-0.35899412631988525,-0.4996090233325958,0.2173139452934265,,903d185fccf839df
1493660836957,0.39201730489730835,1.3560816049575806,-0.5400890707969666,,903d185fccf839df
1493660837953,-0.4910869002342224,1.5425028800964355,-0.6082659959793091,,903d185fccf839df
1493660838957,-0.10120012611150742,0.2407497614622116,-0.2780340313911438,,903d185fccf839df
1493660840016,-0.2599245309829712,-0.7297061681747437,-0.16937704384326935,,903d185fccf839df
1493660840962,-0.17896443605422974,-1.6916399002075195,0.19707392156124115,,903d185fccf839df
1493660841958,0.06817692518234253,-0.0884169489145279,0.5443501472473145,,903d185fccf839df
1493660842956,0.4506068527698517,-1.4636733531951904,0.15552860498428345,,903d185fccf839df
1493660843965,0.5709817409515381,-1.9473034143447876,0.5028048157691956,,903d185fccf839df
1493660844964,-0.7946872711181641,2.0303940773010254,-0.18748654425144196,,903d185fccf839df
1493660846007,-0.6040049195289612,0.5528722405433655,-0.37390783429145813,,903d185fccf839df
1493660846983,0.6253102421760559,1.0812433958053589,-0.09374327212572098,,903d185fccf839df
1493660847966,0.6242449879646301,0.39734363555908203,0.5581985712051392,,903d185fccf839df
1493660848962,0.5858954787254333,0.6423544883728027,-0.11078750342130661,,903d185fccf839df
1493660849970,-0.8713863492012024,0.9906959533691406,0.47936901450157166,,903d185fccf839df
1493660850976,0.0649811327457428,0.44208475947380066,0.5390238165855408,,903d185fccf839df
1493660851965,-0.287621408700943,-0.24820661544799805,0.4442152678966522,,903d185fccf839df
1493660853014,0.023435818031430244,1.2516857385635376,-0.7201187610626221,,903d185fccf839df
1493660853963,-0.07030745595693588,-0.019174760207533836,-0.4601942300796509,,903d185fccf839df
1493660854965,-0.42930158972740173,1.2644689083099365,-0.5539374947547913,,903d185fccf839df
1493660855965,-0.5294364094734192,-0.7978830933570862,-0.12463594228029251,,903d185fccf839df
1493660857046,-0.3142530024051666,0.25246766209602356,-0.41012680530548096,,903d185fccf839df
1493660857966,-0.33981937170028687,-2.1752700805664062,0.1203748807311058,,903d185fccf839df
1493660858966,0.6455502510070801,-1.3837785720825195,0.687095582485199,,903d185fccf839df
1493660860036,0.12889699637889862,1.0823086500167847,0.6093312501907349,,903d185fccf839df
1493660861060,0.5784385800361633,-0.6285060048103333,0.2961435317993164,,903d185fccf839df
1493660861965,-0.5560680627822876,0.3376888334751129,-0.041545312851667404,,903d185fccf839df
1493660866081,-0.2226402759552002,1.5712651014328003,-0.4644553065299988,,903d185fccf839df
1493660873116,0.09054747968912125,-0.3238403797149658,0.2684466540813446,,903d185fccf839df
1493660875384,-0.05645901709794998,-0.2460760921239853,0.2407497614622116,,903d185fccf839df
1493660876107,0.11185276508331299,1.816275954246521,0.2173139452934265,,903d185fccf839df
1493660876956,-0.3536677956581116,-1.1014834642410278,-0.4207794666290283,,903d185fccf839df
1493660877985,-0.33023199439048767,-1.1281150579452515,-0.24927188456058502,,903d185fccf839df
1493660878945,-0.37816888093948364,-2.384061813354492,0.3430151641368866,,903d185fccf839df
1493660879985,0.17470337450504303,1.473260760307312,-0.5486112236976624,,903d185fccf839df
1493660881007,-0.3717772960662842,0.4410194754600525,-0.044741109013557434,,903d185fccf839df
1493660881956,0.1906823366880417,2.225337505340576,0.3845604658126831,,903d185fccf839df
1493660883027,0.03195793181657791,1.0769823789596558,-0.03302319720387459,,903d185fccf839df
1493660884275,-0.22903186082839966,-0.7254450917243958,-0.32597091794013977,,903d185fccf839df
1493660885266,0.46232476830482483,-0.9001484513282776,0.15552860498428345,,903d185fccf839df
1493660886266,0.6988134980201721,0.06817692518234253,0.583764910697937,,903d185fccf839df
1493660887275,0.0511326938867569,1.0993529558181763,-0.20240025222301483,,903d185fccf839df
1493660888271,-0.20240025222301483,0.8564726114273071,-0.4814995229244232,,903d185fccf839df
1493660889275,0.5411543250083923,1.4817829132080078,-0.04687163606286049,,903d185fccf839df
1493660890348,0.5241101384162903,0.16831178963184357,0.19600865244865417,,903d185fccf839df
1493660891270,0.7637946009635925,-0.18855181336402893,-0.5528722405433655,,903d185fccf839df
1493660892255,-0.1022653877735138,0.5507417321205139,0.14700649678707123,,903d185fccf839df
1493660893274,-0.03195793181657791,-0.4953479766845703,-0.15233281254768372,,903d185fccf839df
1493660894265,0.20772656798362732,0.6530070900917053,0.2599245309829712,,903d185fccf839df
1493660895246,-0.6285060048103333,0.20559604465961456,0.2908172011375427,,903d185fccf839df
1493660896322,0.2407497614622116,2.1283984184265137,-0.4825648069381714,,903d185fccf839df
1493660897256,-0.42504051327705383,0.6700513362884521,-0.3813646733760834,,903d185fccf839df
1493660898191,-0.2460760921239853,-0.5028048157691956,-0.4356931746006012,,903d185fccf839df
1493660899061,-0.2961435317993164,0.007456851191818714,-0.37816888093948364,,903d185fccf839df
1493660899902,-0.8468852639198303,-2.1379857063293457,0.027696875855326653,,903d185fccf839df
1493660900938,-0.3153182864189148,-2.6919233798980713,0.2886866629123688,,903d185fccf839df
1493660902189,-0.20666129887104034,1.4935007095336914,-0.40480050444602966,,903d185fccf839df
1493660903001,-0.07030745595693588,-2.027198314666748,0.4964132308959961,,903d185fccf839df
1493660903882,0.46232476830482483,-0.8404936790466309,0.22796659171581268,,903d185fccf839df
1493660904872,-0.7126619219779968,1.5286544561386108,-0.12250541150569916,,903d185fccf839df
1493660905876,-0.5720469951629639,0.9523464441299438,-0.26738137006759644,,903d185fccf839df
1493660906938,0.25353294610977173,1.6575515270233154,-0.23542344570159912,,903d185fccf839df
1493660907870,0.5038700699806213,1.6202672719955444,0.009587380103766918,,903d185fccf839df
1493660908881,0.4729774296283722,0.8831042051315308,0.15233281254768372,,903d185fccf839df
1493660909878,0.6785734295845032,0.01065264455974102,0.03515372797846794,,903d185fccf839df
1493660910879,0.6295713186264038,-0.9544769525527954,-0.30786141753196716,,903d185fccf839df
1493660911913,0.546480655670166,-0.770186185836792,-0.17044231295585632,,903d185fccf839df
1493660912871,-0.30466562509536743,0.31212249398231506,0.03941478580236435,,903d185fccf839df
1493660913881,-0.22370553016662598,0.7808388471603394,0.32703620195388794,,903d185fccf839df
1493660914878,-0.4133225977420807,0.5560680627822876,0.3941478431224823,,903d185fccf839df
1493660915893,-0.07137271761894226,1.1558119058609009,0.10013485699892044,,903d185fccf839df
1493660916882,-0.09161274135112762,0.2460760921239853,-0.1715075820684433,,903d185fccf839df
1493660917889,-0.15233281254768372,0.4506068527698517,0.06391586363315582,,903d185fccf839df
1493660918904,0.1853560209274292,1.5872440338134766,-0.4388889670372009,,903d185fccf839df
1493660919922,-0.3291667103767395,1.4444986581802368,-0.6061354875564575,,903d185fccf839df
1493660920878,-1.0215885639190674,-1.8855180740356445,-0.3568635880947113,,903d185fccf839df
1493660921881,-1.77899169921875,-3.344930410385132,-0.06817692518234253,,903d185fccf839df
1493660922882,-1.0301107168197632,-1.9355854988098145,0.04580637067556381,,903d185fccf839df
1493660923875,0.434627890586853,0.5986786484718323,0.3344930410385132,,903d185fccf839df
1493660924881,1.06846022605896,-1.4551512002944946,0.058589544147253036,,903d185fccf839df
1493660925882,0.07030745595693588,-1.4136059284210205,0.1810949593782425,,903d185fccf839df
1493660926878,-0.023435818031430244,-1.0247844457626343,0.6327670812606812,,903d185fccf839df
1493660927912,0.02876213937997818,-0.2790992856025696,0.47936901450157166,,903d185fccf839df
1493660928880,-0.5486112236976624,1.163268804550171,0.041545312851667404,,903d185fccf839df
1493660929872,0.41971418261528015,0.7978830933570862,-0.1438107043504715,,903d185fccf839df
1493660930883,0.5550028085708618,0.9672601222991943,-0.19813919067382812,,903d185fccf839df
1493660931883,0.6317018270492554,1.9121496677398682,0.5635249018669128,,903d185fccf839df
1493660932882,0.49428272247314453,-0.26738137006759644,0.1395496428012848,,903d185fccf839df
1493660933883,0.10546118021011353,1.3624732494354248,0.4868258535861969,,903d185fccf839df
1493660934903,-0.14168016612529755,0.19600865244865417,0.12783172726631165,,903d185fccf839df
1493660935882,-0.15552860498428345,0.7808388471603394,0.6082659959793091,,903d185fccf839df
1493660936882,0.6476807594299316,0.5645901560783386,0.4111920893192291,,903d185fccf839df
1493660937882,-0.22796659171581268,-0.6572681665420532,0.19813919067382812,,903d185fccf839df
1493660938907,-0.48363006114959717,-0.8703210353851318,-0.1022653877735138,,903d185fccf839df
1493660939926,-0.4484763443470001,1.0982877016067505,-0.27590349316596985,,903d185fccf839df
1493660940883,-0.260989785194397,0.4601942300796509,-0.6913566589355469,,903d185fccf839df
1493660941905,-0.7286409139633179,-1.014131784439087,-0.3153182864189148,,903d185fccf839df
1493660942966,-0.45167213678359985,0.05752427875995636,-0.5347627401351929,,903d185fccf839df
1493660943883,-0.19813919067382812,-0.43782368302345276,-0.2886866629123688,,903d185fccf839df
1493660944878,-0.7648598551750183,-1.478587031364441,0.017044231295585632,,903d185fccf839df
1493660945900,0.22903186082839966,-1.6948357820510864,0.14487597346305847,,903d185fccf839df
1493660946899,1.1195929050445557,-0.18429075181484222,0.17363810539245605,,903d185fccf839df
1493660948152,-0.2961435317993164,-1.0908308029174805,-0.32703620195388794,,903d185fccf839df
1493660948924,-0.3206445872783661,-0.36858150362968445,0.37710362672805786,,903d185fccf839df
1493660949871,0.0511326938867569,0.3344930410385132,0.11185276508331299,,903d185fccf839df
1493660950956,0.7360977530479431,1.4199975728988647,0.5113269090652466,,903d185fccf839df
1493660951834,0.4410194754600525,-0.08948221802711487,-0.09800432622432709,,903d185fccf839df
1493660952575,-0.24820661544799805,0.4878911077976227,-0.21198762953281403,,903d185fccf839df
1493660953883,0.13741911947727203,1.0237191915512085,-0.04687163606286049,,903d185fccf839df
1493660954889,-0.4644553065299988,0.6391586661338806,0.32703620195388794,,903d185fccf839df
1493660955903,-0.1576591432094574,1.1014834642410278,0.24181503057479858,,903d185fccf839df
1493660956871,-0.12357068061828613,-0.21198762953281403,0.14274543523788452,,903d185fccf839df
1493660957924,-0.20772656798362732,-0.29507824778556824,-0.19387812912464142,,903d185fccf839df
1493660958651,0.29507824778556824,-0.26738137006759644,0.29507824778556824,,903d185fccf839df
1493660959931,-0.5795038938522339,0.6167881488800049,-0.7052050828933716,,903d185fccf839df
1493660962602,0.6785734295845032,1.4540859460830688,0.31318774819374084,,903d185fccf839df
1493660963097,-0.38669100403785706,-0.4111920893192291,-0.35473304986953735,,903d185fccf839df
1493660963958,0.8096010088920593,-1.1068097352981567,-0.20026971399784088,,903d185fccf839df
1493660964766,-0.3387540876865387,0.8990831971168518,0.11291803419589996,,903d185fccf839df
1493660965924,0.09374327212572098,-0.5358279943466187,0.4218447208404541,,903d185fccf839df
1493660966978,-0.13102753460407257,1.3656690120697021,-0.30892670154571533,,903d185fccf839df
1493660968018,-1.2484899759292603,0.7978830933570862,0.16618125140666962,,903d185fccf839df
1493660968925,-0.8458199501037598,0.5305017232894897,0.5709817409515381,,903d185fccf839df
1493660969933,-0.8458199501037598,0.36751624941825867,0.42930158972740173,,903d185fccf839df
1493660971310,0.052197959274053574,0.3334277868270874,-0.1257012039422989,,903d185fccf839df
1493660972316,-0.04687163606286049,-0.3099919557571411,0.37710362672805786,,903d185fccf839df
1493660973168,-0.1992044597864151,-0.23968450725078583,-0.14168016612529755,,903d185fccf839df
1493660975654,0.029827404767274857,-0.026631612330675125,0.012783173471689224,,903d185fccf839df
1493660976508,-0.5336974859237671,-0.9033442735671997,-0.5113269090652466,,903d185fccf839df
1493660981426,-0.15872439742088318,-3.4663705825805664,0.5656554102897644,,903d185fccf839df
1493660982545,-0.36432045698165894,-1.7896442413330078,0.017044231295585632,,903d185fccf839df
1493660983617,0.08415589481592178,2.339320659637451,-0.08628641813993454,,903d185fccf839df
1493660984494,0.09906959533691406,-0.029827404767274857,0.2972087860107422,,903d185fccf839df
1493660985528,-0.15020228922367096,0.7339671850204468,0.7669904232025146,,903d185fccf839df
1493660986660,-0.3014698326587677,1.1313108205795288,0.43782368302345276,,903d185fccf839df
1493660987542,0.14700649678707123,-0.22903186082839966,-0.18748654425144196,,903d185fccf839df
1493660988528,-0.1810949593782425,0.8021441102027893,-0.5028048157691956,,903d185fccf839df
1493660989593,-0.4878911077976227,0.08628641813993454,-0.28975194692611694,,903d185fccf839df
1493660990529,0.13102753460407257,0.13848437368869781,-0.30786141753196716,,903d185fccf839df
1493660991613,0.22157500684261322,0.17044231295585632,-0.4772384762763977,,903d185fccf839df
1493660992529,-1.2900352478027344,-1.2303804159164429,0.23116238415241241,,903d185fccf839df
1493660993573,-0.260989785194397,2.4160196781158447,-0.43249738216400146,,903d185fccf839df
1493660994533,0.213052898645401,-1.473260760307312,0.0511326938867569,,903d185fccf839df
1493660995549,0.5709817409515381,1.1611382961273193,-0.20772656798362732,,903d185fccf839df
1493660996529,-0.5305017232894897,0.770186185836792,-0.4399542212486267,,903d185fccf839df
1493660997529,-0.14061491191387177,0.5187838077545166,-0.6934871673583984,,903d185fccf839df
1493660998531,0.4921521842479706,-0.7637946009635925,0.1715075820684433,,903d185fccf839df
1493660999485,0.4229099750518799,-0.687095582485199,0.04687163606286049,,903d185fccf839df
1493661000595,0.34621095657348633,0.10439591854810715,-0.30253511667251587,,903d185fccf839df
1493661001529,-0.2599245309829712,1.2857742309570312,0.21092236042022705,,903d185fccf839df
1493661002584,-0.11930961906909943,1.1238540410995483,0.260989785194397,,903d185fccf839df
1493661003534,0.08948221802711487,0.32170987129211426,0.2226402759552002,,903d185fccf839df
1493661004534,0.11185276508331299,-0.3206445872783661,0.22157500684261322,,903d185fccf839df
1493661005466,-0.5123922228813171,2.002697229385376,-0.4964132308959961,,903d185fccf839df
1493661006524,-0.022370554506778717,0.5347627401351929,-0.39201730489730835,,903d185fccf839df
1493661007524,-0.2514024078845978,2.111354112625122,-0.6157228350639343,,903d185fccf839df
1493661008531,-0.4538026452064514,0.823449432849884,-0.6199839115142822,,903d185fccf839df
1493661009530,-0.40586575865745544,0.3419498801231384,-0.6593986749649048,,903d185fccf839df
1493661010534,-0.47510793805122375,-0.17044231295585632,-0.3440804183483124,,903d185fccf839df
1493661011534,-0.6295713186264038,-0.7733820080757141,-0.11291803419589996,,903d185fccf839df
1493661012549,-0.5390238165855408,-1.311340570449829,-0.055393751710653305,,903d185fccf839df
1493661013601,-0.3057309091091156,-1.510545015335083,0.20133498311042786,,903d185fccf839df
1493661014605,-0.20772656798362732,0.14700649678707123,0.4495415985584259,,903d185fccf839df
1493661015605,1.02584969997406,-0.8415589332580566,0.2790992856025696,,903d185fccf839df
1493661016645,0.6988134980201721,-1.3582122325897217,0.6061354875564575,,903d185fccf839df
1493661017596,-0.436758428812027,-0.6551376581192017,0.35899412631988525,,903d185fccf839df
1493661018605,-0.8202536106109619,-0.5081311464309692,0.39734363555908203,,903d185fccf839df
1493661019663,-0.06072007492184639,1.02584969997406,-0.213052898645401,,903d185fccf839df
1493661020601,0.5081311464309692,1.6692694425582886,0.4580637216567993,,903d185fccf839df
1493661021605,0.7009440064430237,0.13848437368869781,0.07776430249214172,,903d185fccf839df
1493661022606,0.49321743845939636,0.3153182864189148,-0.10013485699892044,,903d185fccf839df
1493661023602,0.22157500684261322,1.6543556451797485,0.28442561626434326,,903d185fccf839df
1493661024661,-0.44634580612182617,0.3099919557571411,0.21198762953281403,,903d185fccf839df
1493661025649,-0.013848437927663326,0.2045307755470276,0.324905663728714,,903d185fccf839df
1493661026595,-0.3984089195728302,-0.9416937828063965,0.15020228922367096,,903d185fccf839df
1493661027629,0.02876213937997818,-1.0407633781433105,0.17896443605422974,,903d185fccf839df
1493661028616,-0.5017395615577698,-0.5177185535430908,-0.3792341351509094,,903d185fccf839df
1493661029616,-0.36432045698165894,1.2346415519714355,-0.6306365728378296,,903d185fccf839df
1493661030606,-0.41971418261528015,-1.0588728189468384,-0.32277512550354004,,903d185fccf839df
1493661031659,-0.5912217497825623,-0.1672465205192566,-0.3526025414466858,,903d185fccf839df
1493661034527,0.6551376581192017,-1.1227887868881226,-0.037284255027770996,,903d185fccf839df
1493661034669,-0.6636597514152527,-1.622397780418396,0.2045307755470276,,903d185fccf839df
1493661035626,-0.4772384762763977,0.7595335841178894,0.008522115647792816,,903d185fccf839df
1493661036637,-0.5432848930358887,-0.6743124127388,0.7382282614707947,,903d185fccf839df
1493661037616,-0.06924218684434891,-0.7797735929489136,-0.2460760921239853,,903d185fccf839df
1493661038622,0.052197959274053574,0.6796387434005737,-0.3334277868270874,,903d185fccf839df
1493661039616,0.07350324839353561,-0.3802994191646576,-0.500674307346344,,903d185fccf839df
1493661040696,0.4676510989665985,0.3536677956581116,-0.3898867964744568,,903d185fccf839df
1493661041625,-0.32703620195388794,0.3195793330669403,-0.004261057823896408,,903d185fccf839df
1493661042677,0.24181503057479858,0.18642127513885498,0.34088462591171265,,903d185fccf839df
1493661043670,-0.052197959274053574,-0.3749730885028839,0.16298545897006989,,903d185fccf839df
1493661045326,0.6317018270492554,-1.1568771600723267,-0.12783172726631165,,903d185fccf839df
1493661045696,-0.08309062570333481,1.1568771600723267,-0.6221144199371338,,903d185fccf839df
1493661046687,-0.44634580612182617,-0.2173139452934265,-0.3717772960662842,,903d185fccf839df
1493661047848,-0.21944448351860046,1.7459684610366821,-0.5560680627822876,,903d185fccf839df
1493661048666,-0.6040049195289612,-0.33236250281333923,0.3057309091091156,,903d185fccf839df
1493661049666,0.49854376912117004,-1.4381070137023926,-0.17363810539245605,,903d185fccf839df
1493661050666,0.03941478580236435,-0.6700513362884521,0.21518342196941376,,903d185fccf839df
1493661051668,-0.36858150362968445,1.2474247217178345,-0.362189918756485,,903d185fccf839df
1493661052698,-0.017044231295585632,0.9491506218910217,-0.14594122767448425,,903d185fccf839df
1493661053547,0.20026971399784088,-0.20133498311042786,-0.08096009492874146,,903d185fccf839df
1493661054666,0.5688512325286865,0.29827404022216797,0.041545312851667404,,903d185fccf839df
1493661056322,-0.5230448246002197,0.04048004746437073,-0.2087918370962143,,903d185fccf839df
1493661056708,-0.03621899336576462,0.6998787522315979,0.13315805792808533,,903d185fccf839df
1493661057682,-0.46552056074142456,0.463390052318573,0.49321743845939636,,903d185fccf839df
1493661058706,0.1342233270406723,0.0511326938867569,0.3142530024051666,,903d185fccf839df
1493661059689,-0.18429075181484222,-0.583764910697937,0.4548679292201996,,903d185fccf839df
1493661060667,-0.3153182864189148,0.6008091568946838,-0.5528722405433655,,903d185fccf839df
1493661061760,-0.15233281254768372,-0.06391586363315582,-0.10759171098470688,,903d185fccf839df
1493661062667,-0.38775625824928284,0.12463594228029251,-0.6167881488800049,,903d185fccf839df
1493661063637,-0.4495415985584259,-0.521979570388794,0.003195793367922306,,903d185fccf839df
1493661064663,-0.5709817409515381,-2.2935144901275635,0.09161274135112762,,903d185fccf839df
1493661065668,0.39201730489730835,-1.676726222038269,0.6551376581192017,,903d185fccf839df
1493661066656,-0.28016453981399536,-1.1100056171417236,0.18642127513885498,,903d185fccf839df
1493661067663,-0.5784385800361633,0.04580637067556381,-0.00532632227987051,,903d185fccf839df
1493661068663,0.07030745595693588,-0.22157500684261322,-0.03941478580236435,,903d185fccf839df
1493661069667,0.6519418358802795,0.05645901709794998,0.41545313596725464,,903d185fccf839df
1493661070657,0.26631611585617065,-0.6103965044021606,0.13528858125209808,,903d185fccf839df
1493661071658,-0.5305017232894897,-1.2804478406906128,-0.1395496428012848,,903d185fccf839df
1493661072714,-0.2790992856025696,-0.7744472622871399,-0.6519418358802795,,903d185fccf839df
1493661073704,0.2173139452934265,1.751294732093811,-0.25246766209602356,,903d185fccf839df
1493661074668,-0.6934871673583984,0.05326322466135025,0.36005938053131104,,903d185fccf839df
1493661075668,0.1203748807311058,1.1888351440429688,0.08202536404132843,,903d185fccf839df
1493661076684,0.15552860498428345,0.5848301649093628,0.3281014561653137,,903d185fccf839df
1493661077656,-0.3813646733760834,-0.5496764779090881,-0.23861923813819885,,903d185fccf839df
1493661078663,-0.3387540876865387,-1.2229236364364624,-0.07456851005554199,,903d185fccf839df
1493661079657,-0.008522115647792816,-2.082592010498047,-0.05752427875995636,,903d185fccf839df
1493661080657,0.42823630571365356,0.46552056074142456,-0.023435818031430244,,903d185fccf839df
1493661081658,0.23329292237758636,0.29507824778556824,0.49321743845939636,,903d185fccf839df
1493661082695,-0.12783172726631165,-0.19600865244865417,-0.2641855776309967,,903d185fccf839df
1493661083664,-0.926780104637146,-1.503088116645813,-0.18855181336402893,,903d185fccf839df
1493661084660,0.8287757635116577,0.7371630072593689,-0.6764429211616516,,903d185fccf839df
1493661085663,0.19174760580062866,0.3291667103767395,0.11717908829450607,,903d185fccf839df
1493661086668,-0.11291803419589996,0.6753776669502258,-0.31744879484176636,,903d185fccf839df
1493661087679,0.04367584362626076,-2.0996363162994385,-0.20559604465961456,,903d185fccf839df
1493661088669,-0.910801112651825,1.478587031364441,-2.1433119773864746,,903d185fccf839df
1493661089667,-0.11398329585790634,-0.40586575865745544,0.26738137006759644,,903d185fccf839df
1493661090373,1.3230584859848022,-1.9025622606277466,0.18748654425144196,,903d185fccf839df
1493661091188,-0.1757686287164688,2.047438383102417,1.2857742309570312,,903d185fccf839df
1493661092677,-0.30360037088394165,-0.5336974859237671,0.1810949593782425,,903d185fccf839df
1493661093780,0.002130528911948204,0.1395496428012848,-0.39734363555908203,,903d185fccf839df
1493661094664,0.2684466540813446,-0.7201187610626221,0.003195793367922306,,903d185fccf839df
1493661095675,1.336906909942627,0.2183792144060135,-0.4122573435306549,,903d185fccf839df
1493661096658,-0.04580637067556381,0.4548679292201996,-0.2737729549407959,,903d185fccf839df
1493661097721,0.2631203234195709,0.2322276532649994,0.43249738216400146,,903d185fccf839df
1493661098664,0.3185140788555145,0.6221144199371338,0.001065264455974102,,903d185fccf839df
1493661099664,-0.06391586363315582,0.9086706042289734,0.012783173471689224,,903d185fccf839df
1493661100728,0.5507417321205139,1.038632869720459,-0.2173139452934265,,903d185fccf839df
1493661101589,-0.06711166352033615,0.1161138266324997,0.07669904083013535,,903d185fccf839df
1493661102568,-0.33129724860191345,-1.105744481086731,-0.3440804183483124,,903d185fccf839df
1493661103660,-0.13741911947727203,-1.4434332847595215,-0.2588592767715454,,903d185fccf839df
1493661104713,0.07030745595693588,-1.0897655487060547,0.17044231295585632,,903d185fccf839df
1493661105669,0.044741109013557434,-0.07350324839353561,0.27696874737739563,,903d185fccf839df
1493661106658,-0.11824435740709305,0.8021441102027893,-0.1896170675754547,,903d185fccf839df
1493661107614,0.40053942799568176,1.237837314605713,0.058589544147253036,,903d185fccf839df
1493661108609,0.004261057823896408,0.7286409139633179,0.14594122767448425,,903d185fccf839df
1493661109705,-0.034088462591171265,0.9693906307220459,-0.034088462591171265,,903d185fccf839df
1493661110912,0.2269013226032257,0.8841695189476013,-0.15659387409687042,,903d185fccf839df
1493661111665,-0.2727077007293701,-1.4178669452667236,-0.6902913451194763,,903d185fccf839df
1493661112681,-0.12463594228029251,-1.1249192953109741,-0.2652508616447449,,903d185fccf839df
1493661113734,0.2034655064344406,-1.0705907344818115,0.2173139452934265,,903d185fccf839df
1493661114693,-0.5699164867401123,-1.0950918197631836,0.22903186082839966,,903d185fccf839df
1493661115528,0.13635385036468506,0.14274543523788452,-0.012783173471689224,,903d185fccf839df
1493661122544,0.04367584362626076,-1.286839485168457,0.28122982382774353,,903d185fccf839df
1493661125246,-0.027696875855326653,-0.3483414649963379,0.027696875855326653,,903d185fccf839df
1493661126178,-0.03834952041506767,0.5869607329368591,0.40480050444602966,,903d185fccf839df
1493661127605,-0.21092236042022705,1.4210628271102905,0.22477079927921295,,903d185fccf839df
1493661128348,-0.034088462591171265,0.6828345060348511,-0.15552860498428345,,903d185fccf839df
1493661129246,0.10439591854810715,0.12676647305488586,0.4165183901786804,,903d185fccf839df
1493661130257,0.3334277868270874,-6.298908710479736,2.0335898399353027,,903d185fccf839df
1493661131498,-1.137702465057373,-1.2900352478027344,-0.9225190281867981,,903d185fccf839df
1493661131867,-0.1203748807311058,-0.6274407505989075,-0.5454154014587402,,903d185fccf839df
1493661133255,0.5954828262329102,1.1590077877044678,-0.9235842823982239,,903d185fccf839df
1493661134241,-0.6029396653175354,-0.2695119082927704,-0.28975194692611694,,903d185fccf839df
1493661135244,-0.061785340309143066,-0.4356931746006012,-0.9321063756942749,,903d185fccf839df
1493661136244,-0.1395496428012848,-0.2460760921239853,-1.0972224473953247,,903d185fccf839df
1493661137247,0.4165183901786804,-0.2684466540813446,-0.8628641963005066,,903d185fccf839df
1493661138242,0.40053942799568176,-0.09054747968912125,-0.03515372797846794,,903d185fccf839df
1493661139245,0.05645901709794998,-0.12357068061828613,-0.006391586735844612,,903d185fccf839df
1493661140241,-0.02876213937997818,0.02130528911948204,0.07776430249214172,,903d185fccf839df
1493661141241,-0.037284255027770996,-0.00532632227987051,0.07243798673152924,,903d185fccf839df
1493661142263,-0.06711166352033615,0.044741109013557434,0.17470337450504303,,903d185fccf839df
1493661143244,-0.3281014561653137,0.1203748807311058,0.16937704384326935,,903d185fccf839df
1493661144242,-0.05432848632335663,-0.024501081556081772,0.004261057823896408,,903d185fccf839df
1493661145241,0.6157228350639343,0.027696875855326653,-0.05006742849946022,,903d185fccf839df
1493661146245,0.12357068061828613,-0.03302319720387459,-0.11291803419589996,,903d185fccf839df
1493661147247,-0.10546118021011353,-0.01065264455974102,0.027696875855326653,,903d185fccf839df
1493661148241,0.09374327212572098,0.01065264455974102,0.03195793181657791,,903d185fccf839df
1493661148758,-0.14487597346305847,-0.017044231295585632,-0.06072007492184639,,903d185fccf839df
1493661148906,-0.05326322466135025,-0.03941478580236435,-0.16085493564605713,,903d185fccf839df
1493661148955,-0.007456851191818714,-0.049002163112163544,-0.19174760580062866,,903d185fccf839df
1493661148995,-0.041545312851667404,-0.061785340309143066,-0.15233281254768372,,903d185fccf839df
1493661149021,-0.03834952041506767,-0.11717908829450607,-0.20026971399784088,,903d185fccf839df
1493661149060,-0.017044231295585632,-0.1022653877735138,-0.16511599719524384,,903d185fccf839df
1493661149101,0.03515372797846794,-0.1065264493227005,-0.07669904083013535,,903d185fccf839df
1493661149125,0.044741109013557434,-0.13102753460407257,-0.0511326938867569,,903d185fccf839df
1493661149141,-0.026631612330675125,-0.13741911947727203,0.009587380103766918,,903d185fccf839df
1493661149160,-0.20026971399784088,-0.11717908829450607,0.09693906456232071,,903d185fccf839df
1493661149194,-0.2588592767715454,-0.14913702011108398,0.1161138266324997,,903d185fccf839df
1493661149212,-0.13848437368869781,-0.15872439742088318,0.07243798673152924,,903d185fccf839df
1493661149225,0.008522115647792816,-0.14274543523788452,0.05432848632335663,,903d185fccf839df
1493661149255,0.22903186082839966,-0.047936901450157166,0.12889699637889862,,903d185fccf839df
1493661149275,0.26205506920814514,-0.002130528911948204,0.20133498311042786,,903d185fccf839df
1493661149306,0.15552860498428345,-0.003195793367922306,0.23116238415241241,,903d185fccf839df
1493661149315,0.08735168725252151,-0.01810949668288231,0.18748654425144196,,903d185fccf839df
1493661149335,0.002130528911948204,-0.019174760207533836,0.1299622654914856,,903d185fccf839df
1493661149354,-0.011717909015715122,-0.019174760207533836,0.12144014984369278,,903d185fccf839df
1493661149420,0.20772656798362732,0.01810949668288231,0.2183792144060135,,903d185fccf839df
1493661149435,0.18748654425144196,0.027696875855326653,0.21198762953281403,,903d185fccf839df
1493661149461,0.14061491191387177,0.01065264455974102,0.2460760921239853,,903d185fccf839df
1493661149485,-0.014913702383637428,-0.011717909015715122,0.18216022849082947,,903d185fccf839df
1493661149513,-0.10546118021011353,0,0.14594122767448425,,903d185fccf839df
1493661149535,-0.1257012039422989,0.04048004746437073,0.1672465205192566,,903d185fccf839df
1493661149562,-0.14700649678707123,0.06285060197114944,0.1810949593782425,,903d185fccf839df
1493661149612,0.10972224175930023,-0.004261057823896408,0.008522115647792816,,903d185fccf839df
1493661149635,0.3238403797149658,0.014913702383637428,0.01065264455974102,,903d185fccf839df
1493661149653,0.37816888093948364,0.05432848632335663,0.05432848632335663,,903d185fccf839df
1493661149681,0.362189918756485,0.13102753460407257,0.13528858125209808,,903d185fccf839df
1493661149762,-0.1853560209274292,0.055393751710653305,-0.10546118021011353,,903d185fccf839df
1493661149813,0.017044231295585632,0.11717908829450607,-0.07243798673152924,,903d185fccf839df
1493661149856,0.1161138266324997,0.11504855751991272,0.07776430249214172,,903d185fccf839df
1493661149882,0.06391586363315582,0.08628641813993454,0.10333064943552017,,903d185fccf839df
1493661149985,-0.18322548270225525,0.1022653877735138,0.23435817658901215,,903d185fccf839df
1493661150026,-0.07030745595693588,0.09480853378772736,0.2514024078845978,,903d185fccf839df
1493661150055,-0.024501081556081772,0.07243798673152924,0.23329292237758636,,903d185fccf839df
1493661150087,-0.024501081556081772,0.07563377916812897,0.25672873854637146,,903d185fccf839df
