UUID,iqrAccX,iqrAccY,iqrAccZ,iqrAccXYZ,meanAccX,meanAccY,meanAccZ,meanAccXYZ, covarianceAccXY, covarianceAccXZ, covarianceAccYZ,pressureDerivative, pressureIQR, iqrGyroX, iqrGyroY, iqrGyroZ, iqrGyroMagnitude, meanGyroX, meanGyroY, meanGyroZ, meanGyroMagnitude, covarianceGyroXY, covarianceGyroXZ, covarianceGyroYZ, class, timestamp 
903d185fccf839df,-1.221853203749759,-1.0638554249025867,-0.6789305321552577,-0.7231894298753715,-1.6110704914167504,-1.8027157657281379,1.8982616128782297,-1.0943226751420443,-0.26502601182859903,-0.738026051612786,0.0692331201503639,-1.4612626964602444,1.8285288547237077,-0.933579387352733,-1.1486537595570323,-1.0475318139710088,-1.1236960018166213,-0.9653393555839835,-1.1439736934013556,-1.0914414434565323,-1.122299106771837,-0.4571833180818651,-0.6647646036886556,-0.5125414331728115,undefined,1491592569517
903d185fccf839df,-0.697939711201173,-0.9426367108785509,-0.3458883802640325,-0.36900563541012504,-1.0572165651048855,-1.8037837213928494,1.898828334739004,-0.9661699493482696,-0.30224131735512827,-0.6841960927080737,0.09078987068063042,-0.5253529867497643,0.3488887032085562,-0.7734101003571093,-1.1507590381642103,-0.8333473788498024,-1.04234698950185,-0.8559697912832129,-1.0716135005750491,-0.8620109485228445,-1.0081703464814056,-0.39403994014170696,-0.6069584308925677,-0.4076257801272625,undefined,1491592570922
903d185fccf839df,-0.138682689768332,-0.781794455253329,0.24586721923580904,0.22383450625033158,-0.8089741495096877,-1.8313428112460965,1.90687300205519,-0.8486836783961421,-0.3118638996587001,-0.43170615683221075,0.05663163702500039,-0.43499801802600946,-0.4322742591354724,-0.7548934390560225,-0.9833904214468397,-0.7222139208672261,-1.0306491778996116,-0.767179100273405,-1.0387019373567432,-0.7812129364204624,-0.9330968634206781,-0.4141982231676737,-0.6367502584399809,-0.44819377235462987,undefined,1491592572455
903d185fccf839df,-0.14838492087748123,-0.6796537286682383,0.30392633015328124,0.2471478962268276,-0.8294398021174598,-1.87241591914647,1.9510575765449953,-0.5897585996513409,-0.29594353359579567,-0.6561557540255537,0.042063530687020116,-0.07112178304130577,-0.691211285650624,-0.7391542591427837,-0.9244429922386591,-0.6333072180767885,-0.9497546090629365,-0.755657403482723,-1.0072720054930822,-0.7470090146062396,-0.9032262346463527,-0.4275707886262969,-0.6475816462557111,-0.4603848897124291,undefined,1491592573974
903d185fccf839df,-0.10680434940395997,-0.6438457991688374,0.4589625761490263,0.4978219329149112,-0.6655783659404879,-1.942945282951343,1.9413798819909078,-0.6773935697961763,-0.25090772544501494,-0.6744107233154227,0.05404000463952796,-0.06195818698557198,-0.9044535427807487,-0.7400801100151531,-0.9412850922569926,-0.5585446977741984,-0.9583569590116577,-0.7511338731356505,-1.0122750578676345,-0.68943936021569,-0.8955716134654832,-0.4364051784563016,-0.6145925160176641,-0.4674588274473833,undefined,1491592575468
903d185fccf839df,-0.2758982133241499,-0.8134932797658802,0.13421469187613258,0.1422486418110378,-0.732353113522853,-2.0183893409142444,1.988666424685445,-0.46288795780599995,-0.2969262548235337,-0.7442067891442082,0.12683353171284362,-0.10712655212891632,-0.7738970588235294,-0.7456351116431728,-0.9749693364670625,-0.47165856926457483,-0.988096794247096,-0.7428374293466075,-1.0176122462135773,-0.5960398567561911,-0.8765462609125483,-0.42903360757636677,-0.6120337222412127,-0.4683812040609641,undefined,1491592576938
903d185fccf839df,-0.37984924519574104,-0.7542047503416238,-0.048894029826820035,-0.05035401843357053,-0.8155026934631566,-1.9733628186733883,1.979427924593896,-0.5181418779428377,-0.25959335704733927,-0.8138652085023201,0.1446026113091712,-0.1813859060592256,-0.06454016265597147,-0.7743359706556405,-0.9697061822819615,-0.48984404163765805,-1.0106677013488246,-0.7547499838425613,-0.9941299941927831,-0.5889593718821697,-0.8691748503659886,-0.4428719450484223,-0.6339424357144665,-0.49015914242351083,undefined,1491592578451
903d185fccf839df,-0.3881653249850356,-0.6074508692853114,0.19099803530749934,0.13589614519423576,-0.8165929739843579,-1.9549222325942566,1.900570558321353,-1.0110573566681995,-0.2890236795413567,-0.729652784526143,0.1527569392984938,-0.12134917489122247,-0.1124108734402852,-0.7363767583287738,-0.9728640836277026,-0.5039883159858505,-1.0086795281537857,-0.753179414391918,-0.9939340833108413,-0.5289362306171077,-0.8568653153313106,-0.4498337781921315,-0.6436039121729782,-0.5137301156636839,undefined,1491592579959
903d185fccf839df,-0.1594729927577975,-0.5757519717027796,0.32880837059742746,0.2582512454271759,-0.6104470313186883,-1.9200232421537173,1.912888572410376,-0.8248021827869588,-0.23059569088000986,-0.727813298554998,0.13245241184254553,-0.12616347972311967,-0.45620961452762926,-0.7086017372379008,-0.980232505376631,-0.48782341082740094,-0.9438474163641254,-0.7349722005332096,-0.9846003371792768,-0.4989400597897163,-0.8391440654366901,-0.4554289704529702,-0.6306800164665881,-0.5077506456396191,undefined,1491592581437
903d185fccf839df,-0.16778907254709202,-0.5775130751531283,0.8832406552941002,0.8202826504880887,-0.6225327237484745,-1.9254014554529357,1.8701752637004883,-1.121710314023929,-0.2300127294319389,-0.6398151284141824,0.1581278034002476,-0.03821305616635131,-0.7347301136363636,-0.7345250824855842,-1.0023377963912345,-0.5666271644857839,-0.9921974015821855,-0.750031940376581,-1.0041424296397488,-0.5256255662462364,-0.8608293311789939,-0.4536793666183117,-0.6504653703541408,-0.5099884016602867,undefined,1491592582938
903d185fccf839df,-0.162245019354229,-0.7272020165860515,0.9164172174935274,0.8381227250931635,-0.6124424557879541,-1.9537086988462304,1.89327022285875,-1.00299039846153,-0.2655354891890444,-0.4821092571341163,0.11879989309576107,-0.06049595551279214,-0.5867660984848485,-0.72248924130795,-1.0149693870497314,-0.6535132576645054,-0.9975658649303298,-0.7532110771281786,-0.9931504401256299,-0.5576543338784218,-0.8630668328459723,-0.46090254440486683,-0.6748645503759373,-0.5227820740776984,undefined,1491592584432
903d185fccf839df,-0.2966884473027959,-0.6708485183104137,0.8353897173610672,0.8503045776879758,-0.7142194281376406,-1.9497816012703206,1.9274392954014037,-0.8135429713765141,-0.28860116661565177,-0.40673788374793396,0.13730065700178667,-0.09510527224647033,-0.9088054255793226,-0.725266768023509,-0.9612850973021843,-0.710090298527832,-0.972089278285616,-0.726454390035831,-0.950245996001123,-0.6210805307389875,-0.8521707358630688,-0.45531243828748647,-0.6361882207528584,-0.5142206831139713,undefined,1491592585936
903d185fccf839df,-0.34381296845295095,-0.7342462111775043,0.7639325064699933,0.7711355185344156,-0.7312011140621819,-1.9543748605349776,1.947089205737158,-0.6880311485906575,-0.27953286436752933,-0.6076417859036766,0.1183113673639319,-0.02704825210982529,-0.9827874331550802,-0.6937883822954822,-0.9802325274633324,-0.7100903126601927,-0.972089278285616,-0.6894763329056758,-0.9683817300381528,-0.6340768182379347,-0.8424015457149137,-0.4529477879268847,-0.6358996889779237,-0.5085587852023693,undefined,1491592587490
903d185fccf839df,-0.4089555244582719,-0.7659450356900555,0.7384120740088955,0.762441397637918,-0.6090996059488943,-1.9944401037718364,1.9322255471329353,-0.7972647763688969,-0.2594246147568055,-0.5477672167075945,0.1272036549801727,-0.12756944694111344,-0.8391753008021391,-0.707675899316306,-0.9960220157864537,-0.7363582022815989,-0.9915819857805379,-0.6876017814830445,-0.9600625222116367,-0.6909586751914871,-0.8496606475902716,-0.44959814879510446,-0.6098884922473681,-0.5150950133434178,undefined,1491592588964
903d185fccf839df,-0.4352898461351906,-0.7277890169701767,0.7218235387722325,0.7728590256367748,-0.6317384274411655,-1.999503869776191,1.9405383647854553,-0.7665019296066967,-0.2126259059625897,-0.5118293372786615,0.164201989559446,-0.06765949305623488,-0.4823209113190731,-0.7419317858583426,-1.0065483241566555,-0.7201933536525924,-1.0357105324999019,-0.7081331842761159,-0.9677800044128656,-0.7259747393286041,-0.8702618252370916,-0.44462886357634357,-0.5920200671653308,-0.5131529923885116,undefined,1491592590426
903d185fccf839df,-0.4158857289709896,-0.8469531931147839,0.7218235387722325,0.7547188847749103,-0.6838971969091837,-2.032832953809308,1.935120951842474,-0.8458065613865945,-0.22479839370525231,-0.5609456712459618,0.16602687876648492,-0.12435857058671977,-0.6172292780748664,-0.7660034552628364,-1.0128641489348391,-0.6797811755506331,-0.9865141194870436,-0.7113629858007358,-0.9564871514193432,-0.6471039016181014,-0.8567386704187583,-0.4349831425868698,-0.5830718049954913,-0.5094827842933605,undefined,1491592591942
903d185fccf839df,-0.34935691812958475,-0.8311037589375141,0.6325020251583902,0.7041815307593992,-0.7979964346190359,-2.0327677360607512,1.9447039650916964,-0.7916812103963559,-0.2377319456507487,-0.6297077736002266,0.1918744040793586,-0.05803402015617148,-0.9653799019607844,-0.7650776043904671,-0.9812851428396616,-0.5646064912784444,-0.9893048205721476,-0.7035038029517791,-0.9516523555378708,-0.552726828508525,-0.8358940090891696,-0.41814680991464387,-0.556207585859481,-0.5055366926785033,undefined,1491592593430
903d185fccf839df,-0.4740983565068706,-0.8299297581692636,0.574442914240918,0.6627273468906298,-0.88561000482945,-2.0138193742587656,1.9473285110434586,-0.7766938675974894,-0.24392198450833444,-0.6892461927546523,0.15251936810948502,-0.06952982579451517,-0.9958430815508021,-0.7613742850810242,-0.9897062204572051,-0.4595349186604592,-1.014798271965426,-0.7241935295914719,-0.9648273500210449,-0.5217759522595143,-0.8443883349130709,-0.4196034381394356,-0.5790773125804604,-0.5096859313541832,undefined,1491592594927
903d185fccf839df,-0.4436059949353046,-0.7272020019720553,0.5852894792423087,0.6512275022957296,-0.9258065040425314,-2.0123868926340345,1.9577083542184044,-0.6993083123324579,-0.28283603394284296,-0.6611614348434972,0.10253386493936678,-0.017514541051585186,-0.6825075200534759,-0.7604484665855913,-0.9939167555848599,-0.26757719633430926,-0.9876247590053894,-0.714852436521229,-0.9588870580149402,-0.3842524389673621,-0.8160592241164444,-0.4082375523488618,-0.5506913453380033,-0.5138330363817537,undefined,1491592596510
903d185fccf839df,-0.45330808802281486,-0.7483345711324176,0.6146377224356218,0.6246417149632578,-0.8845402891646228,-2.0217993481190515,1.938255683856271,-0.8247040105083576,-0.30048624250210276,-0.6482222148381336,0.06798946429670863,-0.023672083027596616,-0.6955631684491979,-0.767855105204477,-0.9970746311627828,-0.2473710860847885,-1.0136804775353008,-0.7247761593910454,-0.9767149318473288,-0.3681610638663997,-0.8236788750754612,-0.4189554826566932,-0.5694767431506715,-0.5090770020511173,undefined,1491592598138
903d185fccf839df,-0.35905901121709505,-0.7747502606618762,0.5489224817798202,0.55904792894056,-0.892727706976017,-2.014597340417567,1.9363359210426783,-0.8282171199663765,-0.27749938237052896,-0.6990601825061048,0.10859088573017815,0.10470413681561527,-0.6302849264705882,-0.7715584568908561,-0.9854956853295502,0.11027653960790901,-0.9292857929995588,-0.7467451417276848,-0.97161425669988,0.2215070066191136,-0.7020963142359388,-0.41971997753018125,-0.6153856970977725,-0.4897566298581602,undefined,1491592599433
903d185fccf839df,-0.22738771338118882,-0.7589008703265949,0.5572170035351011,0.5257244525349468,-0.7129542930013677,-2.001371920941784,1.9631468003514851,-0.5983618477281695,-0.2531268214659859,-0.8310503999663869,0.12389785101943307,0.14555194463659268,-0.4605614973262032,-0.7808167843037059,-0.9918114585720974,0.053699527009304006,-0.9331434396898046,-0.7547626492426895,-0.9865664415127539,0.2852565692589611,-0.6985696668817143,-0.4241765867286804,-0.5899257069972426,-0.49585398514668927,undefined,1491592600945
903d185fccf839df,-0.26065199803295713,-0.7606618714789706,0.3747456573013024,0.4142771207706955,-0.8055975670850776,-2.00143713945369,1.9072792031937016,-1.0069134219536229,-0.25225624530961,-0.6059112525713111,0.05952584078338254,0.11333257310474305,-0.5519510360962567,-0.811369286782427,-0.9897062057327376,0.09007037282894514,-0.9425584091428608,-0.7734258345312602,-0.9756514156826318,0.1935742250044598,-0.7190869542030913,-0.45170918838603064,-0.5782924021928599,-0.5152908132657392,undefined,1491592602409
903d185fccf839df,-0.37707728761012904,-0.7354202557877433,0.5329723385601087,0.5743541370231618,-0.9645835810253359,-1.9875245947185085,1.9535874726175462,-0.7301048136488811,-0.28191150882730026,-0.5115212416123148,0.018990777943614673,0.1019006410628009,-0.8913978943850268,-0.8734001749891748,-0.9854956779673165,-0.16654680054267376,-1.0849517292367163,-0.859490539788027,-0.9515683924126606,-0.3121107219168867,-0.8606732464211815,-0.46168798690864266,-0.606118218497268,-0.5370877348727825,undefined,1491592603900
903d185fccf839df,-0.4851863766290723,-0.7160487023937528,0.4953295736115148,0.48322172812371683,-1.2528813835286265,-1.9805112553710196,1.9728297545125,-0.6507336206760365,-0.31308179367343336,-0.5278218712768555,0.01893086419057732,0.03780996859697884,-0.8217677696078431,-0.8678451604103806,-0.9423377186766726,-0.3686076062583056,-1.0918314678822654,-0.8994957436471654,-0.9474332783651371,-0.4334350728342889,-0.8964932717167152,-0.4718798424518208,-0.6492311047737515,-0.5133000989328682,undefined,1491592605395
903d185fccf839df,-0.6279459361250483,-0.7465735115240573,0.48065519787790884,0.4598689557503987,-1.1879169250867145,-1.9703138455107654,1.9685957510331158,-0.6457165399577591,-0.33937602832923375,-0.5192886471377501,0.019458500874486376,0.016632413817918256,-0.8739903631907309,-0.8493284991092938,-0.9265482377157852,-0.4413494957506386,-1.0704440418864303,-0.8821054803090471,-0.9708865896410542,-0.3769073778239461,-0.8863264212692729,-0.46438594922617304,-0.5690932432069907,-0.4879939343633739,undefined,1491592606932
903d185fccf839df,-0.5281528406318752,-0.7307241065747798,0.5393527008123327,0.5804321111765326,-1.0550051443826933,-1.9473359006560405,2.0231247735140565,-0.2192430279616726,-0.34373299932478857,-0.4782146313326228,-0.011766741828640863,-0.03101925045577538,-0.8957497771836007,-0.7863717859317256,-0.9676009073559003,-0.46761734297496244,-1.0458111179631993,-0.8155905713704996,-0.9718241610689997,-0.30493504347144507,-0.8459245015437744,-0.46130762750133253,-0.536126762426193,-0.49639445090989703,undefined,1491592608429
903d185fccf839df,-0.2814421975061934,-0.7172227177759994,0.8985529147707589,0.8906865459156844,-0.8416283561388344,-1.9680777755336303,2.03859066077778,-0.07893362891285567,-0.34205273684493287,-0.5759495735421621,-0.03250345285123513,-0.02531376544886089,-0.8217677696078431,-0.7373025962503686,-0.959179822376123,-0.36456631637306974,-0.9579770650214717,-0.7484170379449664,-0.9343982186864555,-0.2519797890297112,-0.7924006182598677,-0.44581532345172215,-0.4859861623107297,-0.5079725693201081,undefined,1491592609937
903d185fccf839df,-0.18164920552924954,-0.6426717691725947,0.5942213764667434,0.6480405936180831,-0.7815084561187694,-1.9421393667953617,2.010875140600219,-0.2110654607168179,-0.2531891473799535,-0.7054934076449826,-0.053334016202180395,-0.034606336057120296,-0.9044535427807487,-0.5697266706358592,-0.9097060972051657,-0.295865688501251,-0.9059427663461309,-0.6585652340135091,-0.9098813931910668,-0.12340277087252494,-0.71715670460208,-0.4519000254339585,-0.4864127913140417,-0.5391410812308736,undefined,1491592611426
903d185fccf839df,-0.40202559598883203,-0.7242669415954446,0.3543293113324241,0.3633958090475915,-0.9287687823369715,-1.9746159490944377,1.9726640564676154,-0.5271705159556013,-0.17584101990193032,-0.867307122731828,0.009396877138390294,0.043104743355584785,-0.9044535427807487,-0.5493583011146465,-0.9812851354774278,-0.22716503236471078,-0.9831973825849971,-0.6295983489078151,-0.8852176349547696,-0.06628993879890616,-0.689170770511195,-0.4433468889017946,-0.5295421581449423,-0.5471396843087943,undefined,1491592612965
903d185fccf839df,-0.6251738577705023,-0.6849368636513308,0.38367755452573715,0.4141393850859104,-1.0929079374733208,-1.9714481841568134,1.9734898210403313,-0.5359770928831054,-0.20081031752183057,-0.8252321670139885,-0.032186018102277045,-0.001941119873399152,-0.9914911987522282,-0.5799108230195293,-0.9560219394359664,-0.2049383337020151,-0.9161526537589795,-0.6424732240849628,-0.910679030138724,-0.12803770524044988,-0.7151056238648433,-0.4356296640621426,-0.5247262877371095,-0.5366574448867253,undefined,1491592614429
903d185fccf839df,-0.8469362442755957,-0.6784796986719955,0.5718908709948082,0.5971066340282977,-1.2390574028659238,-1.9722354672326206,1.993250187311646,-0.4831100803269407,-0.2716342152234286,-0.7534876718644299,0.011833298338392504,-0.04956631409298837,-0.9001016599821747,-0.6567550208409848,-0.9633903943149468,-0.34436029091771353,-0.9100031269233931,-0.6790333089754397,-0.9271355294185417,-0.21257517175023607,-0.7601170359485978,-0.42501972744804123,-0.5544697786075298,-0.5098424685388813,undefined,1491592615937
903d185fccf839df,-0.8261460102969496,-0.6321054845924136,0.7690365929622128,0.7613837611598914,-1.2566150862442076,-1.908479531102273,1.9644538016739386,-0.6225776996190441,-0.308234316441891,-0.5969122241081725,-0.027856045916648118,-0.0820959217379445,-0.499728442513369,-0.7558192769776173,-0.964443009691276,-0.41508153546742865,-0.9872208810050063,-0.7157707148050573,-0.9414440089581635,-0.29195415838932554,-0.8008345290117901,-0.4242367781364974,-0.544703265361149,-0.4686892641627172,undefined,1491592617430
903d185fccf839df,-0.8594103639595374,-0.6866979671016796,0.9783041391432149,0.9247927062690537,-1.2271362819608498,-1.9178733525702572,1.9350210161682904,-0.8275099909156418,-0.30979036020144907,-0.6589873938650616,-0.02312255104754379,-0.033726734029263065,-0.5345435049019608,-0.7956301327707372,-1.017074684062494,-0.5181325479369606,-1.041004087214373,-0.7705253452362916,-0.9463347795590978,-0.3613241542767207,-0.84346377898942,-0.4223507466407744,-0.5638246636996834,-0.45387842856259497,undefined,1491592618920
903d185fccf839df,-0.6612103242930458,-0.6379756638016197,0.8270957038796851,0.8186645423714122,-1.0971970734764502,-1.9043148518736355,1.8915792482326468,-1.0509931266318058,-0.3161485303728833,-0.5290929560831179,-0.09159609276252605,-0.025472375838378206,-0.5345435049019608,-0.787297636804095,-0.9907588211090668,-0.6131011643567108,-1.038355245151329,-0.7578277936448106,-0.9622665180782184,-0.4084433975308299,-0.8472941825779,-0.43183653422136176,-0.5942304662797084,-0.4685667943958401,undefined,1491592620426
903d185fccf839df,-0.5059766623658329,-0.657934173737747,0.8315616524919025,0.7632811335142743,-1.0712874021264152,-1.8975390945580577,1.8763710848509252,-1.13923978515698,-0.2990916726834778,-0.3945793713072572,-0.09087928241443702,0.08032315922035467,-0.5388953877005348,-0.775261802101848,-1.011811496747341,-0.5888538490161187,-1.0598592461684484,-0.7533440688291339,-0.9531566707633301,-0.41759007292777856,-0.8413529124502397,-0.44303498493902976,-0.6018842894065507,-0.47345014147402026,undefined,1491592621928
903d185fccf839df,-0.5101347022604802,-0.5546194171564134,0.6695069063639314,0.6796003404137005,-1.021617770159398,-1.8762591652720966,1.8316854193532164,-1.3948611537825308,-0.28633447953871355,-0.07547898976731911,-0.047056729049335944,0.10442044467258169,-0.9001016599821747,-0.7558192769776173,-0.9939167334981586,-0.5262149863838246,-1.0261379052064654,-0.7427237218059942,-0.9565011467905761,-0.4253970851325281,-0.8356185761718041,-0.436802991999747,-0.5797775443536697,-0.46923595879610536,undefined,1491592623739
903d185fccf839df,-0.5641891863854848,-0.6690874587020533,0.8545297875699411,0.8443375038415113,-1.0683354048157858,-1.9100820483256449,1.889946142900527,-1.0667988122520506,-0.2701253609958062,-0.09516837708052,-0.01857213729890645,-0.023403651788879227,-1.017602495543672,-0.7030467615114302,-1.0654957717704208,-0.4292258239479818,-1.0417490021785123,-0.7285062636045959,-0.9830680372672421,-0.38690097220338965,-0.8287797127289726,-0.4414423995505832,-0.5739917213755671,-0.5087070374423707,undefined,1491592624921
903d185fccf839df,-0.5600311464908375,-0.6250613192289531,0.999996506735148,0.9505236743123986,-1.155455261194256,-1.9305444147091084,1.89814324501056,-1.047092134150796,-0.3113601545401702,-0.4105113391158232,-0.06007650648400127,0.03991080227705209,-0.9958430815508021,-0.7039725735314759,-1.0307588900973204,-0.4069991252852862,-1.0826213440334584,-0.7059103208737147,-0.96073421759118,-0.3839598668480186,-0.8052412181680059,-0.4461627635047274,-0.5716470249618202,-0.5242304105790457,undefined,1491592626426
903d185fccf839df,-0.5433990731757729,-0.656760129127508,0.8781365688018807,0.9119817192332332,-1.1740826601433423,-1.9439026017743832,1.909041152658952,-1.0031416285077064,-0.26099445337418875,-0.3701897442120035,-0.053617431580709335,-0.0065757484514130824,-0.9392686051693405,-0.727118405014375,-1.0265483402451978,-0.36052513954672005,-1.0905022217825968,-0.7135478507493295,-0.965603996334209,-0.3715949154642836,-0.8106540016763539,-0.4441194664681323,-0.5703731129588008,-0.5083056099182112,undefined,1491592627914
903d185fccf839df,-0.2246156522793476,-0.7952957855961248,0.9572499094312839,0.9434991617000282,-0.9073436771803037,-1.974438927332477,1.9059248329357272,-1.0080149508656322,-0.2670571655400429,-0.3167741565314882,0.0012059354096605089,-0.0168708092158019,-0.8348234180035651,-0.7539676140852023,-1.032864150298914,-0.376689959911005,-1.1044669920342067,-0.7188738573675426,-0.9556475339306302,-0.4201154167693616,-0.8199154943448717,-0.44290396291137596,-0.5988192295924085,-0.48536250521150875,undefined,1491592629396
903d185fccf839df,-0.3105485457795437,-0.7360072269438762,0.8066793579108068,0.7436044484976526,-0.7777541735969205,-1.955213387367376,1.910098335746381,-0.9386864305074162,-0.26013199965060363,-0.43970073793504716,0.04097072086368823,0.00868108470231008,-0.8304715352049912,-0.8271084861218276,-1.0170746619757927,-0.5060088902666645,-1.0884120976113687,-0.7640404115695054,-0.967556106067203,-0.48297187031375166,-0.8661335696355945,-0.44961298759126755,-0.5707146962049784,-0.485384141517969,undefined,1491592630916
903d185fccf839df,-0.3992534313707616,-0.6573471733536217,0.4972437331145718,0.5286864736751856,-0.8854762777745655,-1.9359878470398544,1.909148981409853,-0.931178162628767,-0.3376226029087762,-0.5786179946942088,-0.008080771328262973,-0.05550391391941487,-0.843527183600713,-0.6854559187057763,-0.9676009073559003,-0.46559675456178756,-0.952013562734381,-0.6841376611364843,-0.9579424880205215,-0.31636068804055484,-0.8011536929680656,-0.4440416254698925,-0.5101465382637088,-0.48719168707482297,undefined,1491592632421
903d185fccf839df,-0.5226088219444219,-0.6814147736626025,0.4289764492126605,0.4599926753205732,-1.0466737247862328,-1.9074756307349203,1.8783539639951672,-1.1560041571159876,-0.3165564277525089,-0.5466327618136945,0.011481285742987275,-0.005466886771966748,-0.9218610739750446,-0.6799009170777566,-0.9823377655782247,-0.5161119595237857,-0.9776892367923699,-0.6925731420649405,-0.9577605713903904,-0.30305643238657104,-0.8033515102731347,-0.4513987768464967,-0.5468602316419277,-0.51391163276998,undefined,1491592633922
903d185fccf839df,-0.6279459361250483,-0.7817944260253368,0.5029857033498442,0.4820996008491535,-1.1541695473219935,-1.9511744870266028,1.9085099365493825,-1.019200798212798,-0.325690150078355,-0.5841223972653168,-0.010526822761673367,0.009338623370687919,-0.8000083556149733,-0.6558291958701646,-0.9654956545165404,-0.5181325338045998,-1.0052992346938485,-0.6532898931926014,-0.9404224736403753,-0.3284946657850775,-0.7799042965173724,-0.4408674269182741,-0.556539695697151,-0.5086144462019397,undefined,1491592635421
903d185fccf839df,-0.8039697630200878,-0.7407033469288473,0.5450946710476049,0.5141698640071944,-1.2569236597320328,-1.9684388076291603,1.9321203371865192,-0.9068925744307246,-0.3213866013373737,-0.5334747962609049,-0.013246861207172876,0.06691570966946646,-0.7521376448306596,-0.6215733740820008,-0.9633903722282454,-0.5302562056072566,-0.9455966511151936,-0.6624599954602917,-0.9441657671229593,-0.30612072386504535,-0.7817092197910016,-0.4157289968351674,-0.5377114317340586,-0.49888725453973487,undefined,1491592636916
903d185fccf839df,-0.6210158696339696,-0.7559657661079957,0.34794894908020024,0.34529915283667023,-1.1709352286014227,-1.9560682170291233,1.987149028610682,-0.5206499201518658,-0.2608292639754391,-0.5065584818270387,0.010059212526746785,0.009345112685995343,-0.8130640040106952,-0.6595325734580929,-0.9781272157261023,-0.41306096118661456,-0.9588430954492827,-0.6824277673401884,-0.9441727639460701,-0.2503937509526931,-0.7739488890211923,-0.41149433944339187,-0.548370092958239,-0.5325314894611555,undefined,1491592638450
903d185fccf839df,-0.5156787899587529,-0.7442254953735603,0.01299289182286743,0.06619241502789057,-1.020002913191699,-1.980245720215594,2.016839541140899,-0.3152604551178232,-0.20442723536731378,-0.579695395702869,0.06325375692214798,-0.20957533387049582,-0.5345435049019608,-0.6873075686474168,-1.0297062305475884,-0.4676173995044055,-0.9854455105986178,-0.7211283857264075,-0.9645474775982118,-0.37581409051277703,-0.8174872505817529,-0.4232968867877587,-0.5966721277966068,-0.5255197787417967,undefined,1491592640212
903d185fccf839df,-0.22461561777393785,-0.7477475707482925,-0.024649364851827695,-0.05433076344997304,-0.7091485792756178,-1.983059441397347,1.9860024301104457,-0.4766271798475741,-0.17225993537203318,-0.5844571466579096,0.11055891382015191,-0.28090762482702275,0.731854389483066,-0.7845201230393106,-1.01917992953962,-0.33425723579295313,-1.018488396713866,-0.7733435057928376,-0.9613149502513738,-0.20399823478264487,-0.8010390832323752,-0.4382909331073648,-0.6561638763575408,-0.5385848095050769,undefined,1491592641420
903d185fccf839df,-0.16640305924887627,-0.7712281852871441,0.04234164329007933,0.08560340691567306,-0.6947177456724752,-2.0184662070220916,1.9475388848453319,-0.7431171240731682,-0.22399382845496732,-0.5403769297754971,0.17786772642046064,-0.3887242391844692,1.5630640040106953,-0.7891492867457355,-0.9876009381689101,0.8882105970961551,-0.6969756857726436,-0.7923993330855701,-1.0001262609428179,0.5643841913581136,-0.651412952159222,-0.46548587060866004,-0.6345556386258233,-0.6147734401862757,undefined,1491592642932
903d185fccf839df,-0.2370898064686991,-0.8035140394118128,-0.06548256506348303,-0.11016906790018105,-0.8367015065432221,-2.0327304685666925,1.9482121061518511,-0.7792805124701425,-0.2325262971402631,-0.6043408932958217,0.16263245131709975,-0.3134211188577061,0.5925941399286988,-0.811369312683976,-1.0191799074529186,0.742726705052603,-0.7359099393863909,-0.8329618371288723,-0.9966418494626709,0.5650309242898326,-0.6682542575854471,-0.4803916545581606,-0.6471498147179308,-0.6246533569640038,undefined,1491592644417
903d185fccf839df,-0.2218436256829161,-0.8105582193892694,-0.1586318894095406,-0.21694120140643194,-1.0016223704453986,-1.9956746015421807,2.0067857799776623,-0.38687445845191637,-0.24057844564765263,-0.7404097413381062,0.1451754239292438,-0.2816539148918548,-0.5519510360962567,-0.8206276530476004,-0.9991798987266103,0.6416963516580497,-0.7901856797713807,-0.836381626033654,-1.0008189455193448,0.5426415840859019,-0.680894458442572,-0.4867630109904265,-0.6157785676018401,-0.6010341315404004,undefined,1491592645924
903d185fccf839df,-0.44222001614249856,-0.7976438602026065,-0.02911607587489337,-0.07568096154067804,-1.0868393746402127,-1.957712660908153,1.9776869915583972,-0.5901400777467332,-0.19288629634232995,-0.6109583340018786,0.18163622137589355,-0.2693580741182736,0.2531472816399287,-0.8243309917832051,-0.9939167555848599,0.6558405553444383,-0.7555614685859693,-0.839275782174552,-0.9999793280489829,0.41954641066325726,-0.7050843967789019,-0.4989834645234171,-0.5765421166391373,-0.6099010149222469,undefined,1491592647433
903d185fccf839df,-0.3978675560941848,-0.7659450503040516,0.43089060871571755,0.3920320161347295,-1.0990382123801103,-1.9549129149451607,1.9280309964668756,-0.9137510717547247,-0.22512163972798865,-0.4713968732939905,0.22883853668207507,-0.26475257452337464,0.7579656862745099,-0.8456251474229145,-1.0044430860417632,-0.2211031964633824,-0.9639706246393446,-0.9036564872058154,-0.9887634397487727,-0.06903086348842545,-0.8322782757136589,-0.4958037030990138,-0.6823663700373183,-0.5271658585024005,undefined,1491592648938
903d185fccf839df,-0.4200436653494076,-0.7048954028154503,1.0695400663970636,1.113586782126582,-1.0405434556489457,-1.9625318556280895,1.8860435103703896,-1.176027572564831,-0.19116459059018892,0.013116377175650059,0.39285035762897963,-0.4133797426780265,-0.02102133467023172,-0.8234051603369975,-1.000232536189641,-0.35244270109985604,-1.0323122118657493,-0.839383442859321,-0.9773166572095823,-0.2426945285391829,-0.848724842657615,-0.49508386591414905,-0.5821100824215061,-0.5525982656278285,undefined,1491592650427
903d185fccf839df,-0.4020254579671931,-0.69374213246514,0.8641000768113275,0.9201197342462001,-0.8901048504162139,-1.962867267003712,1.9066638197555121,-0.9969355378344086,-0.2221867862747,-0.19936987184711913,0.38502522895166497,-0.27955975796583393,0.6491686163101604,-0.8502543370308885,-0.9718114351213213,0.0052048539310376365,-0.8396759709090941,-0.853575569778773,-0.9677170321974163,0.14586984719106402,-0.7602758229276902,-0.4984588546005442,-0.48035549515056214,-0.5649866227076416,undefined,1491592651967
903d185fccf839df,-0.3826213753084018,-0.7747502460478801,0.3619849327968546,0.3011995840356554,-0.8343563698190245,-2.008501721856939,1.9168727367043,-0.9536593125384945,-0.29661625748323456,-0.5665178897302727,0.30866558984268283,-0.3153261752238773,0.37500000000000006,-0.891916842765649,-0.9802325127388648,-0.17664986979979494,-0.881253197561483,-0.8757725372517617,-0.976099212172094,0.10480219155687841,-0.7829715074923915,-0.4902061514244749,-0.481546292029164,-0.5441325877530493,undefined,1491592653428
903d185fccf839df,-0.40618356687265983,-0.7313111361868974,0.19801628130277593,0.16593444619136416,-0.706340580041089,-2.0127269631902838,1.9669284608747737,-0.6023217745387444,-0.26230015238651044,-0.8122139872437032,0.23082940644145108,-0.25616819736789925,0.0007380793226381577,-0.8715485120967598,-0.9570745916234645,-0.10592856872063676,-0.8269089098557624,-0.8678373592226296,-0.9630781473263438,0.19127986170825362,-0.7560413627336926,-0.49475779551483945,-0.4743135168739868,-0.5684477025368564,undefined,1491592654932
903d185fccf839df,-0.32440871326711096,-0.7078304704990591,0.3728314977982453,0.39038966139635645,-0.7248548357025908,-2.0189273971673387,1.950981314863354,-0.7232622943084093,-0.202147275040551,-0.6863633217666167,0.2676040203438681,-0.31679164642416086,0.22703598484848486,-0.7761876270726683,-0.9276008604543482,0.0031842796502235537,-0.7773872129254683,-0.8025953730650344,-0.9636938670933345,0.25630749620865534,-0.7154073961024262,-0.49198409394869536,-0.5010788255180757,-0.5708049006633618,undefined,1491592656419
903d185fccf839df,-0.35905901121709505,-0.7553787876448647,0.6822671225944803,0.6145886796458924,-0.7714387614848294,-2.0387399058593054,1.9401544040520668,-0.8148886463112465,-0.21880593684691677,-0.7566085407054013,0.19895832127134,-0.19340373094626018,0.5751866087344029,-0.7937784634029349,-0.9412850885758758,-0.223123799008918,-0.9353797122299431,-0.8248936666956282,-0.9423745844744402,-0.0011853098365296724,-0.7734393605987216,-0.4853839302658493,-0.5474177131026485,-0.5368304957855775,undefined,1491592657926
903d185fccf839df,-0.558645236708851,-0.7236799412113194,0.7926428659202537,0.7902499960647845,-0.7273028367870978,-2.0126547551603973,2.0169210708096417,-0.2859592397638096,-0.2378166691516429,-0.7519845567922815,0.18705888877063145,-0.22976190096132748,-0.5432472704991087,-0.8132209820517784,-0.9539166865966066,-0.2716184296901021,-0.9697290506505944,-0.7973516947755306,-0.9408212932428018,-0.32546117393034474,-0.8337276113110037,-0.47031141384665454,-0.6166502336139134,-0.5126380694045402,undefined,1491592659424
903d185fccf839df,-0.6792284626644409,-0.7365942419419975,0.8079551253969123,0.7255258027644267,-0.7390079584244604,-2.0003773348294533,2.0385354563792406,-0.12971685166228294,-0.27719117321524367,-0.7519679463264656,0.11080724325742898,-0.06470444169866565,-0.6650999888591801,-0.7391542461920091,-0.914969277158085,-0.18473226584957664,-0.9748763098228038,-0.7730395245959828,-0.8684672719976683,-0.1659486772426294,-0.7671241600168015,-0.4479899189109115,-0.6001612844527939,-0.49168037306676576,undefined,1491592660932
903d185fccf839df,-0.5295388194246813,-0.6872849382578124,1.2788076125780656,1.2524080682130285,-0.7757998995217895,-1.9657019500291795,2.0102124421738807,-0.22155662200993284,-0.2720177183159829,-0.8441625315116708,0.013414020578625676,0.04101649983295311,-0.673803754456328,-0.7113792510026852,-0.8623376469602697,-0.19685589525515113,-0.9199680484996201,-0.7189371873690565,-0.8062376353876246,-0.14788629957637675,-0.71512610052512,-0.4554612760981774,-0.6293883070845134,-0.5031357741338034,undefined,1491592662428
903d185fccf839df,-0.43251785404416887,-0.610385915047926,1.2143686476822684,1.2365211292091032,-0.7227565582959907,-1.954670672705612,1.9681250224982545,-0.4565605215860059,-0.29827365627347535,-0.7287891737366411,0.04846292667786892,-0.02957603196302514,-0.7434338792335116,-0.7150825767875153,-0.8402323338589649,0.011266661567644493,-0.8913552546892224,-0.6987540956864984,-0.796686988112766,-0.02217339048171255,-0.6848695699624905,-0.42849929773705003,-0.6024018548679604,-0.479271604796761,undefined,1491592663927
903d185fccf839df,-0.45608008011383666,-0.6414977245623558,0.7996608577785808,0.8189541711974223,-0.8067907053568665,-1.9523717143455326,1.987501423846094,-0.37345678565539075,-0.27010653578952787,-0.7181689108839031,0.022691606193155293,0.059047672732513636,-0.8304715352049912,-0.678049241234567,-0.8865481760897654,-0.0008569254408476836,-0.915405214349947,-0.6441324567347526,-0.8032220091045589,-0.0005231777189369784,-0.6596436407362399,-0.42863122757956346,-0.6306071747995468,-0.48272331094395265,undefined,1491592665468
903d185fccf839df,-0.43113180624054337,-0.7371812861681113,0.3811255112796274,0.4199780417344396,-0.8664683170734099,-1.9871309515238877,1.9585130803634103,-0.6658398498459897,-0.3020648619089288,-0.7019611384301586,0.09159489014514487,0.03554120608927464,-0.9001016599821747,-0.6326833643872656,-0.8770744978203603,-0.0513721445352066,-0.9150235581124186,-0.6450507335015344,-0.8055309563574239,0.037187616027144065,-0.6536251972601215,-0.4220001258765245,-0.627072897273565,-0.4988723317915062,undefined,1491592666930
903d185fccf839df,-0.2856003064116602,-0.7336591961793829,0.37602142478740785,0.40054536377655464,-0.7733827608957955,-1.9782798419388037,1.966497162631518,-0.5895932185879751,-0.2577843441369944,-0.7577883897757105,0.08881385850318048,0.13651056618024623,-0.691211285650624,-0.6428675556232593,-0.8781271131966896,-0.07966063670214833,-0.9066849941533368,-0.6290600506828997,-0.8405010174371436,-0.007159904233010772,-0.6702454658915049,-0.41367180160907224,-0.5769997466408014,-0.47065260454095875,undefined,1491592668433
903d185fccf839df,-0.3036184447830552,-0.7606618860929668,0.55147452502593,0.5074814176673343,-0.8601426130006491,-1.9920083780274864,1.9619423398899178,-0.6469729091274012,-0.227400776788003,-0.6234278624042294,0.08424310406631488,0.11638663511653106,-0.17768911541889482,-0.665087562135338,-0.9233903474133947,-0.23120626572050354,-0.9751644989953355,-0.6226827770918493,-0.8598052187804713,-0.025607243546988356,-0.6861224191828785,-0.39886998334116747,-0.5419389138573056,-0.47157722123608425,undefined,1491592669912
903d185fccf839df,-0.31609256446699696,-0.7577268111023598,0.6414344306567239,0.6710824965415657,-0.8430786382349497,-1.9987934528127613,1.9873488947214415,-0.4813855462720443,-0.21535130709223024,-0.521216492539644,0.11694652275715538,-0.04108229780147865,-0.4475058489304813,-0.6567550596933085,-0.9381271909112515,-0.3504220702895989,-0.9962682753390522,-0.6463173223865029,-0.8878834208958646,-0.23662753967365283,-0.742690852013116,-0.39170577027317405,-0.5601493600276961,-0.5027243660011468,undefined,1491592671414
903d185fccf839df,-0.5032046012639917,-0.7489216007445352,0.689285368589757,0.7609365851155991,-0.9603252990745303,-1.9693705034793931,1.9566932584616112,-0.6944672639221987,-0.2976979210297386,-0.5055089494292687,0.08588280522104359,0.02964747485467858,-0.5301916221033868,-0.7261925865189419,-0.9476009059918256,-0.3463808793308884,-0.9825285384090768,-0.70074897378645,-0.8962586033256182,-0.20382885048265553,-0.7670972572134965,-0.382377339605275,-0.5311197427754518,-0.4873029213980275,undefined,1491592672926
903d185fccf839df,-0.5323108460211128,-0.768293095682541,0.797747460686372,0.7721255100968538,-0.992324103451438,-1.9836929951631712,1.9398388265889077,-0.8197830122853407,-0.31166690054616947,-0.6497822769107203,0.07739978061916648,-0.06811450120159729,-0.7173225824420678,-0.6826783919902174,-0.9486535213681548,-0.336277824206128,-0.9534562345011116,-0.6823327742314574,-0.8836293598828449,-0.21443838012211158,-0.7540233594888343,-0.3701438268391489,-0.535760744179,-0.49442146595342085,undefined,1491592674405
903d185fccf839df,-0.6556661675839537,-0.77533730488799,0.411112146489892,0.39760795928247,-1.0873948035006078,-1.9922389733492745,1.9428841421423748,-0.8275055947672126,-0.28452137801183003,-0.7528750292928943,0.08056448005788,0.011473422769508307,-0.9262129567736186,-0.686381730725822,-0.9907588431957681,-0.4009373317810401,-0.9541173640588911,-0.6510416970355007,-0.905046598300558,-0.32541497658812174,-0.7649252637114522,-0.38975903260337164,-0.5613840479685696,-0.48465741122141104,undefined,1491592675896
903d185fccf839df,-0.7069486941233463,-0.8598675230734545,0.23246861098830854,0.21768183699561736,-1.0883925136867072,-2.0216176682560256,1.9502186708113753,-0.7973262547100363,-0.2990774750586211,-0.6463665130649828,0.09504264980022034,0.017724976618308904,-0.9914911987522282,-0.6854558928042273,-0.9812851502018954,-0.4433700558990919,-0.9920736970557816,-0.6047035475279172,-0.9151779809393514,-0.3240137183082935,-0.7403269863545162,-0.41891089265016007,-0.5343487034788011,-0.49534621459168415,undefined,1491592677428
903d185fccf839df,-0.6334899203070918,-0.6955031628455081,0.2630936382155248,0.3086749071849192,-1.0430223049362533,-1.9629301562795716,1.9322150184913844,-0.8531292405047134,-0.2970263513657523,-0.4817521951359162,0.05613364545042845,-0.024121482596681593,-0.8391753008021391,-0.7252667421219599,-0.9381271909112515,-0.43730824826248504,-1.008772022680084,-0.6081423358395444,-0.8957128535147468,-0.27184378571515405,-0.7238380514753598,-0.4439761689809466,-0.5585664941414767,-0.5152719096817392,undefined,1491592678919
903d185fccf839df,-0.49488848696928744,-0.5781000755372536,0.5559407277750967,0.49508792788827705,-0.8922134146181385,-1.8902835129932185,1.9414693057838897,-0.660667003027321,-0.35415719185728395,-0.4374882014144644,0.02555035974230985,-0.04595571023188522,-0.7869527072192514,-0.7178600905522997,-0.9381271982734853,-0.2372680309600281,-0.9833181947570198,-0.631669221938792,-0.879830093754483,-0.13096341114070137,-0.7033775615754072,-0.42797634657706757,-0.563586246711289,-0.5177184388461835,undefined,1491592680438
903d185fccf839df,-0.4740982529906414,-0.6632173379488318,0.4449265924323719,0.43696831314291373,-0.9246030745582673,-1.7871215076673246,1.9454508271803281,-0.5120434737362539,-0.4459131966493757,-0.42847736200494024,-0.023878483721889537,-0.10193112787732916,-0.9175091911764707,-0.6632358862921485,-0.9370745608104547,-0.02914547413723249,-0.9423489151296087,-0.5920566595965886,-0.899456147615154,-0.016968719932636177,-0.6685862507119378,-0.4198482289874351,-0.5384820356224747,-0.5064015867252336,undefined,1491592682371
903d185fccf839df,-0.5295389229409104,-0.5722298963280473,0.5712529872517554,0.4680115917553151,-0.9438064703709426,-1.770474434175888,1.9492298542338262,-0.4632283715035117,-0.43375355028075957,-0.49467461396607754,-0.03568415951058339,-0.032240362935642156,-0.8739903631907309,-0.6373125280936904,-0.9328640477695013,-0.1604849929060669,-0.8916105061736013,-0.5842734721492739,-0.8822719798695865,-0.013796640426484808,-0.6595528355985233,-0.4149665739666871,-0.5178685575082531,-0.4860413382320502,undefined,1491592683406
903d185fccf839df,-0.6459641435072628,-0.5352479514464,0.6325017710214408,0.4680115917553151,-1.075360533544448,-1.801581425078354,1.9552863026095817,-0.47442252687312475,-0.36799426702525484,-0.7617606955595216,0.041005658852808734,-0.09146173894647344,-0.8348234180035651,-0.6123150337183764,-0.9191797901990385,-0.29788630517914744,-0.9161495621930904,-0.5936905611969722,-0.8952440678099498,-0.10812751931709408,-0.6837597449910567,-0.4455221318040447,-0.6085958538923648,-0.4969769468231971,undefined,1491592684909
903d185fccf839df,-0.7027906887341087,-0.6244743188448278,0.8628238010513232,0.9121181893421063,-1.1486769851554648,-1.9063016926274712,1.9792306971905362,-0.5018162485672963,-0.2830134465675486,-0.5847304641004062,0.2634295348827204,-0.03146244510400623,-0.7826008244206774,-0.5308416333381724,-0.9097061119296334,-0.27768022319434815,-0.8542381711754473,-0.5092280909895657,-0.9313755978864108,-0.10207592857391475,-0.6518273638318336,-0.42004540339211344,-0.5774779315928579,-0.431870745718519,undefined,1491592686422
903d185fccf839df,-0.6224018829321853,-0.7424644065372076,0.9412997662115725,0.9123072686325954,-1.0740439724376376,-1.977988690257136,1.95978853556704,-0.6934312473635904,-0.22687038717683553,-0.39803797624622783,0.36932103394789256,-0.027516880500333813,-0.7913045900178254,-0.5206574680037277,-0.8897060884788572,-0.2271649758352677,-0.9635224400401537,-0.47934293006385953,-0.9061241073896634,-0.1838570717198765,-0.6406115473453942,-0.43502161856434846,-0.5376509363733301,-0.4225566581958589,undefined,1491592687908
903d185fccf839df,-0.6154717646829919,-0.781794455253329,0.6605745008655978,0.6395015617145056,-1.1318084480779562,-2.0099528399119744,1.9450011302642838,-0.8085242291531894,-0.19325053564280367,-0.3902416879085052,0.30350730405083265,0.06271864435802303,-0.8304715352049912,-0.46510742582198167,-0.9149693066070201,-0.14432010187997812,-0.9185541922104611,-0.4320675052795886,-0.9324041286387369,-0.2838237761646666,-0.6319377291637612,-0.4129032293956802,-0.54241412256358,-0.4396000586302028,undefined,1491592689406
903d185fccf839df,-0.6598242419840107,-0.848714238109148,0.4525827221707012,0.43476667588894863,-1.2467922521761903,-2.041642138079692,1.9818578619467835,-0.6373259870444703,-0.20473377252693764,-0.42228866674223475,0.2151138804945823,-0.05354503047613594,-0.7869527072192514,-0.5975017176282814,-0.9539166571476714,-0.3908342766562797,-0.9769072430185554,-0.4991207125593214,-0.9665065845458085,-0.478691103570131,-0.7111090953135447,-0.4340003419928008,-0.554115724423985,-0.4575825595071541,undefined,1491592690911
903d185fccf839df,-0.6334899720652065,-0.8217115335815681,0.3938857275101763,0.3810011746606509,-1.2585488039391721,-2.029618605127475,1.9862943419612367,-0.6015163497425726,-0.2515246520840412,-0.6497742359053547,0.18196784485295903,0.036232880971221515,-0.6955631684491979,-0.5937983529911277,-1.0181272920765896,-0.6009774501569717,-0.9353585513273741,-0.5482580231335555,-1.0074939032180361,-0.603741880089484,-0.7687004175549135,-0.43864056687287006,-0.5816494009968066,-0.513019186327781,undefined,1491592692408
903d185fccf839df,-0.6029976622517551,-0.8064490851744274,0.5482845980367674,0.4998066307863258,-1.2539305241264198,-2.0160880541290354,1.914595309096912,-1.0568303396934675,-0.26371968977207577,-0.5780056418334164,0.15520695697843595,-0.008393117116995679,-0.7651932932263815,-0.6132408845907457,-1.0065483388811232,-0.7100903126601927,-0.9347625012293876,-0.5951724708092251,-1.0042543800818704,-0.7014912131960535,-0.8098176068113767,-0.47039693635720986,-0.589059466549052,-0.5191528225862336,undefined,1491592693939
903d185fccf839df,-0.5960675957606762,-0.6749576379112595,0.5425421195275963,0.5641527531270885,-1.1911877719116888,-1.9680544823468435,1.9231053625329664,-0.9535046436117564,-0.2445904681434924,-0.4960786757182625,0.1360919371468613,-0.08270004679835181,-0.8348234180035651,-0.6558291958701646,-0.9960220157864537,-0.693925421634104,-0.9642205255104621,-0.6553734317122933,-0.9984820107477053,-0.6386963542008003,-0.8342242700870758,-0.45630696912078544,-0.5641299719372617,-0.5092129363520891,undefined,1491592695430
903d185fccf839df,-0.6126997380865604,-0.6843498632672056,0.6446243576458863,0.7263377662428632,-1.2131683053185929,-1.932901603646894,1.93766659950024,-0.8321689925212493,-0.2555298015625789,-0.46314045977871854,0.09726620403484837,0.042096372927159065,-0.8913978943850268,-0.6123150272429891,-1.0065483388811232,-0.5928949975777469,-0.9374192377977806,-0.6326254986376713,-1.0041284370028425,-0.6035417029372949,-0.8174272867516664,-0.45267374565274954,-0.5406571687005806,-0.5136110187367078,undefined,1491592696939
903d185fccf839df,-0.5655752341891103,-0.6385626349577527,0.7983848361555259,0.8837105127155749,-1.092424507609965,-1.949693088720391,1.9663525208222126,-0.6318614658150475,-0.2848429081474189,-0.6145934150546883,0.11358326337852714,-0.035928917279340555,-0.8870460115864528,-0.5845399996767288,-1.0076009542574524,-0.578750751494276,-0.9349352580214676,-0.5932915865868698,-0.9955923280330323,-0.586264646163813,-0.7926700106028572,-0.4556671571780345,-0.5147002125757676,-0.5103064955404722,undefined,1491592698427
903d185fccf839df,-0.4879584549836184,-0.6960901778436295,0.6778009198453135,0.691799494379503,-1.1147856132156593,-1.9599999727332793,1.9749730218136532,-0.5876312464419502,-0.25426149448828567,-0.6886969697580143,0.0697055817754986,-0.03065739270480963,-0.9479723707664884,-0.5928725539218566,-1.0076009542574524,-0.5524828477405092,-0.936833055239432,-0.5884342182824734,-0.9878748458685056,-0.6061748354796705,-0.7924415497117809,-0.4540588145956647,-0.5500343188561684,-0.5132120688709765,undefined,1491592700178
903d185fccf839df,-0.4935024736710717,-0.7131136712451344,0.682905006337533,0.6998466933279043,-1.1333718673940756,-1.9662982357450818,1.9311657148628893,-0.884718906412417,-0.23270779709829886,-0.7207924113917779,0.06158048860868505,0.0356332643111541,-0.9436204879679144,-0.5928725539218566,-0.9981272907125148,-0.5848126015279652,-0.9305073557524044,-0.590682412418691,-1.009809847477524,-0.611718275328766,-0.8017830211233119,-0.4468385817257812,-0.5508940502281824,-0.49918798017249655,undefined,1491592701457
903d185fccf839df,-0.6085416981919132,-0.7453994669138183,0.6599363629855957,0.5982700418577848,-1.2074494568449647,-2.005296687596842,1.8998815456237905,-1.1392591059516592,-0.24625541809278306,-0.7358464284177726,0.0400670167963201,0.09434561622158767,-0.7434338792335116,-0.6299058765240303,-0.9981272759880473,-0.5848125732632437,-0.934130877605314,-0.6048935370729154,-1.0069411549936178,-0.5827999927612935,-0.8034486191232155,-0.46125193759058525,-0.5483185689167832,-0.5218079752513313,undefined,1491592702940
903d185fccf839df,-0.7499152098842637,-0.7706411410610303,0.45513501955376046,0.47846422825788165,-1.2068528890454182,-1.9947988066154638,1.888581269141525,-1.2062318337912463,-0.21536275960333776,-0.7122264299368167,0.04270594890159609,0.016731813391990983,-0.4866727941176471,-0.5900950272062976,-0.9939167555848599,-0.5161119171267035,-0.896866711564644,-0.5868573137233164,-1.0160510031404264,-0.52771975050553,-0.7890578737584272,-0.4438730055730817,-0.54674928070917,-0.5227826831131253,undefined,1491592704493
903d185fccf839df,-0.7859515901432831,-0.7747502460478801,0.45513501955376046,0.49626281599412925,-1.274923630601627,-2.00209165403803,1.8950085245195027,-1.1831784299507897,-0.1913813324563285,-0.6763480466125265,0.03958422801569343,-0.031219334638380333,-0.5650066844919787,-0.6104633449244122,-1.000232536189641,-0.5100501236224573,-0.887466532742685,-0.6000804998171942,-1.015001481533393,-0.5705890225202931,-0.8009787184392182,-0.4407991722926059,-0.5642390396822987,-0.5105792301940842,undefined,1491592705933
903d185fccf839df,-0.8510942841702429,-0.8287556843310324,0.7128916415477977,0.7907626596097662,-1.2524288115205853,-2.01712223623485,1.9083863478330922,-1.1200325902929602,-0.23667771641602936,-0.6062298312822851,0.06000720424541977,-0.13936645800700445,-0.2560230057932264,-0.6595325605073183,-1.0023378258401696,-0.47367916474393007,-0.916857609385597,-0.6365835864428415,-0.998754886824558,-0.5549749989454571,-0.8116021858066307,-0.44754522720562306,-0.5622404119111133,-0.5058584735203371,undefined,1491592707438
903d185fccf839df,-0.7665473694628527,-0.8205375035853253,0.6006017387189674,0.6554909889629903,-1.3426755167079447,-2.0003191046821223,1.9537215805476913,-0.8206305906145658,-0.2538557060021361,-0.582201862332173,0.06499908061427653,-0.08942207867578668,-0.5954698640819964,-0.7048984114530708,-1.0033904485787326,-0.44741123272544164,-0.941537687870419,-0.6780770324869538,-1.0110902640453505,-0.5564532501794814,-0.841503507351109,-0.4379453598478819,-0.5604133060064949,-0.4790116732693328,undefined,1491592708933
903d185fccf839df,-0.7554592803298317,-0.7735762452796296,0.4519448384276485,0.5229724026977418,-1.3974674266823488,-1.9466743961518855,1.9448933193212528,-0.8383944017556549,-0.30519351741656336,-0.6028151765472289,0.04037724371101981,-0.010920315843646899,-0.6650999888591801,-0.7178600776015251,-1.0076009616196862,-0.3766900447051696,-0.9508759263972142,-0.6596038360679082,-0.9979432564080741,-0.5081329279786274,-0.8199771922082859,-0.4434159598029946,-0.5682157171377847,-0.48539434320212904,undefined,1491592710415
903d185fccf839df,-0.6459640744964433,-0.6673264429356816,0.5355243818062185,0.533236847290979,-1.2612642266889977,-1.8881173215553224,1.9396231816573668,-0.7641113530103316,-0.35197590611065527,-0.39644353152068895,0.02517469175031067,0.08726540717755175,-0.6955631684491979,-0.6687909008709426,-0.9718114498457889,-0.4191227405584999,-0.8646353714555992,-0.6486225123237337,-0.939799757270488,-0.491733584224523,-0.7885895299948059,-0.4381814013336189,-0.5856758924319562,-0.4660216380274044,undefined,1491592711944
903d185fccf839df,-0.6930885956465984,-0.6861109228755659,0.5227639114387203,0.6094689295706028,-1.2084574573533071,-1.8669934512348936,1.9321624150894592,-0.776674461484631,-0.3984867309287199,-0.40980667007710875,0.03037884683085249,0.021176876184677226,-0.9566761363636364,-0.6549033968008934,-0.9823377655782247,-0.41508152133506787,-0.8741333828189694,-0.6325431681109056,-0.9282340284509123,-0.5157551605073479,-0.7759356613643609,-0.4470408603271263,-0.5892471694928567,-0.45859315259110683,undefined,1491592713430
903d185fccf839df,-0.6431920996581265,-0.6197781404038721,0.8034889226477455,0.7468258686083223,-1.1969271893427593,-1.9002363539610339,1.9957879429402163,-0.38193553710022526,-0.38335312151542106,-0.3291209612030231,0.006144052833636409,0.015176991210594466,-0.9479723707664884,-0.6058342071195364,-0.9823377508537571,-0.4211433855011178,-0.9137587476623191,-0.6122144186351807,-0.9020519621932056,-0.4659565882975397,-0.7501428723539602,-0.4541309497688517,-0.5798591055815524,-0.4749742294841668,undefined,1491592714920
903d185fccf839df,-0.4630101638576203,-0.6778926836738741,0.9259872525979643,0.8848938925657649,-1.153377547385702,-1.9532381920086792,2.003921930814643,-0.37914639999037375,-0.3506378639154856,-0.4168688861848117,0.02577527291682665,0.05284453336958424,-0.9436204879679144,-0.6039825442271214,-0.9886535756319408,-0.4332669866419708,-0.9243511065277039,-0.606565433456297,-0.9094825756562069,-0.44757084578090445,-0.7470686542758228,-0.4487682756686878,-0.6112977889767536,-0.47308507383853077,undefined,1491592716446
903d185fccf839df,-0.6833865025590882,-0.7618359453172019,0.7326695954997243,0.7421983711103293,-1.2221682890369427,-1.9601490450874484,2.007182890252129,-0.38140232694517456,-0.30182604327041396,-0.5924291792430234,0.024971162183703793,-0.025387562618133595,-0.8043602384135473,-0.560468330272235,-0.9591798665495257,-0.4171021662776858,-0.9349332055093452,-0.590606416402479,-0.8809635745901583,-0.43112530604427046,-0.7221058122863484,-0.4660095889774521,-0.6069904346488596,-0.4911013161317241,undefined,1491592717965
903d185fccf839df,-0.733283015800265,-0.7072434920359282,0.6612126387455999,0.6892167538372693,-1.2037774621160005,-1.9402247314778367,1.9501318773456178,-0.7329972974312875,-0.28758347236756704,-0.5898495673421507,-0.007163356854157507,-0.06160389215879349,-0.4779690285204991,-0.524360845591656,-0.9444430083272014,-0.38881368824310486,-0.9269441044745441,-0.5670605319317424,-0.8812084631298857,-0.425012123646351,-0.7093720771348416,-0.45674004435305504,-0.5891508462381562,-0.4708986945504445,undefined,1491592719471
903d185fccf839df,-0.6917025823483827,-0.7007862978286006,0.5444562790306533,0.578121650877356,-1.2129831610074409,-1.8862492709487644,1.898477223241551,-1.0183767848884104,-0.31623820025274,-0.5864632538668955,-0.009046028624518792,-0.01515439060621706,-0.5650066844919787,-0.5484324890946007,-0.9518114190327791,-0.40497852273975055,-0.9749530942278292,-0.5825319125604778,-0.9191311787176504,-0.4269215313663336,-0.7333689721551843,-0.4578856616996145,-0.5795288601314839,-0.4803695945476472,undefined,1491592720968
903d185fccf839df,-0.7138787951198348,-0.6955031628455081,0.5138320142142854,0.5662583190012274,-1.2210368624707395,-1.8890653213384763,1.8992240916153134,-1.0202512359963707,-0.30380698443344417,-0.4849383252205613,0.0016112711500015514,-0.007883718913607049,-0.5650066844919787,-0.5530616657518002,-0.9602324598391536,-0.4069991535500077,-0.9845583359818739,-0.5944695121951782,-0.9246446660493787,-0.40034381491645005,-0.7412487872416318,-0.44196760519036254,-0.5713420694228064,-0.4679842330489186,undefined,1491592722466
903d185fccf839df,-0.6806144414572469,-0.6878719678699301,0.5584925168842572,0.5930314357149052,-1.1912289109208585,-1.917763877913405,1.9161100842721466,-0.9296838990833598,-0.3235956588037794,-0.5071958481951642,0.041915256253631836,0.11158393038975935,-0.5824142156862745,-0.5604683561737841,-0.9465482758910287,-0.35244272936457754,-0.9693699925662561,-0.5745397379275158,-0.9383584158509137,-0.398773174705999,-0.7375012993073086,-0.4353713003537286,-0.541915485091578,-0.475536300423723,undefined,1491592723926
903d185fccf839df,-0.5184506957862504,-0.6878719678699301,0.6484524225150511,0.7313486779356619,-1.1608449635216527,-1.9209386311055188,1.9486565665064473,-0.7138175461140158,-0.28615369594975565,-0.48057583666183223,0.04874738044952792,0.03264181595394011,-0.8696384803921569,-0.5438033124374013,-0.9497061441067178,-0.29182442688073673,-0.9582645498595821,-0.5599613009122228,-0.9325790501095977,-0.36187849920129944,-0.7181825824022036,-0.4395158463047983,-0.5567106471085053,-0.4780233399475286,undefined,1491592725408
903d185fccf839df,-0.2856003064116602,-0.674370608299142,0.6586605954994902,0.7111820384087404,-0.9350533393724718,-1.9274628309135586,1.980335217787833,-0.4495571460708859,-0.2980530387569126,-0.18188920504266567,-0.009194688771693204,-0.004344418034158516,-0.9653799019607844,-0.5086216397768681,-0.9497061293822503,-0.24332989512607803,-0.9479314550577079,-0.5159473427917454,-0.9474052923144574,-0.30883085174444597,-0.6924428016452999,-0.4521813116967486,-0.5555203545602856,-0.46886387671577373,undefined,1491592726936
903d185fccf839df,-0.27728419211695593,-0.634453529970903,0.8117831902660769,0.7795136317067738,-0.9059448181259632,-1.9266033417459123,1.9463081472995638,-0.6639472979551883,-0.3083521603186764,-0.2011024565922054,-0.052847820246058955,-0.007613174941549679,-0.9088054255793226,-0.5456549882805909,-0.9497061661934192,-0.2736389757061946,-0.9297554131714697,-0.519468459265982,-0.9561443095643238,-0.24762203058388924,-0.687893059571038,-0.4363561355089084,-0.5687442672346974,-0.4571133869164561,undefined,1491592728431
903d185fccf839df,-0.4242017397494646,-0.6555861283592576,0.6057058252111869,0.5845884553439435,-0.9858646815221885,-1.920992204701588,1.944722372144659,-0.6976810020928028,-0.3670182194373195,-0.13657526742068862,-0.06954162197295136,0.005554723395386533,-0.843527183600713,-0.607685857061177,-0.9570745916234645,-0.2756595782517302,-0.943263768084596,-0.5288412156427621,-0.9567600286890231,-0.24525066983707555,-0.69104148996464,-0.4365763208263804,-0.6042792185094659,-0.4537733788485158,undefined,1491592729913
903d185fccf839df,-0.6625962685804422,-0.6778926836738741,0.24586721923580904,0.2637865147385637,-1.1817146418064433,-1.8785697703451687,1.922008735012387,-0.8745597444161778,-0.3668532103923379,-0.2955885492207834,0.009160780598723101,-0.016678938017083846,-0.8000083556149733,-0.5947241909127224,-1.0065483462433569,-0.25949471549036296,-0.9535620812869027,-0.5696760360980921,-1.0066472897075471,-0.24501969268420043,-0.7236379530706777,-0.42904681804527306,-0.6175006150547263,-0.45692013821557187,undefined,1491592731440
