timestamp, light1, light2, light3, UUID 
1508507508639,1073,7402,1073,,b152918cb29dbf4
1508507524848,1418,7622,1418,,b152918cb29dbf4
1508507525029,1570,7668,1570,,b152918cb29dbf4
1508507525029,1570,7668,1570,,b152918cb29dbf4
1508507525029,1570,7668,1570,,b152918cb29dbf4
1508507525243,1582,7627,1582,,b152918cb29dbf4
1508507525243,1582,7627,1582,,b152918cb29dbf4
1508507525445,1607,7576,1607,,b152918cb29dbf4
1508507525575,1777,7450,1777,,b152918cb29dbf4
1508507525575,1777,7450,1777,,b152918cb29dbf4
1508507525746,1520,7537,1520,,b152918cb29dbf4
1508507525746,1520,7537,1520,,b152918cb29dbf4
1508507525926,1387,7441,1387,,b152918cb29dbf4
1508507526107,1166,7220,1166,,b152918cb29dbf4
1508507526287,1371,7408,1371,,b152918cb29dbf4
1508507526287,1371,7408,1371,,b152918cb29dbf4
1508507526473,1630,7484,1630,,b152918cb29dbf4
1508507526473,1630,7484,1630,,b152918cb29dbf4
1508507526646,1716,7475,1716,,b152918cb29dbf4
1508507526646,1716,7475,1716,,b152918cb29dbf4
1508507526834,1836,7482,1836,,b152918cb29dbf4
1508507526834,1836,7482,1836,,b152918cb29dbf4
1508507527008,1913,7466,1913,,b152918cb29dbf4
1508507527188,1980,7457,1980,,b152918cb29dbf4
1508507527188,1980,7457,1980,,b152918cb29dbf4
1508507527367,2126,7461,2126,,b152918cb29dbf4
1508507527367,2126,7461,2126,,b152918cb29dbf4
1508507527547,2042,7349,2042,,b152918cb29dbf4
1508507527547,2042,7349,2042,,b152918cb29dbf4
1508507527728,1909,7260,1909,,b152918cb29dbf4
1508507527911,2063,7258,2063,,b152918cb29dbf4
1508507527911,2063,7258,2063,,b152918cb29dbf4
1508507528092,1866,7173,1866,,b152918cb29dbf4
1508507528092,1866,7173,1866,,b152918cb29dbf4
1508507528266,1812,7114,1812,,b152918cb29dbf4
1508507528266,1812,7114,1812,,b152918cb29dbf4
1508507528447,1975,7185,1975,,b152918cb29dbf4
1508507528447,1975,7185,1975,,b152918cb29dbf4
1508507528628,2363,7281,2363,,b152918cb29dbf4
1508507528808,2154,7422,2154,,b152918cb29dbf4
1508507528808,2154,7422,2154,,b152918cb29dbf4
1508507528987,2168,7444,2168,,b152918cb29dbf4
1508507528987,2168,7444,2168,,b152918cb29dbf4
1508507529168,2167,7330,2167,,b152918cb29dbf4
1508507529168,2167,7330,2167,,b152918cb29dbf4
1508507529346,2143,7355,2143,,b152918cb29dbf4
1508507529346,2143,7355,2143,,b152918cb29dbf4
1508507529536,2193,7464,2193,,b152918cb29dbf4
1508507529708,2467,7361,2467,,b152918cb29dbf4
1508507529708,2467,7361,2467,,b152918cb29dbf4
1508507529887,2731,7086,2731,,b152918cb29dbf4
1508507529887,2731,7086,2731,,b152918cb29dbf4
1508507530073,2749,7028,2749,,b152918cb29dbf4
1508507530073,2749,7028,2749,,b152918cb29dbf4
1508507530246,2608,7122,2608,,b152918cb29dbf4
1508507530246,2608,7122,2608,,b152918cb29dbf4
1508507530426,2334,7157,2334,,b152918cb29dbf4
1508507530606,2410,7045,2410,,b152918cb29dbf4
1508507530606,2410,7045,2410,,b152918cb29dbf4
1508507530789,2067,7173,2067,,b152918cb29dbf4
1508507530789,2067,7173,2067,,b152918cb29dbf4
1508507530968,2191,7206,2191,,b152918cb29dbf4
1508507530968,2191,7206,2191,,b152918cb29dbf4
1508507531156,2326,7115,2326,,b152918cb29dbf4
1508507531156,2326,7115,2326,,b152918cb29dbf4
1508507531336,2267,7191,2267,,b152918cb29dbf4
1508507531507,2212,7081,2212,,b152918cb29dbf4
1508507531507,2212,7081,2212,,b152918cb29dbf4
1508507531688,1998,7146,1998,,b152918cb29dbf4
1508507531688,1998,7146,1998,,b152918cb29dbf4
1508507531869,2039,7253,2039,,b152918cb29dbf4
1508507531869,2039,7253,2039,,b152918cb29dbf4
1508507532062,1639,7139,1639,,b152918cb29dbf4
1508507532062,1639,7139,1639,,b152918cb29dbf4
1508507532227,1791,7026,1791,,b152918cb29dbf4
1508507532412,1715,7155,1715,,b152918cb29dbf4
1508507532412,1715,7155,1715,,b152918cb29dbf4
1508507532589,1735,7192,1735,,b152918cb29dbf4
1508507532589,1735,7192,1735,,b152918cb29dbf4
1508507532766,1792,7159,1792,,b152918cb29dbf4
1508507532766,1792,7159,1792,,b152918cb29dbf4
1508507532954,1586,7328,1586,,b152918cb29dbf4
1508507532954,1586,7328,1586,,b152918cb29dbf4
1508507533126,1504,7431,1504,,b152918cb29dbf4
1508507533321,1903,7180,1903,,b152918cb29dbf4
1508507533321,1903,7180,1903,,b152918cb29dbf4
1508507533490,1736,7285,1736,,b152918cb29dbf4
1508507533490,1736,7285,1736,,b152918cb29dbf4
1508507533666,1816,7223,1816,,b152918cb29dbf4
1508507533666,1816,7223,1816,,b152918cb29dbf4
1508507533848,1855,7132,1855,,b152918cb29dbf4
1508507533848,1855,7132,1855,,b152918cb29dbf4
1508507534030,1947,7217,1947,,b152918cb29dbf4
1508507534208,1957,7154,1957,,b152918cb29dbf4
1508507534208,1957,7154,1957,,b152918cb29dbf4
1508507534388,2544,6673,2544,,b152918cb29dbf4
1508507534388,2544,6673,2544,,b152918cb29dbf4
1508507534569,2714,6498,2714,,b152918cb29dbf4
1508507534569,2714,6498,2714,,b152918cb29dbf4
1508507534747,2499,6692,2499,,b152918cb29dbf4
1508507534747,2499,6692,2499,,b152918cb29dbf4
1508507534927,2423,6675,2423,,b152918cb29dbf4
1508507534927,2423,6675,2423,,b152918cb29dbf4
1508507535111,2214,6785,2214,,b152918cb29dbf4
1508507535290,2158,6807,2158,,b152918cb29dbf4
1508507535290,2158,6807,2158,,b152918cb29dbf4
1508507535476,2331,6640,2331,,b152918cb29dbf4
1508507535476,2331,6640,2331,,b152918cb29dbf4
1508507535648,2525,6476,2525,,b152918cb29dbf4
1508507535648,2525,6476,2525,,b152918cb29dbf4
1508507535827,2394,6545,2394,,b152918cb29dbf4
1508507536007,2347,6559,2347,,b152918cb29dbf4
1508507536007,2347,6559,2347,,b152918cb29dbf4
1508507536188,2174,6564,2174,,b152918cb29dbf4
1508507536188,2174,6564,2174,,b152918cb29dbf4
1508507536382,2056,6584,2056,,b152918cb29dbf4
1508507536382,2056,6584,2056,,b152918cb29dbf4
1508507536558,2000,6571,2000,,b152918cb29dbf4
1508507536558,2000,6571,2000,,b152918cb29dbf4
1508507536766,2128,6450,2128,,b152918cb29dbf4
1508507536908,2008,6457,2008,,b152918cb29dbf4
1508507536908,2008,6457,2008,,b152918cb29dbf4
1508507537092,1748,6657,1748,,b152918cb29dbf4
1508507537092,1748,6657,1748,,b152918cb29dbf4
1508507537267,1781,6456,1781,,b152918cb29dbf4
1508507537267,1781,6456,1781,,b152918cb29dbf4
1508507537448,1535,6582,1535,,b152918cb29dbf4
1508507537448,1535,6582,1535,,b152918cb29dbf4
1508507537628,1514,6468,1514,,b152918cb29dbf4
1508507537628,1514,6468,1514,,b152918cb29dbf4
1508507537811,1699,6314,1699,,b152918cb29dbf4
1508507537993,2010,6156,2010,,b152918cb29dbf4
1508507537993,2010,6156,2010,,b152918cb29dbf4
1508507538168,1714,6441,1714,,b152918cb29dbf4
1508507538168,1714,6441,1714,,b152918cb29dbf4
1508507538349,1812,6427,1812,,b152918cb29dbf4
1508507538349,1812,6427,1812,,b152918cb29dbf4
1508507538533,1845,6596,1845,,b152918cb29dbf4
1508507538707,1794,6708,1794,,b152918cb29dbf4
1508507538707,1794,6708,1794,,b152918cb29dbf4
1508507538888,1650,6629,1650,,b152918cb29dbf4
1508507538888,1650,6629,1650,,b152918cb29dbf4
1508507539068,2326,6006,2326,,b152918cb29dbf4
1508507539068,2326,6006,2326,,b152918cb29dbf4
1508507539247,2384,5937,2384,,b152918cb29dbf4
1508507539247,2384,5937,2384,,b152918cb29dbf4
1508507539441,2024,6148,2024,,b152918cb29dbf4
1508507539609,2097,6166,2097,,b152918cb29dbf4
1508507539609,2097,6166,2097,,b152918cb29dbf4
1508507539792,1797,6314,1797,,b152918cb29dbf4
1508507539792,1797,6314,1797,,b152918cb29dbf4
1508507539966,1783,6203,1783,,b152918cb29dbf4
1508507539966,1783,6203,1783,,b152918cb29dbf4
1508507540157,1962,5975,1962,,b152918cb29dbf4
1508507540157,1962,5975,1962,,b152918cb29dbf4
1508507540330,2678,5698,2678,,b152918cb29dbf4
1508507540330,2678,5698,2678,,b152918cb29dbf4
1508507540512,2417,5784,2417,,b152918cb29dbf4
1508507540688,2333,5900,2333,,b152918cb29dbf4
1508507540688,2333,5900,2333,,b152918cb29dbf4
1508507540867,2455,5948,2455,,b152918cb29dbf4
1508507540867,2455,5948,2455,,b152918cb29dbf4
1508507541046,2235,6078,2235,,b152918cb29dbf4
1508507541046,2235,6078,2235,,b152918cb29dbf4
1508507541231,2092,6045,2092,,b152918cb29dbf4
1508507541231,2092,6045,2092,,b152918cb29dbf4
1508507541408,2617,5883,2617,,b152918cb29dbf4
1508507541588,2420,5883,2420,,b152918cb29dbf4
1508507541588,2420,5883,2420,,b152918cb29dbf4
1508507541767,2201,6021,2201,,b152918cb29dbf4
1508507541767,2201,6021,2201,,b152918cb29dbf4
1508507541949,2303,6010,2303,,b152918cb29dbf4
1508507542127,2077,6003,2077,,b152918cb29dbf4
1508507542127,2077,6003,2077,,b152918cb29dbf4
1508507542311,1983,5943,1983,,b152918cb29dbf4
1508507542311,1983,5943,1983,,b152918cb29dbf4
1508507542492,2164,5768,2164,,b152918cb29dbf4
1508507542492,2164,5768,2164,,b152918cb29dbf4
1508507542671,2536,5694,2536,,b152918cb29dbf4
1508507542671,2536,5694,2536,,b152918cb29dbf4
1508507542847,2069,5762,2069,,b152918cb29dbf4
1508507542847,2069,5762,2069,,b152918cb29dbf4
1508507543040,2019,5887,2019,,b152918cb29dbf4
1508507543040,2019,5887,2019,,b152918cb29dbf4
1508507543209,1500,5902,1500,,b152918cb29dbf4
1508507543387,1354,6652,1354,,b152918cb29dbf4
1508507543387,1354,6652,1354,,b152918cb29dbf4
1508507543573,1171,6706,1171,,b152918cb29dbf4
1508507543747,1375,6581,1375,,b152918cb29dbf4
1508507543747,1375,6581,1375,,b152918cb29dbf4
1508507543747,1375,6581,1375,,b152918cb29dbf4
1508507543926,1417,6626,1417,,b152918cb29dbf4
1508507544109,1275,6589,1275,,b152918cb29dbf4
1508507544109,1275,6589,1275,,b152918cb29dbf4
1508507544286,1442,6874,1442,,b152918cb29dbf4
1508507544286,1442,6874,1442,,b152918cb29dbf4
1508507544468,1369,6709,1369,,b152918cb29dbf4
1508507544468,1369,6709,1369,,b152918cb29dbf4
1508507544647,1510,6162,1510,,b152918cb29dbf4
1508507544647,1510,6162,1510,,b152918cb29dbf4
1508507544830,1713,6193,1713,,b152918cb29dbf4
1508507544830,1713,6193,1713,,b152918cb29dbf4
1508507545021,1891,6233,1891,,b152918cb29dbf4
1508507545188,1530,6358,1530,,b152918cb29dbf4
1508507545188,1530,6358,1530,,b152918cb29dbf4
1508507545368,1520,6610,1520,,b152918cb29dbf4
1508507545368,1520,6610,1520,,b152918cb29dbf4
1508507545549,1542,6493,1542,,b152918cb29dbf4
1508507545549,1542,6493,1542,,b152918cb29dbf4
1508507545735,2036,6393,2036,,b152918cb29dbf4
1508507545912,1949,6278,1949,,b152918cb29dbf4
1508507545912,1949,6278,1949,,b152918cb29dbf4
1508507546092,2573,5961,2573,,b152918cb29dbf4
1508507546092,2573,5961,2573,,b152918cb29dbf4
1508507546271,2565,5963,2565,,b152918cb29dbf4
1508507546271,2565,5963,2565,,b152918cb29dbf4
1508507546449,2075,6176,2075,,b152918cb29dbf4
1508507546449,2075,6176,2075,,b152918cb29dbf4
1508507546638,2179,6230,2179,,b152918cb29dbf4
1508507546638,2179,6230,2179,,b152918cb29dbf4
1508507546808,2223,6253,2223,,b152918cb29dbf4
1508507546987,2001,6289,2001,,b152918cb29dbf4
1508507546987,2001,6289,2001,,b152918cb29dbf4
1508507547170,2271,6031,2271,,b152918cb29dbf4
1508507547170,2271,6031,2271,,b152918cb29dbf4
1508507547349,2553,6094,2553,,b152918cb29dbf4
1508507547349,2553,6094,2553,,b152918cb29dbf4
1508507547533,2251,6044,2251,,b152918cb29dbf4
1508507547714,2284,6116,2284,,b152918cb29dbf4
1508507547714,2284,6116,2284,,b152918cb29dbf4
1508507547889,2174,6196,2174,,b152918cb29dbf4
1508507547889,2174,6196,2174,,b152918cb29dbf4
1508507548074,2172,6128,2172,,b152918cb29dbf4
1508507548074,2172,6128,2172,,b152918cb29dbf4
1508507548248,2155,5957,2155,,b152918cb29dbf4
1508507548248,2155,5957,2155,,b152918cb29dbf4
1508507548442,2466,5897,2466,,b152918cb29dbf4
1508507548442,2466,5897,2466,,b152918cb29dbf4
1508507548608,2428,5853,2428,,b152918cb29dbf4
1508507548786,2254,5872,2254,,b152918cb29dbf4
1508507548786,2254,5872,2254,,b152918cb29dbf4
1508507548968,2129,6043,2129,,b152918cb29dbf4
1508507548968,2129,6043,2129,,b152918cb29dbf4
1508507549150,1890,6007,1890,,b152918cb29dbf4
1508507549150,1890,6007,1890,,b152918cb29dbf4
1508507549328,1840,5672,1840,,b152918cb29dbf4
1508507549507,2168,5483,2168,,b152918cb29dbf4
1508507549507,2168,5483,2168,,b152918cb29dbf4
1508507549693,2170,5668,2170,,b152918cb29dbf4
1508507549693,2170,5668,2170,,b152918cb29dbf4
1508507549870,2006,5726,2006,,b152918cb29dbf4
1508507549870,2006,5726,2006,,b152918cb29dbf4
1508507550049,2096,5812,2096,,b152918cb29dbf4
1508507550049,2096,5812,2096,,b152918cb29dbf4
1508507550230,2000,5987,2000,,b152918cb29dbf4
1508507550230,2000,5987,2000,,b152918cb29dbf4
1508507550433,2144,5728,2144,,b152918cb29dbf4
1508507550592,2256,5594,2256,,b152918cb29dbf4
1508507550592,2256,5594,2256,,b152918cb29dbf4
1508507550769,2877,5754,2877,,b152918cb29dbf4
1508507550769,2877,5754,2877,,b152918cb29dbf4
1508507550951,2700,5729,2700,,b152918cb29dbf4
1508507550951,2700,5729,2700,,b152918cb29dbf4
1508507551129,2600,5792,2600,,b152918cb29dbf4
1508507551310,2559,5885,2559,,b152918cb29dbf4
1508507551310,2559,5885,2559,,b152918cb29dbf4
1508507551487,2437,5855,2437,,b152918cb29dbf4
1508507551487,2437,5855,2437,,b152918cb29dbf4
1508507551668,2398,5758,2398,,b152918cb29dbf4
1508507551668,2398,5758,2398,,b152918cb29dbf4
1508507551848,2921,5709,2921,,b152918cb29dbf4
1508507551848,2921,5709,2921,,b152918cb29dbf4
1508507552036,3123,5733,3123,,b152918cb29dbf4
1508507552036,3123,5733,3123,,b152918cb29dbf4
1508507552210,3045,5798,3045,,b152918cb29dbf4
1508507552388,3009,5868,3009,,b152918cb29dbf4
1508507552388,3009,5868,3009,,b152918cb29dbf4
1508507552569,2772,5951,2772,,b152918cb29dbf4
1508507552569,2772,5951,2772,,b152918cb29dbf4
1508507552747,2828,5884,2828,,b152918cb29dbf4
1508507552747,2828,5884,2828,,b152918cb29dbf4
1508507552933,2780,5763,2780,,b152918cb29dbf4
1508507553108,2966,5820,2966,,b152918cb29dbf4
1508507553108,2966,5820,2966,,b152918cb29dbf4
1508507553291,2810,5785,2810,,b152918cb29dbf4
1508507553291,2810,5785,2810,,b152918cb29dbf4
1508507553468,2744,5804,2744,,b152918cb29dbf4
1508507553468,2744,5804,2744,,b152918cb29dbf4
1508507553649,2548,5875,2548,,b152918cb29dbf4
1508507553649,2548,5875,2548,,b152918cb29dbf4
1508507553833,2323,5860,2323,,b152918cb29dbf4
1508507553833,2323,5860,2323,,b152918cb29dbf4
1508507554013,2262,5726,2262,,b152918cb29dbf4
1508507554189,2591,5567,2591,,b152918cb29dbf4
1508507554189,2591,5567,2591,,b152918cb29dbf4
1508507554372,2725,5543,2725,,b152918cb29dbf4
1508507554372,2725,5543,2725,,b152918cb29dbf4
1508507554548,2455,5468,2455,,b152918cb29dbf4
1508507554548,2455,5468,2455,,b152918cb29dbf4
1508507554732,2124,5591,2124,,b152918cb29dbf4
1508507554732,2124,5591,2124,,b152918cb29dbf4
1508507554908,2102,5634,2102,,b152918cb29dbf4
1508507555088,2320,5422,2320,,b152918cb29dbf4
1508507555088,2320,5422,2320,,b152918cb29dbf4
1508507555269,2371,5173,2371,,b152918cb29dbf4
1508507555269,2371,5173,2371,,b152918cb29dbf4
1508507555452,2366,5256,2366,,b152918cb29dbf4
1508507555452,2366,5256,2366,,b152918cb29dbf4
1508507555627,2222,5373,2222,,b152918cb29dbf4
1508507555807,2613,5189,2613,,b152918cb29dbf4
1508507555807,2613,5189,2613,,b152918cb29dbf4
1508507555988,3462,5129,3462,,b152918cb29dbf4
1508507555988,3462,5129,3462,,b152918cb29dbf4
1508507555988,3462,5129,3462,,b152918cb29dbf4
1508507555988,3462,5129,3462,,b152918cb29dbf4
1508507556351,3552,5162,3552,,b152918cb29dbf4
1508507556351,3552,5162,3552,,b152918cb29dbf4
1508507556529,2926,5323,2926,,b152918cb29dbf4
1508507556529,2926,5323,2926,,b152918cb29dbf4
1508507556707,2622,5524,2622,,b152918cb29dbf4
1508507556889,2531,5627,2531,,b152918cb29dbf4
1508507556889,2531,5627,2531,,b152918cb29dbf4
1508507557073,2388,5702,2388,,b152918cb29dbf4
1508507557073,2388,5702,2388,,b152918cb29dbf4
1508507557248,2514,5769,2514,,b152918cb29dbf4
1508507557248,2514,5769,2514,,b152918cb29dbf4
1508507557427,2562,5823,2562,,b152918cb29dbf4
1508507557427,2562,5823,2562,,b152918cb29dbf4
1508507557608,2694,5847,2694,,b152918cb29dbf4
1508507557788,2769,5817,2769,,b152918cb29dbf4
1508507557788,2769,5817,2769,,b152918cb29dbf4
1508507557967,2751,6018,2751,,b152918cb29dbf4
1508507558146,2617,6168,2617,,b152918cb29dbf4
1508507558146,2617,6168,2617,,b152918cb29dbf4
1508507558328,2557,6366,2557,,b152918cb29dbf4
1508507558328,2557,6366,2557,,b152918cb29dbf4
1508507558508,2485,6557,2485,,b152918cb29dbf4
1508507558686,2589,6417,2589,,b152918cb29dbf4
1508507558686,2589,6417,2589,,b152918cb29dbf4
1508507558867,2647,6250,2647,,b152918cb29dbf4
1508507558867,2647,6250,2647,,b152918cb29dbf4
1508507561211,2160,5846,2160,,b152918cb29dbf4
1508507561748,2211,5916,2211,,b152918cb29dbf4
1508507562290,2324,6189,2324,,b152918cb29dbf4
1508507563007,2173,6176,2173,,b152918cb29dbf4
1508507563368,2265,6475,2265,,b152918cb29dbf4
1508507563909,2335,6731,2335,,b152918cb29dbf4
1508507564453,2201,6842,2201,,b152918cb29dbf4
1508507565347,2237,6587,2237,,b152918cb29dbf4
1508507566248,2057,6652,2057,,b152918cb29dbf4
1508507567328,1656,6338,1656,,b152918cb29dbf4
1508507568413,1545,6663,1545,,b152918cb29dbf4
1508507569130,1735,6796,1735,,b152918cb29dbf4
1508507569308,1838,7048,1838,,b152918cb29dbf4
1508507570211,2046,6808,2046,,b152918cb29dbf4
1508507570388,1955,7005,1955,,b152918cb29dbf4
1508507571291,2130,7017,2130,,b152918cb29dbf4
1508507572009,2173,6951,2173,,b152918cb29dbf4
1508507572369,2109,6890,2109,,b152918cb29dbf4
1508507572548,2245,6803,2245,,b152918cb29dbf4
1508507573088,2128,6751,2128,,b152918cb29dbf4
1508507573088,2128,6751,2128,,b152918cb29dbf4
1508507573268,2163,6524,2163,,b152918cb29dbf4
1508507573268,2163,6524,2163,,b152918cb29dbf4
1508507575251,1445,6561,1445,,b152918cb29dbf4
1508507575434,1435,6630,1435,,b152918cb29dbf4
1508507576331,1674,6375,1674,,b152918cb29dbf4
1508507577409,2056,6197,2056,,b152918cb29dbf4
1508507577589,2064,6298,2064,,b152918cb29dbf4
1508507577769,2111,6339,2111,,b152918cb29dbf4
1508507578311,2345,6141,2345,,b152918cb29dbf4
1508507578848,2208,6292,2208,,b152918cb29dbf4
1508507579028,2151,6326,2151,,b152918cb29dbf4
1508507579391,2278,6054,2278,,b152918cb29dbf4
1508507579391,2278,6054,2278,,b152918cb29dbf4
1508507580288,1704,6046,1704,,b152918cb29dbf4
1508507581368,1349,5810,1349,,b152918cb29dbf4
1508507582271,1737,5486,1737,,b152918cb29dbf4
1508507582629,1890,5869,1890,,b152918cb29dbf4
1508507582809,2097,5804,2097,,b152918cb29dbf4
1508507582809,2097,5804,2097,,b152918cb29dbf4
1508507583349,2411,5627,2411,,b152918cb29dbf4
1508507583709,2220,5864,2220,,b152918cb29dbf4
1508507584431,2366,5992,2366,,b152918cb29dbf4
1508507584792,2360,5928,2360,,b152918cb29dbf4
1508507586228,2190,6234,2190,,b152918cb29dbf4
1508507587309,2468,6045,2468,,b152918cb29dbf4
1508507588210,2577,6357,2577,,b152918cb29dbf4
1508507589294,2881,6094,2881,,b152918cb29dbf4
1508507589472,2722,6357,2722,,b152918cb29dbf4
1508507590369,2841,6366,2841,,b152918cb29dbf4
1508507591451,2575,6797,2575,,b152918cb29dbf4
1508507592349,3410,5986,3410,,b152918cb29dbf4
1508507593250,3193,6337,3193,,b152918cb29dbf4
1508507594331,3475,6168,3475,,b152918cb29dbf4
1508507595230,3350,6295,3350,,b152918cb29dbf4
1508507595588,3263,6270,3263,,b152918cb29dbf4
1508507596310,3112,6811,3112,,b152918cb29dbf4
1508507597393,2444,7364,2444,,b152918cb29dbf4
1508507598291,2704,7223,2704,,b152918cb29dbf4
1508507598650,2841,6947,2841,,b152918cb29dbf4
1508507599371,2494,6938,2494,,b152918cb29dbf4
1508507600272,2003,7781,2003,,b152918cb29dbf4
1508507600452,1830,7787,1830,,b152918cb29dbf4
1508507600990,723,8111,723,,b152918cb29dbf4
1508507601351,220,7513,220,,b152918cb29dbf4
1508507602250,70,3983,70,,b152918cb29dbf4
1508507602617,17,4751,17,,b152918cb29dbf4
1508507602791,57,3879,57,,b152918cb29dbf4
1508507603333,68,3994,68,,b152918cb29dbf4
1508507604313,83,3823,83,,b152918cb29dbf4
1508507604410,79,3842,79,,b152918cb29dbf4
1508507604768,74,3950,74,,b152918cb29dbf4
1508507604768,74,3950,74,,b152918cb29dbf4
1508507604948,70,4000,70,,b152918cb29dbf4
1508507604948,70,4000,70,,b152918cb29dbf4
1508507605128,50,4071,50,,b152918cb29dbf4
1508507605128,50,4071,50,,b152918cb29dbf4
1508507605309,24,4273,24,,b152918cb29dbf4
1508507605489,10,4360,10,,b152918cb29dbf4
1508507605489,10,4360,10,,b152918cb29dbf4
1508507605672,7,4136,7,,b152918cb29dbf4
1508507605672,7,4136,7,,b152918cb29dbf4
1508507605849,7,4444,7,,b152918cb29dbf4
1508507605849,7,4444,7,,b152918cb29dbf4
1508507606030,11,4444,11,,b152918cb29dbf4
1508507606030,11,4444,11,,b152918cb29dbf4
1508507606214,44,3992,44,,b152918cb29dbf4
1508507606391,58,3847,58,,b152918cb29dbf4
1508507606391,58,3847,58,,b152918cb29dbf4
1508507606570,68,3746,68,,b152918cb29dbf4
1508507606570,68,3746,68,,b152918cb29dbf4
1508507606753,78,3866,78,,b152918cb29dbf4
1508507606753,78,3866,78,,b152918cb29dbf4
1508507606929,91,3820,91,,b152918cb29dbf4
1508507606929,91,3820,91,,b152918cb29dbf4
1508507607113,91,3800,91,,b152918cb29dbf4
1508507607304,78,3825,78,,b152918cb29dbf4
1508507607304,78,3825,78,,b152918cb29dbf4
1508507607472,87,3699,87,,b152918cb29dbf4
1508507607472,87,3699,87,,b152918cb29dbf4
1508507607649,87,3770,87,,b152918cb29dbf4
1508507607649,87,3770,87,,b152918cb29dbf4
1508507607829,84,3702,84,,b152918cb29dbf4
1508507607829,84,3702,84,,b152918cb29dbf4
1508507608011,87,3699,87,,b152918cb29dbf4
1508507608191,88,3734,88,,b152918cb29dbf4
1508507608191,88,3734,88,,b152918cb29dbf4
1508507608371,78,3740,78,,b152918cb29dbf4
1508507608371,78,3740,78,,b152918cb29dbf4
1508507608549,61,3749,61,,b152918cb29dbf4
1508507608549,61,3749,61,,b152918cb29dbf4
1508507608734,42,3983,42,,b152918cb29dbf4
1508507608734,42,3983,42,,b152918cb29dbf4
1508507608919,51,3700,51,,b152918cb29dbf4
1508507609090,55,3801,55,,b152918cb29dbf4
1508507609090,55,3801,55,,b152918cb29dbf4
1508507609273,65,3785,65,,b152918cb29dbf4
1508507609273,65,3785,65,,b152918cb29dbf4
1508507609459,72,3563,72,,b152918cb29dbf4
1508507609459,72,3563,72,,b152918cb29dbf4
1508507609629,71,3543,71,,b152918cb29dbf4
1508507609629,71,3543,71,,b152918cb29dbf4
1508507609810,67,3566,67,,b152918cb29dbf4
1508507609992,47,3585,47,,b152918cb29dbf4
1508507609992,47,3585,47,,b152918cb29dbf4
1508507610169,44,3658,44,,b152918cb29dbf4
1508507610169,44,3658,44,,b152918cb29dbf4
1508507610350,43,3626,43,,b152918cb29dbf4
1508507610350,43,3626,43,,b152918cb29dbf4
1508507610529,64,3663,64,,b152918cb29dbf4
1508507610529,64,3663,64,,b152918cb29dbf4
1508507610708,80,3634,80,,b152918cb29dbf4
1508507610889,91,3692,91,,b152918cb29dbf4
1508507610889,91,3692,91,,b152918cb29dbf4
1508507611069,89,3695,89,,b152918cb29dbf4
1508507611069,89,3695,89,,b152918cb29dbf4
1508507611249,74,3731,74,,b152918cb29dbf4
1508507612870,114,3766,114,,b152918cb29dbf4
1508507613411,63,3792,63,,b152918cb29dbf4
1508507613411,63,3792,63,,b152918cb29dbf4
1508507614310,83,3689,83,,b152918cb29dbf4
1508507615406,35,3605,35,,b152918cb29dbf4
1508507616291,46,3653,46,,b152918cb29dbf4
1508507616651,68,3677,68,,b152918cb29dbf4
1508507616651,68,3677,68,,b152918cb29dbf4
1508507617373,80,3752,80,,b152918cb29dbf4
1508507618272,67,3660,67,,b152918cb29dbf4
1508507618811,51,3492,51,,b152918cb29dbf4
1508507619353,72,3563,72,,b152918cb29dbf4
1508507620252,74,3603,74,,b152918cb29dbf4
1508507620252,74,3603,74,,b152918cb29dbf4
1508507621333,56,3738,56,,b152918cb29dbf4
1508507621690,61,3721,61,,b152918cb29dbf4
1508507622410,95,3716,95,,b152918cb29dbf4
1508507622592,94,3668,94,,b152918cb29dbf4
1508507623311,76,3882,76,,b152918cb29dbf4
1508507624398,64,3813,64,,b152918cb29dbf4
1508507624570,67,3778,67,,b152918cb29dbf4
1508507625482,76,3767,76,,b152918cb29dbf4
1508507626373,75,3749,75,,b152918cb29dbf4
1508507627453,81,3731,81,,b152918cb29dbf4
1508507627812,74,3731,74,,b152918cb29dbf4
1508507628353,44,3658,44,,b152918cb29dbf4
1508507628893,34,3836,34,,b152918cb29dbf4
1508507629254,48,3917,48,,b152918cb29dbf4
1508507629791,83,3710,83,,b152918cb29dbf4
1508507629791,83,3710,83,,b152918cb29dbf4
1508507629971,102,3686,102,,b152918cb29dbf4
1508507630332,103,3686,103,,b152918cb29dbf4
1508507630512,101,3754,101,,b152918cb29dbf4
1508507631229,98,3726,98,,b152918cb29dbf4
1508507632134,82,3726,82,,b152918cb29dbf4
1508507633211,89,3590,89,,b152918cb29dbf4
1508507633571,68,3772,68,,b152918cb29dbf4
1508507634470,97,3864,97,,b152918cb29dbf4
1508507635373,100,3767,100,,b152918cb29dbf4
1508507635551,99,3808,99,,b152918cb29dbf4
1508507635912,101,3659,101,,b152918cb29dbf4
1508507636273,86,3663,86,,b152918cb29dbf4
1508507637351,78,3722,78,,b152918cb29dbf4
1508507638252,53,3938,53,,b152918cb29dbf4
1508507639332,50,3776,50,,b152918cb29dbf4
1508507640230,14,3847,14,,b152918cb29dbf4
1508507641318,37,3822,37,,b152918cb29dbf4
1508507641490,37,3822,37,,b152918cb29dbf4
1508507642389,33,4007,33,,b152918cb29dbf4
1508507642570,32,3716,32,,b152918cb29dbf4
1508507642570,32,3716,32,,b152918cb29dbf4
1508507642750,20,3829,20,,b152918cb29dbf4
1508507642750,20,3829,20,,b152918cb29dbf4
1508507642939,33,3798,33,,b152918cb29dbf4
1508507642939,33,3798,33,,b152918cb29dbf4
1508507643111,42,3734,42,,b152918cb29dbf4
1508507643289,40,3634,40,,b152918cb29dbf4
1508507643289,40,3634,40,,b152918cb29dbf4
1508507643470,45,3795,45,,b152918cb29dbf4
1508507643470,45,3795,45,,b152918cb29dbf4
1508507643657,50,3740,50,,b152918cb29dbf4
1508507643657,50,3740,50,,b152918cb29dbf4
1508507643832,50,3740,50,,b152918cb29dbf4
1508507643832,50,3740,50,,b152918cb29dbf4
1508507644010,49,3813,49,,b152918cb29dbf4
1508507644190,40,3675,40,,b152918cb29dbf4
1508507644550,19,4024,19,,b152918cb29dbf4
1508507646350,57,3879,57,,b152918cb29dbf4
1508507647250,83,3769,83,,b152918cb29dbf4
1508507648335,77,3931,77,,b152918cb29dbf4
1508507649233,64,3939,64,,b152918cb29dbf4
1508507649956,60,3703,60,,b152918cb29dbf4
1508507650312,46,3689,46,,b152918cb29dbf4
1508507650671,41,3875,41,,b152918cb29dbf4
1508507650853,45,3658,45,,b152918cb29dbf4
1508507650853,45,3658,45,,b152918cb29dbf4
1508507651051,46,3795,46,,b152918cb29dbf4
1508507651215,46,3689,46,,b152918cb29dbf4
1508507651215,46,3689,46,,b152918cb29dbf4
1508507651395,47,3785,47,,b152918cb29dbf4
1508507651395,47,3785,47,,b152918cb29dbf4
1508507651571,48,3748,48,,b152918cb29dbf4
1508507651571,48,3748,48,,b152918cb29dbf4
1508507651751,46,3795,46,,b152918cb29dbf4
1508507651751,46,3795,46,,b152918cb29dbf4
1508507651930,42,3669,42,,b152918cb29dbf4
1508507652120,35,3746,35,,b152918cb29dbf4
1508507652120,35,3746,35,,b152918cb29dbf4
1508507652290,34,3890,34,,b152918cb29dbf4
1508507652290,34,3890,34,,b152918cb29dbf4
1508507652470,36,3873,36,,b152918cb29dbf4
1508507652470,36,3873,36,,b152918cb29dbf4
1508507652650,22,4038,22,,b152918cb29dbf4
1508507654273,34,3852,34,,b152918cb29dbf4
1508507654450,19,4136,19,,b152918cb29dbf4
1508507655352,59,3785,59,,b152918cb29dbf4
1508507656258,23,3785,23,,b152918cb29dbf4
1508507657333,43,3663,43,,b152918cb29dbf4
1508507658233,55,3745,55,,b152918cb29dbf4
1508507658591,54,3843,54,,b152918cb29dbf4
1508507659312,34,4136,34,,b152918cb29dbf4
1508507660395,68,3929,68,,b152918cb29dbf4
1508507661292,38,4136,38,,b152918cb29dbf4
1508507661492,30,3996,30,,b152918cb29dbf4
1508507662372,73,3829,73,,b152918cb29dbf4
1508507662552,65,3764,65,,b152918cb29dbf4
1508507662738,60,3955,60,,b152918cb29dbf4
1508507662738,60,3955,60,,b152918cb29dbf4
1508507662738,60,3955,60,,b152918cb29dbf4
1508507662916,51,3829,51,,b152918cb29dbf4
1508507663091,43,3935,43,,b152918cb29dbf4
1508507665253,67,3706,67,,b152918cb29dbf4
1508507665621,78,3762,78,,b152918cb29dbf4
1508507666333,92,3775,92,,b152918cb29dbf4
1508507666545,101,3816,101,,b152918cb29dbf4
1508507667427,90,3800,90,,b152918cb29dbf4
1508507668313,86,3574,86,,b152918cb29dbf4
1508507669394,109,3765,109,,b152918cb29dbf4
1508507670292,75,3708,75,,b152918cb29dbf4
1508507671373,36,3644,36,,b152918cb29dbf4
1508507672272,68,3588,68,,b152918cb29dbf4
1508507672464,53,3579,53,,b152918cb29dbf4
1508507673352,34,3798,34,,b152918cb29dbf4
1508507674252,34,3836,34,,b152918cb29dbf4
1508507675334,49,3839,49,,b152918cb29dbf4
1508507676241,63,3667,63,,b152918cb29dbf4
1508507676413,64,3792,64,,b152918cb29dbf4
1508507677312,69,3798,69,,b152918cb29dbf4
1508507678394,90,3730,90,,b152918cb29dbf4
1508507679293,98,3692,98,,b152918cb29dbf4
1508507680012,89,3785,89,,b152918cb29dbf4
1508507680371,91,3726,91,,b152918cb29dbf4
1508507681093,48,3490,48,,b152918cb29dbf4
1508507681273,46,3489,46,,b152918cb29dbf4
1508507682353,78,3740,78,,b152918cb29dbf4
1508507683432,50,3673,50,,b152918cb29dbf4
1508507684334,49,3678,49,,b152918cb29dbf4
1508507685233,42,4110,42,,b152918cb29dbf4
1508507685413,39,4054,39,,b152918cb29dbf4
1508507686313,53,3785,53,,b152918cb29dbf4
1508507687392,68,3844,68,,b152918cb29dbf4
1508507687574,45,4185,45,,b152918cb29dbf4
1508507688322,70,4012,70,,b152918cb29dbf4
1508507688655,67,3881,67,,b152918cb29dbf4
1508507689372,32,3970,32,,b152918cb29dbf4
1508507690275,50,3803,50,,b152918cb29dbf4
1508507690454,48,3813,48,,b152918cb29dbf4
1508507691354,53,3726,53,,b152918cb29dbf4
1508507691533,48,3649,48,,b152918cb29dbf4
1508507692253,44,3734,44,,b152918cb29dbf4
1508507693331,41,3906,41,,b152918cb29dbf4
1508507693513,44,3805,44,,b152918cb29dbf4
1508507694412,39,3718,39,,b152918cb29dbf4
1508507695311,46,4089,46,,b152918cb29dbf4
1508507696032,46,3835,46,,b152918cb29dbf4
1508507696032,46,3835,46,,b152918cb29dbf4
1508507696211,38,3808,38,,b152918cb29dbf4
1508507696211,38,3808,38,,b152918cb29dbf4
1508507696392,29,3890,29,,b152918cb29dbf4
1508507696392,29,3890,29,,b152918cb29dbf4
1508507696571,25,3890,25,,b152918cb29dbf4
1508507696571,25,3890,25,,b152918cb29dbf4
1508507696753,24,3917,24,,b152918cb29dbf4
1508507696753,24,3917,24,,b152918cb29dbf4
1508507696934,25,4094,25,,b152918cb29dbf4
1508507696934,25,4094,25,,b152918cb29dbf4
1508507697111,18,4259,18,,b152918cb29dbf4
1508507697292,38,4079,38,,b152918cb29dbf4
1508507697292,38,4079,38,,b152918cb29dbf4
1508507697480,63,3764,63,,b152918cb29dbf4
1508507697480,63,3764,63,,b152918cb29dbf4
1508507697651,67,3633,67,,b152918cb29dbf4
1508507697651,67,3633,67,,b152918cb29dbf4
1508507697832,69,3609,69,,b152918cb29dbf4
1508507698014,76,3642,76,,b152918cb29dbf4
1508507698014,76,3642,76,,b152918cb29dbf4
1508507698204,79,3757,79,,b152918cb29dbf4
1508507698204,79,3757,79,,b152918cb29dbf4
1508507698373,74,3708,74,,b152918cb29dbf4
1508507698373,74,3708,74,,b152918cb29dbf4
1508507698553,68,3633,68,,b152918cb29dbf4
1508507698553,68,3633,68,,b152918cb29dbf4
1508507698739,52,3914,52,,b152918cb29dbf4
1508507698739,52,3914,52,,b152918cb29dbf4
1508507698914,54,3752,54,,b152918cb29dbf4
1508507699092,54,3810,54,,b152918cb29dbf4
1508507699092,54,3810,54,,b152918cb29dbf4
1508507699273,61,3546,61,,b152918cb29dbf4
1508507699273,61,3546,61,,b152918cb29dbf4
1508507699455,70,3607,70,,b152918cb29dbf4
1508507699455,70,3607,70,,b152918cb29dbf4
1508507699633,74,3644,74,,b152918cb29dbf4
1508507699633,74,3644,74,,b152918cb29dbf4
1508507699813,75,3582,75,,b152918cb29dbf4
1508507699992,76,3602,76,,b152918cb29dbf4
1508507699992,76,3602,76,,b152918cb29dbf4
1508507700171,74,3562,74,,b152918cb29dbf4
1508507700171,74,3562,74,,b152918cb29dbf4
1508507700355,56,3630,56,,b152918cb29dbf4
1508507700532,45,3795,45,,b152918cb29dbf4
1508507700532,45,3795,45,,b152918cb29dbf4
1508507700532,45,3795,45,,b152918cb29dbf4
1508507700721,47,3785,47,,b152918cb29dbf4
1508507700891,56,3801,56,,b152918cb29dbf4
1508507700891,56,3801,56,,b152918cb29dbf4
1508507701072,71,3607,71,,b152918cb29dbf4
1508507701072,71,3607,71,,b152918cb29dbf4
1508507701253,74,3625,74,,b152918cb29dbf4
1508507701253,74,3625,74,,b152918cb29dbf4
1508507701442,76,3663,76,,b152918cb29dbf4
1508507701620,72,3760,72,,b152918cb29dbf4
1508507701620,72,3760,72,,b152918cb29dbf4
1508507701794,72,3693,72,,b152918cb29dbf4
1508507701794,72,3693,72,,b152918cb29dbf4
1508507701974,68,3701,68,,b152918cb29dbf4
1508507701974,68,3701,68,,b152918cb29dbf4
1508507702152,75,3815,75,,b152918cb29dbf4
1508507702152,75,3815,75,,b152918cb29dbf4
1508507702335,75,3767,75,,b152918cb29dbf4
1508507702335,75,3767,75,,b152918cb29dbf4
1508507702512,72,3712,72,,b152918cb29dbf4
1508507702696,74,3685,74,,b152918cb29dbf4
1508507702696,74,3685,74,,b152918cb29dbf4
1508507702872,80,3579,80,,b152918cb29dbf4
1508507703073,79,3619,79,,b152918cb29dbf4
1508507703242,73,3584,73,,b152918cb29dbf4
1508507703242,73,3584,73,,b152918cb29dbf4
1508507703412,68,3588,68,,b152918cb29dbf4
1508507703601,65,3592,65,,b152918cb29dbf4
1508507703601,65,3592,65,,b152918cb29dbf4
1508507703773,59,3651,59,,b152918cb29dbf4
1508507703773,59,3651,59,,b152918cb29dbf4
1508507703962,56,3659,56,,b152918cb29dbf4
1508507703962,56,3659,56,,b152918cb29dbf4
1508507704144,48,3553,48,,b152918cb29dbf4
1508507704144,48,3553,48,,b152918cb29dbf4
1508507704323,49,3522,49,,b152918cb29dbf4
1508507704497,52,3854,52,,b152918cb29dbf4
1508507704497,52,3854,52,,b152918cb29dbf4
1508507704672,48,3813,48,,b152918cb29dbf4
1508507704672,48,3813,48,,b152918cb29dbf4
1508507704852,41,3953,41,,b152918cb29dbf4
1508507704852,41,3953,41,,b152918cb29dbf4
1508507705048,39,3922,39,,b152918cb29dbf4
1508507705048,39,3922,39,,b152918cb29dbf4
1508507705219,47,4000,47,,b152918cb29dbf4
1508507705401,71,3873,71,,b152918cb29dbf4
1508507705401,71,3873,71,,b152918cb29dbf4
1508507705573,83,3823,83,,b152918cb29dbf4
1508507705573,83,3823,83,,b152918cb29dbf4
1508507705754,93,3723,93,,b152918cb29dbf4
1508507705754,93,3723,93,,b152918cb29dbf4
1508507705932,91,3876,91,,b152918cb29dbf4
1508507705932,91,3876,91,,b152918cb29dbf4
1508507706111,89,3715,89,,b152918cb29dbf4
1508507706292,82,3790,82,,b152918cb29dbf4
1508507706292,82,3790,82,,b152918cb29dbf4
1508507706477,85,3759,85,,b152918cb29dbf4
1508507706477,85,3759,85,,b152918cb29dbf4
1508507706652,70,3746,70,,b152918cb29dbf4
1508507706652,70,3746,70,,b152918cb29dbf4
1508507706832,74,3839,74,,b152918cb29dbf4
1508507706832,74,3839,74,,b152918cb29dbf4
1508507707013,76,3874,76,,b152918cb29dbf4
1508507707192,81,3790,81,,b152918cb29dbf4
1508507707192,81,3790,81,,b152918cb29dbf4
1508507707372,89,3765,89,,b152918cb29dbf4
1508507707372,89,3765,89,,b152918cb29dbf4
1508507707551,97,3709,97,,b152918cb29dbf4
1508507708092,91,3671,91,,b152918cb29dbf4
1508507710252,34,3890,34,,b152918cb29dbf4
1508507711334,6,3983,6,,b152918cb29dbf4
1508507712232,28,3955,28,,b152918cb29dbf4
1508507712594,34,4136,34,,b152918cb29dbf4
1508507713314,82,3829,82,,b152918cb29dbf4
1508507714395,141,6478,141,,b152918cb29dbf4
1508507714395,141,6478,141,,b152918cb29dbf4
1508507715473,1534,7920,1534,,b152918cb29dbf4
1508507716373,2493,6232,2493,,b152918cb29dbf4
1508507717453,3173,5341,3173,,b152918cb29dbf4
1508507718353,3602,5689,3602,,b152918cb29dbf4
1508507719436,3470,5927,3470,,b152918cb29dbf4
1508507719613,3223,5169,3223,,b152918cb29dbf4
1508507719794,3648,5520,3648,,b152918cb29dbf4
1508507720334,3500,5129,3500,,b152918cb29dbf4
1508507720512,3446,6149,3446,,b152918cb29dbf4
1508507721234,3219,5681,3219,,b152918cb29dbf4
1508507722314,3192,5737,3192,,b152918cb29dbf4
1508507722673,3198,5837,3198,,b152918cb29dbf4
1508507723393,3249,5528,3249,,b152918cb29dbf4
1508507723935,2809,6037,2809,,b152918cb29dbf4
1508507724483,3110,5825,3110,,b152918cb29dbf4
1508507725376,3165,5768,3165,,b152918cb29dbf4
1508507725733,2722,6018,2722,,b152918cb29dbf4
1508507727356,2977,6085,2977,,b152918cb29dbf4
1508507728255,2829,6048,2829,,b152918cb29dbf4
1508507729335,2837,5639,2837,,b152918cb29dbf4
1508507729513,3205,5883,3205,,b152918cb29dbf4
1508507729873,3112,5368,3112,,b152918cb29dbf4
1508507730415,2990,5274,2990,,b152918cb29dbf4
1508507730956,3048,5633,3048,,b152918cb29dbf4
1508507731316,3126,5774,3126,,b152918cb29dbf4
1508507732395,3402,6271,3402,,b152918cb29dbf4
1508507733294,3090,6251,3090,,b152918cb29dbf4
1508507734375,3049,6292,3049,,b152918cb29dbf4
1508507735274,3462,6553,3462,,b152918cb29dbf4
1508507735454,3143,6462,3143,,b152918cb29dbf4
1508507736355,3294,6591,3294,,b152918cb29dbf4
1508507737078,3242,6871,3242,,b152918cb29dbf4
1508507737252,2803,6500,2803,,b152918cb29dbf4
1508507737978,2619,6137,2619,,b152918cb29dbf4
1508507738332,2699,5711,2699,,b152918cb29dbf4
1508507738872,2710,5261,2710,,b152918cb29dbf4
1508507738872,2710,5261,2710,,b152918cb29dbf4
1508507739054,2767,5408,2767,,b152918cb29dbf4
1508507739054,2767,5408,2767,,b152918cb29dbf4
1508507739232,2630,5573,2630,,b152918cb29dbf4
1508507739232,2630,5573,2630,,b152918cb29dbf4
1508507739413,2542,5440,2542,,b152918cb29dbf4
1508507740494,2665,5871,2665,,b152918cb29dbf4
1508507741393,2335,5436,2335,,b152918cb29dbf4
1508507742474,2494,6049,2494,,b152918cb29dbf4
1508507743194,2470,6707,2470,,b152918cb29dbf4
1508507743374,2741,6890,2741,,b152918cb29dbf4
1508507743374,2741,6890,2741,,b152918cb29dbf4
1508507743552,2400,6105,2400,,b152918cb29dbf4
1508507743913,2108,6367,2108,,b152918cb29dbf4
1508507744096,2146,6651,2146,,b152918cb29dbf4
1508507744096,2146,6651,2146,,b152918cb29dbf4
1508507744273,2304,6464,2304,,b152918cb29dbf4
1508507744273,2304,6464,2304,,b152918cb29dbf4
1508507744456,2435,6491,2435,,b152918cb29dbf4
1508507746075,2859,6833,2859,,b152918cb29dbf4
1508507746437,2674,6923,2674,,b152918cb29dbf4
1508507746792,2676,6934,2676,,b152918cb29dbf4
1508507747335,2880,6756,2880,,b152918cb29dbf4
1508507748240,2260,6367,2260,,b152918cb29dbf4
1508507748240,2260,6367,2260,,b152918cb29dbf4
1508507748413,2273,6363,2273,,b152918cb29dbf4
1508507748592,2350,6548,2350,,b152918cb29dbf4
1508507748592,2350,6548,2350,,b152918cb29dbf4
1508507748772,2232,6582,2232,,b152918cb29dbf4
1508507748772,2232,6582,2232,,b152918cb29dbf4
1508507748954,2087,6649,2087,,b152918cb29dbf4
1508507748954,2087,6649,2087,,b152918cb29dbf4
1508507750214,2301,6830,2301,,b152918cb29dbf4
1508507750214,2301,6830,2301,,b152918cb29dbf4
1508507750408,2180,6827,2180,,b152918cb29dbf4
1508507750580,2122,6784,2122,,b152918cb29dbf4
1508507750580,2122,6784,2122,,b152918cb29dbf4
1508507750758,2113,6736,2113,,b152918cb29dbf4
1508507751297,2394,6595,2394,,b152918cb29dbf4
1508507751297,2394,6595,2394,,b152918cb29dbf4
1508507751477,2843,6594,2843,,b152918cb29dbf4
1508507751477,2843,6594,2843,,b152918cb29dbf4
1508507751653,2732,6577,2732,,b152918cb29dbf4
1508507751653,2732,6577,2732,,b152918cb29dbf4
1508507751832,2757,6462,2757,,b152918cb29dbf4
1508507751832,2757,6462,2757,,b152918cb29dbf4
1508507752733,3087,6330,3087,,b152918cb29dbf4
1508507754354,3746,6021,3746,,b152918cb29dbf4
1508507756336,3115,5851,3115,,b152918cb29dbf4
1508507756515,3194,5597,3194,,b152918cb29dbf4
1508507757417,3600,5875,3600,,b152918cb29dbf4
1508507758316,3701,5607,3701,,b152918cb29dbf4
1508507759394,3963,5396,3963,,b152918cb29dbf4
1508507760294,3980,5453,3980,,b152918cb29dbf4
1508507760663,3736,5792,3736,,b152918cb29dbf4
1508507761378,4014,5582,4014,,b152918cb29dbf4
1508507762094,3831,5757,3831,,b152918cb29dbf4
1508507763357,3669,5581,3669,,b152918cb29dbf4
1508507764254,3499,6039,3499,,b152918cb29dbf4
1508507765336,3391,5947,3391,,b152918cb29dbf4
1508507766056,3608,5584,3608,,b152918cb29dbf4
1508507766416,3352,5650,3352,,b152918cb29dbf4
1508507766597,3246,6063,3246,,b152918cb29dbf4
1508507767135,3183,5975,3183,,b152918cb29dbf4
1508507767315,3039,5940,3039,,b152918cb29dbf4
1508507767493,2587,6070,2587,,b152918cb29dbf4
1508507767493,2587,6070,2587,,b152918cb29dbf4
1508507767674,2566,6091,2566,,b152918cb29dbf4
1508507767853,2757,6016,2757,,b152918cb29dbf4
1508507768034,2895,5859,2895,,b152918cb29dbf4
1508507768034,2895,5859,2895,,b152918cb29dbf4
1508507768213,3013,5944,3013,,b152918cb29dbf4
1508507768393,2926,5947,2926,,b152918cb29dbf4
1508507768393,2926,5947,2926,,b152918cb29dbf4
1508507768574,2855,5849,2855,,b152918cb29dbf4
1508507768574,2855,5849,2855,,b152918cb29dbf4
1508507768754,2868,5929,2868,,b152918cb29dbf4
1508507768754,2868,5929,2868,,b152918cb29dbf4
1508507768935,2886,6106,2886,,b152918cb29dbf4
1508507768935,2886,6106,2886,,b152918cb29dbf4
1508507769114,2810,5857,2810,,b152918cb29dbf4
1508507769294,3133,5897,3133,,b152918cb29dbf4
1508507769294,3133,5897,3133,,b152918cb29dbf4
1508507769474,3107,5910,3107,,b152918cb29dbf4
1508507769474,3107,5910,3107,,b152918cb29dbf4
1508507769655,2967,5999,2967,,b152918cb29dbf4
1508507769655,2967,5999,2967,,b152918cb29dbf4
1508507769834,2951,5689,2951,,b152918cb29dbf4
1508507769834,2951,5689,2951,,b152918cb29dbf4
1508507770018,3012,6071,3012,,b152918cb29dbf4
1508507770193,2927,5907,2927,,b152918cb29dbf4
1508507770193,2927,5907,2927,,b152918cb29dbf4
1508507770373,3111,5621,3111,,b152918cb29dbf4
1508507770373,3111,5621,3111,,b152918cb29dbf4
1508507770554,3142,5876,3142,,b152918cb29dbf4
1508507770554,3142,5876,3142,,b152918cb29dbf4
1508507770739,3169,5630,3169,,b152918cb29dbf4
1508507770739,3169,5630,3169,,b152918cb29dbf4
1508507770917,3052,5783,3052,,b152918cb29dbf4
1508507771095,2800,6028,2800,,b152918cb29dbf4
1508507771095,2800,6028,2800,,b152918cb29dbf4
1508507771276,2857,6192,2857,,b152918cb29dbf4
1508507771276,2857,6192,2857,,b152918cb29dbf4
1508507771454,2687,5816,2687,,b152918cb29dbf4
1508507771454,2687,5816,2687,,b152918cb29dbf4
1508507771636,2679,5841,2679,,b152918cb29dbf4
1508507771636,2679,5841,2679,,b152918cb29dbf4
1508507771815,2707,5990,2707,,b152918cb29dbf4
1508507771997,2454,5900,2454,,b152918cb29dbf4
1508507771997,2454,5900,2454,,b152918cb29dbf4
1508507772180,2349,6059,2349,,b152918cb29dbf4
1508507772180,2349,6059,2349,,b152918cb29dbf4
1508507772353,2349,6235,2349,,b152918cb29dbf4
1508507772353,2349,6235,2349,,b152918cb29dbf4
1508507772534,2523,6081,2523,,b152918cb29dbf4
1508507772534,2523,6081,2523,,b152918cb29dbf4
1508507772713,2597,5903,2597,,b152918cb29dbf4
1508507772895,2789,5785,2789,,b152918cb29dbf4
1508507772895,2789,5785,2789,,b152918cb29dbf4
1508507773074,2942,5719,2942,,b152918cb29dbf4
1508507773074,2942,5719,2942,,b152918cb29dbf4
1508507773254,2843,5866,2843,,b152918cb29dbf4
1508507773254,2843,5866,2843,,b152918cb29dbf4
1508507773433,2810,5978,2810,,b152918cb29dbf4
1508507773615,2921,6214,2921,,b152918cb29dbf4
1508507773615,2921,6214,2921,,b152918cb29dbf4
1508507773615,2921,6214,2921,,b152918cb29dbf4
1508507773794,2953,5778,2953,,b152918cb29dbf4
1508507773973,3050,5754,3050,,b152918cb29dbf4
1508507774514,3030,5534,3030,,b152918cb29dbf4
1508507774705,2902,6309,2902,,b152918cb29dbf4
1508507774705,2902,6309,2902,,b152918cb29dbf4
1508507774875,2765,6102,2765,,b152918cb29dbf4
1508507774875,2765,6102,2765,,b152918cb29dbf4
1508507775054,2834,6036,2834,,b152918cb29dbf4
1508507775054,2834,6036,2834,,b152918cb29dbf4
1508507775235,2829,6386,2829,,b152918cb29dbf4
1508507775235,2829,6386,2829,,b152918cb29dbf4
1508507775413,2799,6144,2799,,b152918cb29dbf4
1508507775593,2700,6020,2700,,b152918cb29dbf4
1508507775953,2561,5979,2561,,b152918cb29dbf4
1508507776134,2657,5648,2657,,b152918cb29dbf4
1508507776134,2657,5648,2657,,b152918cb29dbf4
1508507776313,2555,5770,2555,,b152918cb29dbf4
1508507776494,2374,5907,2374,,b152918cb29dbf4
1508507777755,2351,6157,2351,,b152918cb29dbf4
1508507777936,2288,6109,2288,,b152918cb29dbf4
1508507777936,2288,6109,2288,,b152918cb29dbf4
1508507778114,2215,6314,2215,,b152918cb29dbf4
1508507778299,2214,6238,2214,,b152918cb29dbf4
1508507778299,2214,6238,2214,,b152918cb29dbf4
1508507778474,2119,6313,2119,,b152918cb29dbf4
1508507778474,2119,6313,2119,,b152918cb29dbf4
1508507778654,2008,6369,2008,,b152918cb29dbf4
1508507778654,2008,6369,2008,,b152918cb29dbf4
1508507779022,1945,6481,1945,,b152918cb29dbf4
1508507779193,2126,6700,2126,,b152918cb29dbf4
1508507779193,2126,6700,2126,,b152918cb29dbf4
1508507779374,2431,6942,2431,,b152918cb29dbf4
1508507779554,2395,6802,2395,,b152918cb29dbf4
1508507780274,2519,6624,2519,,b152918cb29dbf4
1508507780274,2519,6624,2519,,b152918cb29dbf4
1508507780454,2513,6862,2513,,b152918cb29dbf4
1508507780454,2513,6862,2513,,b152918cb29dbf4
1508507780633,2546,6883,2546,,b152918cb29dbf4
1508507780633,2546,6883,2546,,b152918cb29dbf4
1508507781354,2428,6991,2428,,b152918cb29dbf4
1508507782613,2325,6899,2325,,b152918cb29dbf4
1508507782796,2366,6945,2366,,b152918cb29dbf4
1508507782796,2366,6945,2366,,b152918cb29dbf4
1508507782974,2397,7048,2397,,b152918cb29dbf4
1508507782974,2397,7048,2397,,b152918cb29dbf4
1508507783154,2218,6400,2218,,b152918cb29dbf4
1508507783154,2218,6400,2218,,b152918cb29dbf4
1508507783335,2350,6447,2350,,b152918cb29dbf4
1508507783335,2350,6447,2350,,b152918cb29dbf4
1508507783514,2365,6578,2365,,b152918cb29dbf4
1508507783693,2354,6758,2354,,b152918cb29dbf4
1508507783693,2354,6758,2354,,b152918cb29dbf4
1508507783874,2189,6739,2189,,b152918cb29dbf4
1508507783874,2189,6739,2189,,b152918cb29dbf4
1508507784054,2304,7358,2304,,b152918cb29dbf4
1508507784054,2304,7358,2304,,b152918cb29dbf4
1508507784233,2137,7153,2137,,b152918cb29dbf4
1508507784233,2137,7153,2137,,b152918cb29dbf4
1508507784413,2188,7175,2188,,b152918cb29dbf4
1508507784596,2296,7328,2296,,b152918cb29dbf4
1508507784596,2296,7328,2296,,b152918cb29dbf4
1508507784773,2251,7305,2251,,b152918cb29dbf4
1508507784773,2251,7305,2251,,b152918cb29dbf4
1508507784956,2236,7135,2236,,b152918cb29dbf4
1508507784956,2236,7135,2236,,b152918cb29dbf4
1508507785135,2358,7368,2358,,b152918cb29dbf4
1508507785135,2358,7368,2358,,b152918cb29dbf4
1508507785318,2215,7270,2215,,b152918cb29dbf4
1508507785494,2335,6944,2335,,b152918cb29dbf4
1508507785494,2335,6944,2335,,b152918cb29dbf4
1508507785677,2388,7331,2388,,b152918cb29dbf4
1508507785854,2333,7324,2333,,b152918cb29dbf4
1508507786398,2228,7300,2228,,b152918cb29dbf4
1508507786755,2292,7303,2292,,b152918cb29dbf4
1508507787296,2307,7362,2307,,b152918cb29dbf4
1508507788376,1942,7222,1942,,b152918cb29dbf4
1508507789276,2198,7188,2198,,b152918cb29dbf4
1508507789997,2034,7156,2034,,b152918cb29dbf4
1508507790358,1955,7032,1955,,b152918cb29dbf4
1508507790715,1926,6998,1926,,b152918cb29dbf4
1508507790715,1926,6998,1926,,b152918cb29dbf4
1508507790894,2063,6974,2063,,b152918cb29dbf4
1508507790894,2063,6974,2063,,b152918cb29dbf4
1508507791074,1971,6973,1971,,b152918cb29dbf4
1508507793238,2170,6732,2170,,b152918cb29dbf4
1508507793598,2031,6499,2031,,b152918cb29dbf4
