timestamp, accelerationX, accelerationY, accelerationZ, UUID 
1493660587398,-0.24660277366638184,1.9596540927886963,9.372102737426758,,903d185fccf839df
1493660587485,-0.2693476974964142,1.722628116607666,10.05923843383789,,903d185fccf839df
1493660587597,-0.016759412363171577,1.8938134908676147,9.330204010009766,,903d185fccf839df
1493660587705,-0.002394201699644327,1.8339585065841675,9.853337287902832,,903d185fccf839df
1493660587745,-0.11611878126859665,2.0661959648132324,9.192537307739258,,903d185fccf839df
1493660587831,-0.27413609623908997,1.8267759084701538,9.579200744628906,,903d185fccf839df
1493660587912,-0.07541735470294952,2.1092917919158936,9.692925453186035,,903d185fccf839df
1493660587956,0.13407529890537262,2.005143880844116,10.095151901245117,,903d185fccf839df
1493660588036,-0.22026655077934265,1.9548656940460205,9.412803649902344,,903d185fccf839df
1493660588123,-0.5315127968788147,1.9081788063049316,9.151836395263672,,903d185fccf839df
1493660588178,0.061052143573760986,2.0614075660705566,9.32421875,,903d185fccf839df
1493660588236,-0.1412578970193863,1.9297266006469727,9.493009567260742,,903d185fccf839df
1493660588317,-0.11851298063993454,1.8794482946395874,10.103530883789062,,903d185fccf839df
1493660588356,-0.07302315533161163,1.9129672050476074,9.305065155029297,,903d185fccf839df
1493660588435,0.33758243918418884,2.2661118507385254,9.855731010437012,,903d185fccf839df
1493660588507,0.3208230137825012,1.8411411046981812,10.064026832580566,,903d185fccf839df
1493660588556,0.040701430290937424,2.0626046657562256,9.187748908996582,,903d185fccf839df
1493660588624,-0.5111620426177979,1.9620482921600342,9.434351921081543,,903d185fccf839df
1493660588696,-0.395043283700943,2.0171148777008057,9.612719535827637,,903d185fccf839df
1493660588746,-0.2082955539226532,2.1140801906585693,9.718064308166504,,903d185fccf839df
1493660588816,-0.02513911761343479,2.184709072113037,9.370905876159668,,903d185fccf839df
1493660588833,-0.010773907415568829,2.126051187515259,9.57321548461914,,903d185fccf839df
1493660588886,-0.07661445438861847,2.0254945755004883,9.11113452911377,,903d185fccf839df
1493660588927,0.20470423996448517,1.9321208000183105,9.494206428527832,,903d185fccf839df
1493660588996,-0.08140286058187485,2.3283610343933105,9.08719253540039,,903d185fccf839df
1493660589044,0.3603273630142212,1.777694821357727,9.611522674560547,,903d185fccf839df
1493660589116,0.6548141837120056,2.2589292526245117,9.155426979064941,,903d185fccf839df
1493660589146,0.5339069962501526,2.24935245513916,9.016563415527344,,903d185fccf839df
1493660589203,-0.20949265360832214,2.0242974758148193,10.599130630493164,,903d185fccf839df
1493660589223,-0.09217676520347595,1.7860745191574097,10.56680965423584,,903d185fccf839df
1493660589276,0.5015852451324463,1.9177556037902832,9.951498985290527,,903d185fccf839df
1493660589336,0.28969839215278625,2.7329812049865723,8.821435928344727,,903d185fccf839df
1493660589392,0.22625206410884857,2.8431146144866943,8.893261909484863,,903d185fccf839df
1493660589427,1.213860273361206,2.806004285812378,10.196905136108398,,903d185fccf839df
1493660589486,-0.24779987335205078,2.9281086921691895,10.196905136108398,,903d185fccf839df
1493660589536,1.315613865852356,3.7277719974517822,9.459490776062012,,903d185fccf839df
1493660589630,-0.28371289372444153,2.7293899059295654,10.187328338623047,,903d185fccf839df
1493660589726,-0.3280056416988373,5.488707542419434,10.008959770202637,,903d185fccf839df
1493660589776,4.6052470207214355,6.495469093322754,12.316970825195312,,903d185fccf839df
1493660589826,8.141483306884766,5.779603004455566,5.51624059677124,,903d185fccf839df
1493660589879,7.486668586730957,3.4799721240997314,-0.49799394607543945,,903d185fccf839df
1493660589948,2.2254104614257812,0.9780313968658447,-5.765237808227539,,903d185fccf839df
1493660590058,-2.9089550971984863,-2.5534160137176514,-8.11634349822998,,903d185fccf839df
1493660590116,1.9249382019042969,-5.57370138168335,-10.827776908874512,,903d185fccf839df
1493660590146,-3.47039532661438,-5.616796970367432,-5.795165061950684,,903d185fccf839df
1493660590216,2.3080103397369385,-11.829751014709473,-19.3978214263916,,903d185fccf839df
1493660590271,-4.410119533538818,-5.621585369110107,-0.3878606855869293,,903d185fccf839df
1493660590363,-2.3714568614959717,-15.526397705078125,-15.818490982055664,,903d185fccf839df
1493660590444,2.121262788772583,-6.775590896606445,-5.227739334106445,,903d185fccf839df
1493660590536,1.382651448249817,-8.339004516601562,-6.53257942199707,,903d185fccf839df
1493660590603,-0.42018240690231323,-11.112687110900879,-4.082113742828369,,903d185fccf839df
1493660590637,-1.3563152551651,-6.596025466918945,-1.380257248878479,,903d185fccf839df
1493660590672,0.4297592043876648,-7.296329498291016,-5.485116004943848,,903d185fccf839df
1493660590716,-0.2777273952960968,-6.2392897605896,-3.488351821899414,,903d185fccf839df
1493660590737,-2.31758713722229,-6.602011203765869,-6.410475254058838,,903d185fccf839df
1493660590785,-1.5286977291107178,-6.069301128387451,1.7812861204147339,,903d185fccf839df
1493660590826,-1.5119383335113525,-10.651803016662598,2.6803088188171387,,903d185fccf839df
1493660590883,-3.5625722408294678,-17.15804672241211,2.560598611831665,,903d185fccf839df
1493660590916,-2.5977089405059814,-19.003976821899414,2.5115175247192383,,903d185fccf839df
1493660590952,-1.521515130996704,-7.474697589874268,-0.5015852451324463,,903d185fccf839df
1493660591003,-2.183511972427368,-9.160215377807617,2.4576480388641357,,903d185fccf839df
1493660591026,-2.4145524501800537,-9.813833236694336,2.9041666984558105,,903d185fccf839df
1493660591083,-2.205059766769409,-9.459490776062012,1.4915876388549805,,903d185fccf839df
1493660591122,-2.1272482872009277,-9.865307807922363,0.16519992053508759,,903d185fccf839df
1493660591143,-2.4660277366638184,-10.131064414978027,0.21667525172233582,,903d185fccf839df
1493660591185,-2.7030537128448486,-9.567230224609375,-0.8750807046890259,,903d185fccf839df
1493660591223,-2.190694570541382,-10.78468132019043,-0.5351040959358215,,903d185fccf839df
1493660591266,-3.7481226921081543,-11.021707534790039,0.5351040959358215,,903d185fccf839df
1493660591296,-1.4748282432556152,-8.451532363891602,0.6979097723960876,,903d185fccf839df
1493660591311,-0.2561795711517334,-7.9858598709106445,0.17836803197860718,,903d185fccf839df
1493660591332,0.152031809091568,-9.587580680847168,0.33758243918418884,,903d185fccf839df
1493660591372,-0.36750996112823486,-10.319009780883789,0.8786720037460327,,903d185fccf839df
1493660591403,-1.8818424940109253,-9.422380447387695,0.395043283700943,,903d185fccf839df
1493660591425,-2.674323320388794,-9.220070838928223,-0.1496376097202301,,903d185fccf839df
1493660591485,-2.141613483428955,-9.23682975769043,-0.0933738648891449,,903d185fccf839df
1493660591526,-1.6136919260025024,-9.20211410522461,-0.14365209639072418,,903d185fccf839df
1493660591572,-1.7381904125213623,-9.99459457397461,-0.0933738648891449,,903d185fccf839df
1493660591596,-1.5538369417190552,-10.225635528564453,-0.03232172131538391,,903d185fccf839df
1493660591623,-1.7980455160140991,-10.366893768310547,0.24899697303771973,,903d185fccf839df
1493660591643,-1.9045875072479248,-9.906009674072266,0.18076223134994507,,903d185fccf839df
1493660591702,-0.9062053561210632,-9.103952407836914,-0.5327098965644836,,903d185fccf839df
1493660591723,-0.9181763529777527,-9.564835548400879,-0.8810662031173706,,903d185fccf839df
1493660591786,-0.3196259140968323,-9.442731857299805,-1.404199242591858,,903d185fccf839df
1493660591819,0.40462008118629456,-9.08719253540039,-0.727837324142456,,903d185fccf839df
1493660591833,0.49799394607543945,-8.404845237731934,-0.12449848651885986,,903d185fccf839df
1493660591863,-0.9085995554924011,-11.307814598083496,-4.288015365600586,,903d185fccf839df
1493660591906,-1.7621324062347412,-7.797914981842041,0.9205705523490906,,903d185fccf839df
1493660591935,-3.691859006881714,-10.189722061157227,0.08259996026754379,,903d185fccf839df
1493660591963,-4.183867454528809,-8.485051155090332,-0.3280056416988373,,903d185fccf839df
1493660591985,-3.268085241317749,-9.168595314025879,0.7841010689735413,,903d185fccf839df
1493660592023,-0.8870517015457153,-9.305065155029297,0.09576806426048279,,903d185fccf839df
1493660592073,-1.171961784362793,-8.710105895996094,-0.5051765441894531,,903d185fccf839df
1493660592096,-1.600523829460144,-10.383652687072754,-0.645237386226654,,903d185fccf839df
1493660592145,-1.1971008777618408,-11.338939666748047,-1.3204022645950317,,903d185fccf839df
1493660592196,-2.646790027618408,-9.747992515563965,0.365115761756897,,903d185fccf839df
1493660592237,-2.167949676513672,-9.86889934539795,0.21188685297966003,,903d185fccf839df
1493660592283,-1.0223240852355957,-8.759186744689941,0.9516952037811279,,903d185fccf839df
1493660592344,-1.0666168928146362,-9.532513618469238,0.1975216418504715,,903d185fccf839df
1493660592446,-1.8926163911819458,-6.780379295349121,-2.9436709880828857,,903d185fccf839df
1493660592527,-1.358709454536438,-8.576030731201172,1.86508309841156,,903d185fccf839df
1493660592586,-1.1456254720687866,-10.333374977111816,-2.3702597618103027,,903d185fccf839df
1493660592644,-3.8103721141815186,-10.26513957977295,-1.0618284940719604,,903d185fccf839df
1493660592744,-3.6954503059387207,-10.982203483581543,-2.6839001178741455,,903d185fccf839df
1493660592836,-1.703474521636963,-5.942408561706543,-1.9476830959320068,,903d185fccf839df
1493660592896,2.033874273300171,-3.1687259674072266,-3.335123062133789,,903d185fccf839df
1493660592952,-0.3495534360408783,-12.807782173156738,-3.1902737617492676,,903d185fccf839df
1493660593052,-5.449203014373779,-8.621520042419434,-1.802833914756775,,903d185fccf839df
1493660593136,-5.3797712326049805,-8.416815757751465,-1.6519991159439087,,903d185fccf839df
1493660593190,-1.3922282457351685,-11.51850414276123,-0.21308395266532898,,903d185fccf839df
1493660593252,-5.313930511474609,-11.725603103637695,-4.710591793060303,,903d185fccf839df
1493660593326,-2.123656988143921,-10.319009780883789,0.39384618401527405,,903d185fccf839df
1493660593393,0.46806642413139343,-11.495759010314941,-2.7030537128448486,,903d185fccf839df
1493660593436,3.513490915298462,-11.745953559875488,-3.2094273567199707,,903d185fccf839df
1493660593487,-4.3394904136657715,-8.668207168579102,1.6843209266662598,,903d185fccf839df
1493660593536,-2.3594858646392822,-5.655104637145996,-1.8854337930679321,,903d185fccf839df
1493660593655,-3.0418331623077393,-8.208520889282227,-0.4620809257030487,,903d185fccf839df
1493660593759,1.116895079612732,-10.47702693939209,-4.619612216949463,,903d185fccf839df
1493660593863,-3.977966070175171,-13.669694900512695,-0.2861070930957794,,903d185fccf839df
1493660593963,-3.3518824577331543,-10.560823440551758,2.606088638305664,,903d185fccf839df
1493660594037,-2.145204782485962,-10.287884712219238,-2.5977089405059814,,903d185fccf839df
1493660594076,-2.7006595134735107,-6.099228858947754,-0.3363853394985199,,903d185fccf839df
1493660594096,-1.3862427473068237,-5.352237701416016,-0.7936778664588928,,903d185fccf839df
1493660594115,-0.7110779285430908,-4.351461410522461,-0.8990227580070496,,903d185fccf839df
1493660594131,-0.4141969084739685,-3.7612907886505127,-0.6488286852836609,,903d185fccf839df
1493660594183,-0.8343793153762817,-4.3861775398254395,1.1994950771331787,,903d185fccf839df
1493660594204,-1.7501614093780518,-5.6191911697387695,1.3611036539077759,,903d185fccf839df
1493660594243,-3.86543869972229,-8.376114845275879,0.2454056739807129,,903d185fccf839df
1493660594312,-4.548983097076416,-14.00248908996582,0.5937620401382446,,903d185fccf839df
1493660594336,-4.170699596405029,-14.27423095703125,2.0673930644989014,,903d185fccf839df
1493660594376,-6.67982292175293,-12.67131233215332,-3.4608185291290283,,903d185fccf839df
1493660594395,-6.884527206420898,-14.015656471252441,-2.6240451335906982,,903d185fccf839df
1493660594415,-4.707000732421875,-14.171279907226562,-1.0845733880996704,,903d185fccf839df
1493660594425,-2.717418909072876,-12.72757625579834,-0.5482721924781799,,903d185fccf839df
1493660594465,1.7549498081207275,-8.728062629699707,-1.416170358657837,,903d185fccf839df
1493660594495,1.902193307876587,-11.137825965881348,0.1975216418504715,,903d185fccf839df
1493660594512,0.4836287498474121,-12.831724166870117,0.22625206410884857,,903d185fccf839df
1493660594532,-1.8040310144424438,-12.1194486618042,0.395043283700943,,903d185fccf839df
1493660594556,-1.6938977241516113,-10.632649421691895,-2.5917234420776367,,903d185fccf839df
1493660594576,-1.4496891498565674,-9.129091262817383,-1.8507179021835327,,903d185fccf839df
1493660594602,-2.123656988143921,-7.307103633880615,-0.5339069962501526,,903d185fccf839df
1493660594611,-2.58813214302063,-6.381744861602783,-0.6667851805686951,,903d185fccf839df
1493660594625,-3.112462282180786,-5.329493045806885,-0.9612720012664795,,903d185fccf839df
1493660594663,-2.5941176414489746,-3.31118106842041,-1.0522516965866089,,903d185fccf839df
1493660594676,-2.390610456466675,-2.7928361892700195,-1.290474772453308,,903d185fccf839df
1493660594691,-2.169146776199341,-2.871845006942749,-1.4891934394836426,,903d185fccf839df
1493660594725,-1.5646108388900757,-4.90571928024292,-2.2194249629974365,,903d185fccf839df
1493660594792,-2.074575662612915,-10.093954086303711,-2.734178304672241,,903d185fccf839df
1493660594824,-3.1268274784088135,-11.857283592224121,-4.064157485961914,,903d185fccf839df
1493660594872,-4.594472885131836,-11.886013984680176,-4.326322555541992,,903d185fccf839df
1493660594903,-4.537012100219727,-12.121843338012695,-5.062539577484131,,903d185fccf839df
1493660594946,-1.3036428689956665,-15.138537406921387,-0.42616790533065796,,903d185fccf839df
1493660594997,-1.115697979927063,-11.72081470489502,2.169146776199341,,903d185fccf839df
1493660595026,-4.528632640838623,-13.353659629821777,1.988384485244751,,903d185fccf839df
1493660595076,-2.9939491748809814,-11.228805541992188,-2.8874073028564453,,903d185fccf839df
1493660595103,-2.497152328491211,-9.050082206726074,-3.932476282119751,,903d185fccf839df
1493660595116,-2.1775264739990234,-7.029376029968262,-3.1040825843811035,,903d185fccf839df
1493660595136,-1.9405004978179932,-5.1331682205200195,-1.9177556037902832,,903d185fccf839df
1493660595166,-0.8391677141189575,-3.159149169921875,-0.586579442024231,,903d185fccf839df
1493660595203,-0.031124621629714966,-1.8555063009262085,-0.016759412363171577,,903d185fccf839df
1493660595216,0.07062894850969315,-2.3546974658966064,0.20350714027881622,,903d185fccf839df
1493660595236,-1.2449848651885986,-3.648763418197632,0.5039794445037842,,903d185fccf839df
1493660595297,-3.623624324798584,-8.558073997497559,0.5901707410812378,,903d185fccf839df
1493660595344,-4.078522682189941,-14.03840160369873,-2.536656618118286,,903d185fccf839df
1493660595406,-6.651092529296875,-13.110648155212402,-3.6140475273132324,,903d185fccf839df
1493660595436,-2.2900538444519043,-16.115371704101562,1.1635819673538208,,903d185fccf839df
1493660595472,0.8403648138046265,-10.654197692871094,-2.978386878967285,,903d185fccf839df
1493660595506,4.520252704620361,-12.60188102722168,-1.0307037830352783,,903d185fccf839df
1493660595544,-0.37828385829925537,-12.9741792678833,-1.8950105905532837,,903d185fccf839df
1493660595632,-3.8091750144958496,-5.778405666351318,0.25498247146606445,,903d185fccf839df
1493660595703,-3.0346505641937256,-2.2685060501098633,-0.7326257228851318,,903d185fccf839df
1493660595787,-1.7872716188430786,-8.559270858764648,-2.5031378269195557,,903d185fccf839df
1493660595868,-3.797203779220581,-12.2990140914917,-4.699818134307861,,903d185fccf839df
1493660595919,-2.6216509342193604,-15.62096881866455,-1.0187327861785889,,903d185fccf839df
1493660595956,-1.6484078168869019,-15.705963134765625,-0.4800374507904053,,903d185fccf839df
1493660596043,-3.908534288406372,-11.547234535217285,1.1013327836990356,,903d185fccf839df
1493660596086,-3.307589530944824,-9.707290649414062,-2.7521347999572754,,903d185fccf839df
1493660596123,-2.2421698570251465,-7.115567684173584,-2.8443117141723633,,903d185fccf839df
1493660596172,-0.8655039072036743,-3.555389642715454,-1.1994950771331787,,903d185fccf839df
1493660596206,-0.40940847992897034,-2.5929205417633057,-0.22505496442317963,,903d185fccf839df
1493660596256,-1.9249382019042969,-5.056553840637207,1.0259153842926025,,903d185fccf839df
1493660596546,-0.4752490520477295,-12.097901344299316,-1.114500880241394,,903d185fccf839df
1493660596637,-3.4823663234710693,-5.203797340393066,0.5315127968788147,,903d185fccf839df
1493660596703,-2.889801502227783,-2.2206220626831055,-0.8164227604866028,,903d185fccf839df
1493660596773,-1.5418659448623657,-8.356961250305176,-3.3865983486175537,,903d185fccf839df
1493660596917,-4.959589004516602,-14.33288860321045,-2.7293899059295654,,903d185fccf839df
1493660597053,-4.424484729766846,-12.625823020935059,-0.44412440061569214,,903d185fccf839df
1493660597143,-1.5610195398330688,-5.061342239379883,-1.922544002532959,,903d185fccf839df
1493660597233,-0.910993754863739,-3.203441858291626,0.8439561128616333,,903d185fccf839df
1493660597312,-4.0964789390563965,-10.32858657836914,-0.8391677141189575,,903d185fccf839df
1493660597393,-6.0621185302734375,-12.650961875915527,-1.9273324012756348,,903d185fccf839df
1493660597512,1.9584569931030273,-13.138181686401367,-3.1016883850097656,,903d185fccf839df
1493660597888,-2.123656988143921,-16.211139678955078,-0.6045359373092651,,903d185fccf839df
1493660598092,-1.6136919260025024,-6.221333026885986,-1.8363527059555054,,903d185fccf839df
1493660598136,0.07661445438861847,-4.2329487800598145,-0.2190694510936737,,903d185fccf839df
1493660598172,-0.0071826050989329815,-4.599261283874512,0.13407529890537262,,903d185fccf839df
1493660598203,-1.1001356840133667,-6.6355299949646,-0.3447650372982025,,903d185fccf839df
1493660598224,-2.1045033931732178,-8.834604263305664,-0.8068459630012512,,903d185fccf839df
1493660598237,-2.5689783096313477,-10.627861022949219,-1.2066776752471924,,903d185fccf839df
1493660598284,-4.734533786773682,-14.030021667480469,-2.3738510608673096,,903d185fccf839df
1493660598326,-4.594472885131836,-14.642937660217285,-0.6344634294509888,,903d185fccf839df
1493660598376,1.4879963397979736,-12.933477401733398,-0.6667851805686951,,903d185fccf839df
1493660598406,3.4153287410736084,-9.68694019317627,0.5817909836769104,,903d185fccf839df
1493660598436,3.914519786834717,-8.945934295654297,-0.9540894031524658,,903d185fccf839df
1493660598466,2.2864625453948975,-10.196905136108398,-1.2761094570159912,,903d185fccf839df
1493660598496,1.1683704853057861,-11.378443717956543,-1.1647791862487793,,903d185fccf839df
1493660598516,-0.24181437492370605,-10.789469718933105,-1.1875240802764893,,903d185fccf839df
1493660598536,-1.501164436340332,-10.034099578857422,-0.9373299479484558,,903d185fccf839df
1493660598572,-2.5689783096313477,-8.942343711853027,-1.381454348564148,,903d185fccf839df
1493660598596,-1.9704279899597168,-8.74721622467041,-1.578976035118103,,903d185fccf839df
1493660598626,-1.1097124814987183,-9.281123161315918,-1.8327614068984985,,903d185fccf839df
1493660598683,-0.2513911724090576,-9.622296333312988,-1.8638859987258911,,903d185fccf839df
1493660598726,-1.6484078168869019,-8.167819023132324,-2.5246856212615967,,903d185fccf839df
1493660598776,-3.26688814163208,-8.177395820617676,-2.4145524501800537,,903d185fccf839df
1493660598818,-1.9105730056762695,-11.342530250549316,-0.3124433159828186,,903d185fccf839df
1493660598859,0.304063618183136,-13.514071464538574,1.1085153818130493,,903d185fccf839df
1493660598968,-3.1292216777801514,-10.793061256408691,-0.005985504016280174,,903d185fccf839df
1493660599297,-3.581725835800171,-14.634557723999023,-0.7158663272857666,,903d185fccf839df
1493660599729,-1.5969325304031372,-8.197746276855469,-1.845929503440857,,903d185fccf839df
1493660599915,1.2773065567016602,-13.94742202758789,1.0079588890075684,,903d185fccf839df
1493660600007,-0.5422866940498352,-9.700108528137207,1.521515130996704,,903d185fccf839df
1493660600143,-1.868674397468567,-8.518569946289062,-0.28969839215278625,,903d185fccf839df
1493660600272,-1.37906014919281,-4.945223808288574,-0.13048399984836578,,903d185fccf839df
1493660600337,-3.3255462646484375,-7.50462532043457,-0.4273650050163269,,903d185fccf839df
1493660600477,-1.1875240802764893,-17.483657836914062,1.7298107147216797,,903d185fccf839df
1493660600673,-3.4991257190704346,-6.508637428283691,-0.3519476354122162,,903d185fccf839df
1493660600737,-2.3714568614959717,-3.5948939323425293,-1.4844050407409668,,903d185fccf839df
1493660600884,-3.669114112854004,-10.177751541137695,-3.6595373153686523,,903d185fccf839df
1493660600956,-3.1471781730651855,-13.751097679138184,-4.140771865844727,,903d185fccf839df
1493660602157,-1.4736311435699463,-10.879252433776855,0.30286651849746704,,903d185fccf839df
1493660602369,-0.6775590777397156,-4.437653064727783,-0.6117185354232788,,903d185fccf839df
1493660602748,-1.2222399711608887,-11.650185585021973,-2.8610711097717285,,903d185fccf839df
1493660602907,-4.4975080490112305,-4.2544965744018555,-2.0482394695281982,,903d185fccf839df
1493660603033,-4.20541524887085,-10.753557205200195,-3.822343111038208,,903d185fccf839df
1493660603124,-3.5960910320281982,-14.569914817810059,-1.9189527034759521,,903d185fccf839df
1493660603258,-1.84233820438385,-11.499350547790527,0.9864110946655273,,903d185fccf839df
1493660603372,-2.169146776199341,-4.5621514320373535,-1.9476830959320068,,903d185fccf839df
1493660603492,-3.161543369293213,-8.392873764038086,0.010773907415568829,,903d185fccf839df
1493660603817,-3.156754970550537,-8.22767448425293,-0.6057330369949341,,903d185fccf839df
1493660604197,-1.5167267322540283,-13.861230850219727,2.1164743900299072,,903d185fccf839df
1493660605153,-4.72495698928833,-8.04810905456543,-1.6053122282028198,,903d185fccf839df
1493660606157,-0.8224082589149475,-10.220847129821777,-2.6132712364196777,,903d185fccf839df
1493660607157,-2.123656988143921,-8.285135269165039,-2.33913516998291,,903d185fccf839df
1493660608147,-1.0546458959579468,-5.208585739135742,-1.7286136150360107,,903d185fccf839df
1493660609137,-2.493561029434204,-3.5494039058685303,-0.021547814831137657,,903d185fccf839df
1493660610137,0.33997663855552673,-6.48828649520874,0.22026655077934265,,903d185fccf839df
1493660611173,1.9369091987609863,-13.15494155883789,1.171961784362793,,903d185fccf839df
1493660612157,-0.9265560507774353,-0.4118026793003082,2.626439332962036,,903d185fccf839df
1493660613127,4.298789024353027,-11.462240219116211,-0.3447650372982025,,903d185fccf839df
1493660614173,-3.4344823360443115,-15.252262115478516,-0.7469909191131592,,903d185fccf839df
1493660615153,1.2401964664459229,-3.6762967109680176,-0.5793967843055725,,903d185fccf839df
1493660616158,-1.9249382019042969,-2.432508945465088,-2.4672248363494873,,903d185fccf839df
1493660617127,-0.033518824726343155,-7.038952827453613,-5.002684593200684,,903d185fccf839df
1493660618148,-1.8626888990402222,-11.848904609680176,-0.2992752194404602,,903d185fccf839df
1493660619167,-1.3311761617660522,-11.364078521728516,-1.4832079410552979,,903d185fccf839df
1493660620518,-2.699462413787842,-9.07641887664795,-0.7338228225708008,,903d185fccf839df
1493660621188,-3.9695863723754883,-14.709975242614746,-2.3331496715545654,,903d185fccf839df
1493660623358,-2.2864625453948975,-10.802638053894043,-0.4321534037590027,,903d185fccf839df
1493660624137,-3.1304187774658203,-7.401674747467041,-1.3108254671096802,,903d185fccf839df
1493660625138,-3.02986216545105,-5.963956356048584,-1.036689281463623,,903d185fccf839df
1493660626139,-0.1735796183347702,-7.308300495147705,0.365115761756897,,903d185fccf839df
1493660627138,0.47405192255973816,-12.866439819335938,-0.4991910457611084,,903d185fccf839df
1493660628145,-1.6148890256881714,-8.53532886505127,-2.3247697353363037,,903d185fccf839df
1493660629165,-3.089717388153076,-10.882843971252441,-1.035492181777954,,903d185fccf839df
1493660630149,-5.722142219543457,-14.566323280334473,-0.4752490520477295,,903d185fccf839df
1493660631138,0.035913024097681046,-7.873332500457764,0.2825157940387726,,903d185fccf839df
1493660632145,-1.4628572463989258,-2.958036184310913,-0.8259995579719543,,903d185fccf839df
1493660633148,-1.8315643072128296,-3.626018524169922,-0.6189011335372925,,903d185fccf839df
1493660634154,-1.521515130996704,-5.718550682067871,-0.1412578970193863,,903d185fccf839df
1493660635159,-1.88782799243927,-10.824186325073242,0.008379706181585789,,903d185fccf839df
1493660636159,-1.1887211799621582,-13.3704195022583,0.02513911761343479,,903d185fccf839df
1493660637145,-2.227804660797119,-12.673707008361816,0.16160862147808075,,903d185fccf839df
1493660638159,-3.6391866207122803,-16.187198638916016,-0.48482584953308105,,903d185fccf839df
1493660639154,-2.7281928062438965,-9.725247383117676,-2.8646624088287354,,903d185fccf839df
1493660640154,-3.6164417266845703,-8.58919906616211,-1.2102689743041992,,903d185fccf839df
1493660641155,-2.6862943172454834,-9.93593692779541,-1.6364368200302124,,903d185fccf839df
1493660642158,-1.764526605606079,-4.93923807144165,-0.8523358106613159,,903d185fccf839df
1493660643150,-0.8966285586357117,-6.932411193847656,0.1711854189634323,,903d185fccf839df
1493660644158,1.3718775510787964,-13.36084270477295,-2.213439464569092,,903d185fccf839df
1493660645155,-0.6560112833976746,-8.854954719543457,-1.7393875122070312,,903d185fccf839df
1493660646138,-3.4775779247283936,-14.988900184631348,0.9624691009521484,,903d185fccf839df
1493660647147,-5.835866451263428,-13.115436553955078,2.786850690841675,,903d185fccf839df
1493660648219,-7.198167324066162,-14.629769325256348,1.2210428714752197,,903d185fccf839df
1493660649138,-0.4405331015586853,-7.333439826965332,-1.2701239585876465,,903d185fccf839df
1493660650145,-2.056619167327881,-2.205059766769409,-1.644816517829895,,903d185fccf839df
1493660651168,-1.987187385559082,-2.9436709880828857,-1.8471266031265259,,903d185fccf839df
1493660652170,-1.5921441316604614,-5.603629112243652,0.090979665517807,,903d185fccf839df
1493660655244,1.0115501880645752,-8.951920509338379,-0.48482584953308105,,903d185fccf839df
1493660656004,-2.213439464569092,-11.062409400939941,-1.4077905416488647,,903d185fccf839df
1493660657037,-0.6189011335372925,-12.405555725097656,1.334767460823059,,903d185fccf839df
1493660658015,-0.8415619134902954,-15.840038299560547,0.25258827209472656,,903d185fccf839df
1493660658993,-2.631227731704712,-10.764330863952637,-2.2218191623687744,,903d185fccf839df
1493660659994,-1.1456254720687866,-8.662221908569336,-2.3965959548950195,,903d185fccf839df
1493660660992,-1.9548656940460205,-7.380126953125,-0.4465186297893524,,903d185fccf839df
1493660662005,0.608127236366272,-3.598485231399536,-1.6053122282028198,,903d185fccf839df
1493660663040,-1.1276689767837524,-4.393360137939453,-0.7553706169128418,,903d185fccf839df
1493660664057,-1.136048674583435,-4.0749311447143555,0.3016694188117981,,903d185fccf839df
1493660665247,-2.3259668350219727,-7.467514991760254,-1.6124948263168335,,903d185fccf839df
1493660666024,-1.9560627937316895,-14.09466552734375,-0.6596025824546814,,903d185fccf839df
1493660666998,-1.824381709098816,-11.579556465148926,0.014365210197865963,,903d185fccf839df
1493660667994,-2.146401882171631,-13.852850914001465,1.0247182846069336,,903d185fccf839df
1493660669019,-0.35434186458587646,-7.326257228851318,-0.6368576288223267,,903d185fccf839df
1493660670148,-1.049857497215271,-6.530185222625732,-0.35913026332855225,,903d185fccf839df
1493660671025,-1.7633295059204102,-13.035231590270996,-0.4118026793003082,,903d185fccf839df
1493660671998,-1.5418659448623657,-7.603984832763672,-1.092953085899353,,903d185fccf839df
1493660673068,-3.022679567337036,-6.448782444000244,-1.7812861204147339,,903d185fccf839df
1493660674009,1.1635819673538208,-8.407238960266113,-0.6380547285079956,,903d185fccf839df
1493660675029,-3.201047658920288,-13.8468656539917,1.315613865852356,,903d185fccf839df
1493660676005,-0.3292027413845062,-5.638344764709473,-0.090979665517807,,903d185fccf839df
1493660677019,-0.27653029561042786,-8.012195587158203,0.5650315880775452,,903d185fccf839df
1493660677999,-0.22625206410884857,-11.251550674438477,-0.031124621629714966,,903d185fccf839df
1493660679056,-1.867477297782898,-15.570691108703613,-0.3711012601852417,,903d185fccf839df
1493660680014,-0.568622887134552,-9.713275909423828,-0.7026981711387634,,903d185fccf839df
1493660680998,0.9864110946655273,-8.324639320373535,0.1496376097202301,,903d185fccf839df
1493660682038,-1.725022315979004,-12.178107261657715,0.8655039072036743,,903d185fccf839df
1493660683026,-0.7469909191131592,-5.748478412628174,-0.5171475410461426,,903d185fccf839df
1493660684018,-0.9373299479484558,-8.759186744689941,-0.009576806798577309,,903d185fccf839df
1493660685030,-2.513911724090576,-10.402806282043457,-0.5291185975074768,,903d185fccf839df
1493660686005,-0.8415619134902954,-6.052541732788086,-0.9900023937225342,,903d185fccf839df
1493660687011,-0.0802057534456253,-10.51054573059082,0.11851298063993454,,903d185fccf839df
1493660687998,-1.7764976024627686,-7.589619159698486,-1.256955862045288,,903d185fccf839df
1493660689008,-2.0422539710998535,-3.60566782951355,-1.0594342947006226,,903d185fccf839df
1493660690009,-2.0889410972595215,-4.830301761627197,-0.6404489278793335,,903d185fccf839df
1493660691008,-1.2509703636169434,-10.533289909362793,0.16759411990642548,,903d185fccf839df
1493660692002,-1.6639702320098877,-11.682507514953613,0.14006079733371735,,903d185fccf839df
1493660693015,-1.8183962106704712,-11.373655319213867,-1.0797849893569946,,903d185fccf839df
1493660694096,-1.6304513216018677,-13.397953033447266,-0.1604115068912506,,903d185fccf839df
1493660695038,-3.403357744216919,-15.057134628295898,-1.158793568611145,,903d185fccf839df
1493660695996,-3.5266590118408203,-11.221623420715332,-2.4241292476654053,,903d185fccf839df
1493660696995,-3.751713991165161,-9.306262016296387,-1.4413094520568848,,903d185fccf839df
1493660697989,-3.4308910369873047,-10.192116737365723,-1.8770540952682495,,903d185fccf839df
1493660699001,-2.5965118408203125,-8.62511157989502,-1.9692308902740479,,903d185fccf839df
1493660700023,-2.207453966140747,-7.287950038909912,-1.6089035272598267,,903d185fccf839df
1493660701026,-2.229001760482788,-5.506663799285889,-1.6172832250595093,,903d185fccf839df
1493660701978,-0.7661445140838623,-4.230554580688477,0.9900023937225342,,903d185fccf839df
1493660703029,-1.9333178997039795,-4.8267107009887695,-0.48961424827575684,,903d185fccf839df
1493660703989,1.3874398469924927,-13.529633522033691,-1.1671733856201172,,903d185fccf839df
1493660705046,1.1683704853057861,-10.734403610229492,-0.23822307586669922,,903d185fccf839df
1493660705980,-0.5027823448181152,-9.008183479309082,-1.765723705291748,,903d185fccf839df
1493660707018,-0.21428105235099792,-8.549694061279297,-2.098517894744873,,903d185fccf839df
1493660707988,-4.462791919708252,-16.415843963623047,-0.4381389021873474,,903d185fccf839df
1493660708999,-5.5760955810546875,-14.834473609924316,3.0310592651367188,,903d185fccf839df
1493660710009,-5.163095951080322,-11.864466667175293,1.7980455160140991,,903d185fccf839df
1493660710999,-0.9792284965515137,-11.365275382995605,-0.27413609623908997,,903d185fccf839df
1493660712006,0.005985504016280174,-7.19936466217041,-1.502361536026001,,903d185fccf839df
1493660713231,-4.376600742340088,-17.079038619995117,0.17956513166427612,,903d185fccf839df
1493660714111,-0.1867477297782898,-4.930858612060547,-1.2617442607879639,,903d185fccf839df
1493660714999,-1.7298107147216797,-7.040150165557861,0.38067805767059326,,903d185fccf839df
1493660715989,-0.9971849918365479,-11.471817016601562,0.7122750282287598,,903d185fccf839df
1493660716989,-1.5263035297393799,-12.29781723022461,-0.031124621629714966,,903d185fccf839df
1493660717999,-1.5418659448623657,-13.24472427368164,0.18794482946395874,,903d185fccf839df
1493660718999,-1.2641384601593018,-11.08635139465332,-0.30526071786880493,,903d185fccf839df
1493660719988,-3.4320881366729736,-15.364789009094238,-0.8259995579719543,,903d185fccf839df
1493660721009,-4.201824188232422,-15.128960609436035,-1.4077905416488647,,903d185fccf839df
1493660721989,-4.009090900421143,-9.667786598205566,-1.50355863571167,,903d185fccf839df
1493660722998,-2.801215887069702,-9.227252960205078,-0.5758054852485657,,903d185fccf839df
1493660724102,-2.695871114730835,-10.305841445922852,-1.5622166395187378,,903d185fccf839df
1493660725060,-2.784456491470337,-10.417171478271484,-1.013944387435913,,903d185fccf839df
1493660726007,-1.4664485454559326,-5.110423564910889,-0.5267243981361389,,903d185fccf839df
1493660727061,-1.092953085899353,-4.373009204864502,-0.9648633003234863,,903d185fccf839df
1493660728326,-3.3255462646484375,-16.824054718017578,-1.3970166444778442,,903d185fccf839df
1493660729090,-1.3012486696243286,-3.794809579849243,-0.031124621629714966,,903d185fccf839df
1493660730009,1.9536685943603516,-9.734824180603027,-1.7705121040344238,,903d185fccf839df
1493660731032,-0.9624691009521484,-12.522871971130371,-2.365471363067627,,903d185fccf839df
1493660732241,-0.07182604819536209,-8.355764389038086,0.9744400978088379,,903d185fccf839df
1493660733051,-3.95641827583313,-13.165715217590332,0.2454056739807129,,903d185fccf839df
1493660734009,-0.8966285586357117,-5.415684223175049,-0.7015010714530945,,903d185fccf839df
1493660735082,-1.6412252187728882,-3.75291109085083,-0.7134721279144287,,903d185fccf839df
1493660736049,-1.1324573755264282,-6.112396717071533,0.27892449498176575,,903d185fccf839df
1493660737237,-1.359906554222107,-14.055161476135254,1.216254472732544,,903d185fccf839df
1493660738090,-0.9600749015808105,-14.103045463562012,0.40222588181495667,,903d185fccf839df
1493660738989,-4.146757125854492,-11.942277908325195,-1.9716250896453857,,903d185fccf839df
1493660740000,-3.1699230670928955,-12.611457824707031,-0.07062894850969315,,903d185fccf839df
1493660741007,-2.892195701599121,-12.229581832885742,-1.459265947341919,,903d185fccf839df
1493660741996,-1.1743559837341309,-7.201758861541748,-0.4836287498474121,,903d185fccf839df
1493660743148,-1.4508862495422363,-12.616246223449707,-2.6132712364196777,,903d185fccf839df
1493660744030,-2.1583728790283203,-6.123170852661133,-0.45848962664604187,,903d185fccf839df
1493660745000,-1.0223240852355957,-1.5873557329177856,-0.4812345504760742,,903d185fccf839df
1493660746135,-0.9002198576927185,-1.9776105880737305,-1.4329297542572021,,903d185fccf839df
1493660747025,-1.6484078168869019,-4.309563159942627,0.6129156351089478,,903d185fccf839df
1493660747193,-1.1767501831054688,-5.783194065093994,1.1288660764694214,,903d185fccf839df
1493660748181,1.765723705291748,-12.467804908752441,0.872686505317688,,903d185fccf839df
1493660749180,3.178302764892578,-11.36048698425293,-4.314351558685303,,903d185fccf839df
1493660750223,2.078166961669922,-10.08437728881836,-5.513846397399902,,903d185fccf839df
1493660751363,-0.6572083830833435,-6.964732646942139,1.721431016921997,,903d185fccf839df
1493660752194,-3.0573954582214355,-13.887566566467285,3.5936968326568604,,903d185fccf839df
1493660753180,0.0071826050989329815,-17.6332950592041,-1.2342109680175781,,903d185fccf839df
1493660754180,0.3447650372982025,-10.176554679870605,-1.1180921792984009,,903d185fccf839df
1493660755182,-0.20231004059314728,-5.583278179168701,-0.7158663272857666,,903d185fccf839df
1493660756307,-1.0007762908935547,-1.8100165128707886,-0.32202014327049255,,903d185fccf839df
1493660757233,-0.3663128614425659,-2.097320795059204,-0.8643068075180054,,903d185fccf839df
1493660758197,-3.008314371109009,-6.096834659576416,0.2537853717803955,,903d185fccf839df
1493660759184,0.6631938815116882,-11.433509826660156,1.0534487962722778,,903d185fccf839df
1493660760306,-1.072602391242981,-13.848062515258789,1.8100165128707886,,903d185fccf839df
1493660761145,-1.05105459690094,-12.120646476745605,0.2106897532939911,,903d185fccf839df
1493660762190,-1.7381904125213623,-11.792640686035156,0.2717418968677521,,903d185fccf839df
1493660763313,-1.0965443849563599,-15.387534141540527,-0.26575639843940735,,903d185fccf839df
1493660764174,-5.567716121673584,-12.527660369873047,-4.1180267333984375,,903d185fccf839df
1493660765184,-2.1811177730560303,-11.379640579223633,-1.4484920501708984,,903d185fccf839df
1493660766787,0.040701430290937424,-10.159794807434082,-2.011129379272461,,903d185fccf839df
1493660767781,-1.3970166444778442,-12.72996997833252,-1.0809820890426636,,903d185fccf839df
1493660768837,-2.609679937362671,-14.901511192321777,-1.0582371950149536,,903d185fccf839df
1493660769772,-2.9448680877685547,-10.584765434265137,-2.676717519760132,,903d185fccf839df
1493660770872,-3.3889925479888916,-8.842984199523926,-1.0103530883789062,,903d185fccf839df
1493660771873,0.568622887134552,-12.131420135498047,-0.07182604819536209,,903d185fccf839df
1493660772820,-1.7202339172363281,-8.210914611816406,0.21667525172233582,,903d185fccf839df
1493660773790,-1.7369933128356934,-7.873332500457764,0.10654197633266449,,903d185fccf839df
1493660774788,-1.1288660764694214,-11.51970100402832,0.5123591423034668,,903d185fccf839df
1493660775772,0.5650315880775452,-4.303577423095703,-1.313219666481018,,903d185fccf839df
1493660776772,2.675520420074463,-8.481459617614746,0.690727174282074,,903d185fccf839df
1493660777799,1.5454572439193726,-16.426618576049805,-2.313995838165283,,903d185fccf839df
1493660778788,-2.009932279586792,-12.480973243713379,-1.4413094520568848,,903d185fccf839df
1493660779772,-3.227383852005005,-6.592434406280518,-1.8471266031265259,,903d185fccf839df
1493660780762,-4.9835309982299805,-11.203666687011719,-1.9536685943603516,,903d185fccf839df
1493660781795,-1.8399440050125122,-12.255918502807617,0.3411737382411957,,903d185fccf839df
1493660782781,-1.235408067703247,-7.8960771560668945,-0.38905778527259827,,903d185fccf839df
1493660784061,-0.12330138683319092,-7.989450931549072,0.9409212470054626,,903d185fccf839df
1493660785126,-0.44173020124435425,-8.959102630615234,0.28131869435310364,,903d185fccf839df
1493660786066,-2.499546527862549,-9.278728485107422,-0.5758054852485657,,903d185fccf839df
1493660787295,-1.655590534210205,-3.31118106842041,-0.6703764796257019,,903d185fccf839df
1493660788083,-5.214571475982666,-13.002909660339355,1.659181833267212,,903d185fccf839df
1493660789124,-5.4240641593933105,-12.190077781677246,1.6723499298095703,,903d185fccf839df
1493660790358,1.4173674583435059,-9.907206535339355,-2.3570916652679443,,903d185fccf839df
1493660791193,-2.832340717315674,-5.0685248374938965,-0.44771572947502136,,903d185fccf839df
1493660792072,1.334767460823059,-9.107542991638184,1.802833914756775,,903d185fccf839df
1493660793072,0.1280897855758667,-8.911218643188477,-0.8798691034317017,,903d185fccf839df
1493660794069,-6.910863399505615,-14.955381393432617,1.7489643096923828,,903d185fccf839df
1493660795368,-2.89339280128479,-11.060014724731445,-1.6615760326385498,,903d185fccf839df
1493660796182,-3.6284127235412598,-12.477381706237793,2.52109432220459,,903d185fccf839df
1493660797112,-1.7202339172363281,-4.236539840698242,-1.236605167388916,,903d185fccf839df
1493660798111,-2.3355438709259033,-1.6687586307525635,-1.2042834758758545,,903d185fccf839df
1493660799052,-1.8830395936965942,-9.186552047729492,0.2849099934101105,,903d185fccf839df
1493660800051,-1.437718152999878,-13.937845230102539,0.7242460250854492,,903d185fccf839df
1493660801059,-0.5734112858772278,-12.739546775817871,-0.3711012601852417,,903d185fccf839df
1493660802068,-0.5327098965644836,-12.010512351989746,-0.8343793153762817,,903d185fccf839df
1493660803068,-1.780089020729065,-14.110227584838867,-0.36152446269989014,,903d185fccf839df
1493660804159,-0.7134721279144287,-12.822147369384766,-1.6687586307525635,,903d185fccf839df
1493660805078,-3.288435935974121,-11.768698692321777,-2.075772762298584,,903d185fccf839df
1493660806045,-2.8862102031707764,-10.392032623291016,-1.459265947341919,,903d185fccf839df
1493660807130,-3.114856481552124,-10.178948402404785,-0.3495534360408783,,903d185fccf839df
1493660808061,-2.011129379272461,-7.542932510375977,-1.523909330368042,,903d185fccf839df
1493660809082,-1.6268600225448608,-4.8494553565979,-0.872686505317688,,903d185fccf839df
1493660810173,-3.1723172664642334,-9.84615421295166,-1.7477672100067139,,903d185fccf839df
1493660811073,-0.5123591423034668,-3.4727895259857178,-0.011971008032560349,,903d185fccf839df
1493660812130,-0.9229647517204285,-5.849034786224365,-0.6859387755393982,,903d185fccf839df
1493660813068,0.6943184733390808,-9.618705749511719,-0.11851298063993454,,903d185fccf839df
1493660814073,2.5905263423919678,-13.016077995300293,-1.4616601467132568,,903d185fccf839df
1493660815175,0.16879121959209442,-7.615955829620361,1.3455413579940796,,903d185fccf839df
1493660816068,-5.864596843719482,-16.284162521362305,2.535459518432617,,903d185fccf839df
1493660817078,-3.287238836288452,-13.849259376525879,0.3447650372982025,,903d185fccf839df
1493660818182,-4.593276023864746,-11.706449508666992,2.7114334106445312,,903d185fccf839df
1493660819093,-1.0582371950149536,-8.239645004272461,-1.2856862545013428,,903d185fccf839df
1493660820073,-1.0271124839782715,-3.0154969692230225,0.17238251864910126,,903d185fccf839df
1493660823319,-4.20421838760376,-16.995241165161133,1.7417817115783691,,903d185fccf839df
1493660824429,-0.629675030708313,-8.346187591552734,-3.1076738834381104,,903d185fccf839df
1493660825329,-1.534683346748352,-13.571532249450684,-0.6631938815116882,,903d185fccf839df
1493660826412,-3.3961751461029053,-12.145785331726074,2.717418909072876,,903d185fccf839df
1493660827395,-0.8643068075180054,-13.959392547607422,-0.6524199843406677,,903d185fccf839df
1493660828388,-0.6260837316513062,-8.649053573608398,-1.1779472827911377,,903d185fccf839df
1493660829288,-2.7485435009002686,-3.2956185340881348,-0.7158663272857666,,903d185fccf839df
1493660830981,-0.9900023937225342,-4.875791549682617,-0.5315127968788147,,903d185fccf839df
1493660831955,-1.357512354850769,-10.202890396118164,0.45250412821769714,,903d185fccf839df
1493660832975,-0.9828197956085205,-14.907496452331543,-0.3495534360408783,,903d185fccf839df
1493660833990,-1.256955862045288,-12.85087776184082,-0.04189852997660637,,903d185fccf839df
1493660834961,-1.3227964639663696,-13.48653793334961,0.0035913025494664907,,903d185fccf839df
1493660836011,-2.0841526985168457,-15.014039039611816,-0.34596213698387146,,903d185fccf839df
1493660836975,-5.280411720275879,-10.579977035522461,-3.5649664402008057,,903d185fccf839df
1493660837976,-3.6954503059387207,-9.261969566345215,-1.0402805805206299,,903d185fccf839df
1493660838984,-1.6292542219161987,-9.904812812805176,-1.1635819673538208,,903d185fccf839df
1493660840031,-3.118447780609131,-8.152256965637207,-1.4305355548858643,,903d185fccf839df
1493660840972,-0.25258827209472656,-6.673837184906006,-0.32441434264183044,,903d185fccf839df
1493660841966,1.9273324012756348,-11.695674896240234,-2.3942017555236816,,903d185fccf839df
1493660842970,0.5722141861915588,-11.407174110412598,-5.595249176025391,,903d185fccf839df
1493660843965,-4.203021049499512,-17.359159469604492,-0.4225766062736511,,903d185fccf839df
1493660844964,-3.5697548389434814,-12.893973350524902,0.7362170219421387,,903d185fccf839df
1493660845987,-1.8183962106704712,-12.36724853515625,-1.039083480834961,,903d185fccf839df
1493660846986,0.3363853394985199,-8.792705535888672,-0.788889467716217,,903d185fccf839df
1493660847992,0.21547815203666687,-3.598485231399536,-1.456871747970581,,903d185fccf839df
1493660848961,-0.20470423996448517,-9.976638793945312,-0.25258827209472656,,903d185fccf839df
1493660850013,-0.29807811975479126,-12.09191608428955,0.5434837937355042,,903d185fccf839df
1493660850981,0.21188685297966003,-12.033257484436035,-0.43335050344467163,,903d185fccf839df
1493660851965,-2.432508945465088,-14.595053672790527,-0.5805938839912415,,903d185fccf839df
1493660852997,-2.297236442565918,-16.24106788635254,0.06464344263076782,,903d185fccf839df
1493660854016,-2.8838160037994385,-11.886013984680176,-1.643619418144226,,903d185fccf839df
1493660854966,-2.2661118507385254,-9.342175483703613,-1.294066071510315,,903d185fccf839df
1493660855965,-1.9117701053619385,-6.145915985107422,-0.9229647517204285,,903d185fccf839df
1493660856956,-1.2473790645599365,-4.265270233154297,-0.4800374507904053,,903d185fccf839df
1493660857965,0.3734954595565796,-7.68538761138916,0.11851298063993454,,903d185fccf839df
1493660858981,2.0410568714141846,-13.166912078857422,-2.5294740200042725,,903d185fccf839df
1493660860051,1.8351556062698364,-11.842918395996094,-1.1121066808700562,,903d185fccf839df
1493660861070,-3.0346505641937256,-16.72709083557129,-0.9971849918365479,,903d185fccf839df
1493660861965,-2.7269957065582275,-12.30978775024414,0.7841010689735413,,903d185fccf839df
1493660866067,-2.5558102130889893,-10.351330757141113,-0.8918401598930359,,903d185fccf839df
1493660873211,-0.39863458275794983,-7.399280548095703,0.7637503147125244,,903d185fccf839df
1493660875384,-1.2270283699035645,-12.126631736755371,2.2433669567108154,,903d185fccf839df
1493660876105,-0.2537853717803955,-9.478644371032715,0.9289502501487732,,903d185fccf839df
1493660876964,-3.405751943588257,-11.05283260345459,-1.4939818382263184,,903d185fccf839df
1493660877984,-2.007538080215454,-6.89530086517334,-1.259350061416626,,903d185fccf839df
1493660878955,0.9181763529777527,-8.699332237243652,-0.7649474143981934,,903d185fccf839df
1493660879991,-1.9369091987609863,-11.694478034973145,2.890998601913452,,903d185fccf839df
1493660881068,-1.1755530834197998,-7.817068576812744,0.5925649404525757,,903d185fccf839df
1493660881956,-3.0538041591644287,-12.611457824707031,1.8495208024978638,,903d185fccf839df
1493660883028,-2.934094190597534,-12.703634262084961,-0.3292027413845062,,903d185fccf839df
1493660884335,-3.288435935974121,-11.106701850891113,-1.381454348564148,,903d185fccf839df
1493660885266,0.6009446382522583,-7.655459880828857,-0.9361328482627869,,903d185fccf839df
1493660886265,-4.435258865356445,-16.269798278808594,0.45489832758903503,,903d185fccf839df
1493660887275,-4.81473970413208,-12.066776275634766,1.1408370733261108,,903d185fccf839df
1493660888270,-0.42018240690231323,-10.119093894958496,0.040701430290937424,,903d185fccf839df
1493660889275,0.08379705995321274,-5.616796970367432,-1.1216834783554077,,903d185fccf839df
1493660890118,-1.6627731323242188,-12.356474876403809,0.2849099934101105,,903d185fccf839df
1493660891274,-2.9484593868255615,-5.044582843780518,-0.0071826050989329815,,903d185fccf839df
1493660892274,-1.1659762859344482,-9.570821762084961,0.04668693244457245,,903d185fccf839df
1493660893307,-2.5462334156036377,-13.011289596557617,-1.0450690984725952,,903d185fccf839df
1493660894275,-2.01232647895813,-13.001712799072266,-0.5913678407669067,,903d185fccf839df
1493660895265,-2.7772738933563232,-13.900734901428223,-2.007538080215454,,903d185fccf839df
1493660896365,-2.6204538345336914,-15.174449920654297,-3.4751837253570557,,903d185fccf839df
1493660897274,-2.205059766769409,-10.576386451721191,-0.6536170840263367,,903d185fccf839df
1493660898210,-2.8431146144866943,-8.53413200378418,-2.054224967956543,,903d185fccf839df
1493660899070,-2.10210919380188,-9.548076629638672,-1.5885528326034546,,903d185fccf839df
1493660899910,-1.0091559886932373,-5.781997203826904,0.6212953329086304,,903d185fccf839df
1493660900948,-2.564189910888672,-6.963535785675049,-1.091755986213684,,903d185fccf839df
1493660902190,-1.889025092124939,-9.575610160827637,-1.013944387435913,,903d185fccf839df
1493660903009,-0.37828385829925537,-7.679401874542236,-3.0346505641937256,,903d185fccf839df
1493660903911,-2.8993782997131348,-13.504494667053223,-0.5410895943641663,,903d185fccf839df
1493660904900,-3.1280245780944824,-13.142970085144043,2.63362193107605,,903d185fccf839df
1493660905896,-2.562992811203003,-13.79060173034668,-0.11971008777618408,,903d185fccf839df
1493660906981,-3.0346505641937256,-15.211560249328613,2.183511972427368,,903d185fccf839df
1493660907920,-0.8487445116043091,-12.227188110351562,-0.9349357485771179,,903d185fccf839df
1493660908901,-1.7561469078063965,-6.3482255935668945,-1.382651448249817,,903d185fccf839df
1493660909901,-1.3634978532791138,-4.4639892578125,-1.7908629179000854,,903d185fccf839df
1493660910889,-2.4887726306915283,-4.055777549743652,-0.6045359373092651,,903d185fccf839df
1493660911976,-0.7326257228851318,-3.60566782951355,-1.5119383335113525,,903d185fccf839df
1493660912909,-1.577778935432434,-8.785523414611816,0.5542576909065247,,903d185fccf839df
1493660913923,-1.3419500589370728,-10.605116844177246,0.40940847992897034,,903d185fccf839df
1493660914901,-1.2988544702529907,-14.210783958435059,-0.2932897210121155,,903d185fccf839df
1493660915917,1.866280198097229,-13.637372970581055,0.05267243832349777,,903d185fccf839df
1493660916901,3.271676540374756,-15.541960716247559,0.9265560507774353,,903d185fccf839df
1493660917897,-2.425326347351074,-10.062829971313477,-2.5713725090026855,,903d185fccf839df
1493660918990,-4.256890773773193,-13.579912185668945,-3.4189200401306152,,903d185fccf839df
1493660919997,-2.849100112915039,-11.66694450378418,-1.3419500589370728,,903d185fccf839df
1493660920909,-0.4572925269603729,-3.9707834720611572,-1.5083470344543457,,903d185fccf839df
1493660921901,-0.4321534037590027,-3.7493197917938232,-0.7098808288574219,,903d185fccf839df
1493660922912,-0.365115761756897,-4.174290657043457,0.7386112213134766,,903d185fccf839df
1493660923961,-1.359906554222107,-3.823540210723877,0.33518823981285095,,903d185fccf839df
1493660924951,-0.2777273952960968,-8.81664752960205,-2.8191723823547363,,903d185fccf839df
1493660925911,-1.522712230682373,-9.136273384094238,-0.8248024582862854,,903d185fccf839df
1493660926897,-2.5115175247192383,-15.618575096130371,0.04189852997660637,,903d185fccf839df
1493660927999,-1.6041151285171509,-8.798690795898438,-1.2066776752471924,,903d185fccf839df
1493660928951,-3.488351821899414,-18.000804901123047,0.4405331015586853,,903d185fccf839df
1493660929902,-2.2601263523101807,-15.415067672729492,-0.7793126702308655,,903d185fccf839df
1493660930898,0.48602294921875,-9.318233489990234,-0.5638344883918762,,903d185fccf839df
1493660931892,0.44771572947502136,-3.734954595565796,-1.0869675874710083,,903d185fccf839df
1493660932903,-1.8938134908676147,-2.853888511657715,-1.2198457717895508,,903d185fccf839df
1493660933917,-1.2078747749328613,-4.570530891418457,-0.29568392038345337,,903d185fccf839df
1493660934921,-1.0247182846069336,-7.736862659454346,-0.181959331035614,,903d185fccf839df
1493660935892,-1.314416766166687,-13.494917869567871,-1.2473790645599365,,903d185fccf839df
1493660936902,-0.9289502501487732,-10.1753568649292,-3.1531636714935303,,903d185fccf839df
1493660937912,-1.50355863571167,-13.059173583984375,-0.751779317855835,,903d185fccf839df
1493660938950,-1.525106430053711,-14.480132102966309,-0.44771572947502136,,903d185fccf839df
1493660939989,-4.752490520477295,-15.37436580657959,-2.585737943649292,,903d185fccf839df
1493660941285,-1.8842366933822632,-4.73573112487793,-0.6105214357376099,,903d185fccf839df
1493660942090,-1.194706678390503,-10.60152530670166,-0.2992752194404602,,903d185fccf839df
1493660943022,-1.9596540927886963,-10.158597946166992,-1.1444283723831177,,903d185fccf839df
1493660944033,-1.9943699836730957,-8.862137794494629,-0.9277531504631042,,903d185fccf839df
1493660944911,-1.01753568649292,-4.994304656982422,0.8152256608009338,,903d185fccf839df
1493660945922,-0.9229647517204285,-6.171054840087891,-2.7880477905273438,,903d185fccf839df
1493660947262,-4.523844242095947,-10.641029357910156,-2.9496564865112305,,903d185fccf839df
1493660948178,-1.7812861204147339,-6.457161903381348,-0.7972691655158997,,903d185fccf839df
1493660948937,-2.7126305103302,-17.146076202392578,0.811634361743927,,903d185fccf839df
1493660949898,-1.3658920526504517,-10.96544361114502,-0.7398083209991455,,903d185fccf839df
1493660950946,-1.7501614093780518,-11.9027738571167,-0.9373299479484558,,903d185fccf839df
1493660952223,-0.5805938839912415,-10.384849548339844,-1.9309237003326416,,903d185fccf839df
1493660952992,-0.090979665517807,-7.445967197418213,-1.6747441291809082,,903d185fccf839df
1493660953904,-1.8974047899246216,-7.886500358581543,0.4034229815006256,,903d185fccf839df
1493660954898,-1.8148049116134644,-12.958616256713867,0.38067805767059326,,903d185fccf839df
1493660955922,-2.255337953567505,-12.779051780700684,-0.6057330369949341,,903d185fccf839df
1493660956912,-1.2832920551300049,-9.015366554260254,-1.0091559886932373,,903d185fccf839df
1493660957944,-3.6164417266845703,-12.157755851745605,-0.6440402865409851,,903d185fccf839df
1493660959050,-2.5737667083740234,-16.299724578857422,-0.32680854201316833,,903d185fccf839df
1493660959955,-2.6204538345336914,-10.558429718017578,-1.2665326595306396,,903d185fccf839df
1493660962611,0.02753331884741783,-8.44554615020752,-0.9469067454338074,,903d185fccf839df
1493660963545,-2.697068214416504,-6.218938827514648,0.9816226959228516,,903d185fccf839df
1493660964323,-1.0295066833496094,-3.8510735034942627,0.5829881429672241,,903d185fccf839df
1493660965190,-1.965639591217041,-7.433996200561523,-1.8076223134994507,,903d185fccf839df
1493660965951,-1.035492181777954,-12.36485481262207,0.3292027413845062,,903d185fccf839df
1493660967098,-2.006340980529785,-13.354857444763184,0.05147533491253853,,903d185fccf839df
1493660968194,4.219780445098877,-9.914389610290527,-4.788403511047363,,903d185fccf839df
1493660968955,0.6799532771110535,-15.078681945800781,1.2294225692749023,,903d185fccf839df
1493660969954,1.0307037830352783,-15.94658088684082,1.5598224401474,,903d185fccf839df
1493660971321,-0.9193734526634216,-8.556877136230469,-1.1851298809051514,,903d185fccf839df
1493660972349,0.24779987335205078,-9.400833129882812,-0.017956512048840523,,903d185fccf839df
1493660975094,-2.4025814533233643,-14.610615730285645,-1.072602391242981,,903d185fccf839df
1493660976103,-2.0614075660705566,-12.7946138381958,2.649184226989746,,903d185fccf839df
1493660980179,7.0138139724731445,-10.418368339538574,-4.537012100219727,,903d185fccf839df
1493660981425,1.581370234489441,-9.246406555175781,-0.8475474119186401,,903d185fccf839df
1493660982612,0.7984662652015686,-8.189367294311523,-0.5207388401031494,,903d185fccf839df
1493660983285,-1.5526398420333862,-7.090428352355957,0.37229835987091064,,903d185fccf839df
1493660984588,-0.16879121959209442,-4.236539840698242,-0.547075092792511,,903d185fccf839df
1493660985568,-1.5263035297393799,-12.030863761901855,0.4489128291606903,,903d185fccf839df
1493660986760,-0.43095630407333374,-2.715024709701538,-1.8806453943252563,,903d185fccf839df
1493660987562,-3.314772367477417,-14.626177787780762,0.040701430290937424,,903d185fccf839df
1493660988542,-3.4344823360443115,-10.813411712646484,-2.98437237739563,,903d185fccf839df
1493660989635,-3.8786067962646484,-11.08994197845459,-1.193509578704834,,903d185fccf839df
1493660990552,-1.7334020137786865,-9.287108421325684,-1.2449848651885986,,903d185fccf839df
1493660991643,-1.9129672050476074,-10.72482681274414,-1.2090718746185303,,903d185fccf839df
1493660992562,-0.872686505317688,-4.8482584953308105,1.4317326545715332,,903d185fccf839df
1493660993696,-1.4113819599151611,-4.739322185516357,-0.3842693865299225,,903d185fccf839df
1493660994593,1.0558429956436157,-13.542801856994629,-3.183091163635254,,903d185fccf839df
1493660995668,2.232593059539795,-6.065710067749023,-1.0773907899856567,,903d185fccf839df
1493660996559,-3.1004912853240967,-12.99692440032959,0.8008604645729065,,903d185fccf839df
1493660997563,0.8080430626869202,-12.799402236938477,0.11372458189725876,,903d185fccf839df
1493660998563,1.138442873954773,-4.449624061584473,-1.0307037830352783,,903d185fccf839df
1493660999597,-0.09935937076807022,-2.7222073078155518,-1.40180504322052,,903d185fccf839df
1493661000753,-1.2222399711608887,-14.12818431854248,-0.5710170865058899,,903d185fccf839df
1493661001563,-1.8255788087844849,-10.437521934509277,0.8870517015457153,,903d185fccf839df
1493661002643,-1.4305355548858643,-5.524620532989502,0.22625206410884857,,903d185fccf839df
1493661003589,-1.8806453943252563,-13.478157997131348,-1.0007762908935547,,903d185fccf839df
1493661004564,-0.9756371974945068,-12.36365795135498,-1.2641384601593018,,903d185fccf839df
1493661005649,-2.032677173614502,-11.015722274780273,-1.1264718770980835,,903d185fccf839df
1493661006563,-4.015076160430908,-11.408370971679688,-2.2421698570251465,,903d185fccf839df
1493661007533,-2.49834942817688,-9.153033256530762,-0.9852139949798584,,903d185fccf839df
1493661008540,-3.56017804145813,-10.557232856750488,-1.3287819623947144,,903d185fccf839df
1493661009549,-2.7257986068725586,-11.189301490783691,-1.3694833517074585,,903d185fccf839df
1493661010549,-2.1140801906585693,-8.42040729522705,-1.094150185585022,,903d185fccf839df
1493661011560,-1.4772224426269531,-5.86699104309082,-0.10654197633266449,,903d185fccf839df
1493661012561,-0.5722141861915588,-4.325125217437744,-0.05746084079146385,,903d185fccf839df
1493661013644,-1.137245774269104,-5.386953830718994,-0.04429273307323456,,903d185fccf839df
1493661014625,0.8810662031173706,-8.631096839904785,0.7661445140838623,,903d185fccf839df
1493661015624,1.0881646871566772,-13.176488876342773,-5.744886875152588,,903d185fccf839df
1493661016672,1.2713210582733154,-14.97573184967041,-3.0370447635650635,,903d185fccf839df
1493661017613,-3.359065055847168,-16.072275161743164,3.1256303787231445,,903d185fccf839df
1493661018614,-2.470816135406494,-10.113107681274414,0.9145850539207458,,903d185fccf839df
1493661019694,-3.4775779247283936,-15.21275806427002,2.449268341064453,,903d185fccf839df
1493661020635,0.05027823522686958,-8.486248016357422,-0.4345476031303406,,903d185fccf839df
1493661021615,-2.369062662124634,-3.8283286094665527,-0.9900023937225342,,903d185fccf839df
1493661022634,-2.425326347351074,-4.3394904136657715,-0.93254154920578,,903d185fccf839df
1493661023725,-1.4449007511138916,-4.799177169799805,-0.8523358106613159,,903d185fccf839df
1493661024933,-2.3965959548950195,-10.827776908874512,0.17477671802043915,,903d185fccf839df
1493661025756,-0.9864110946655273,-6.390124320983887,-0.6931213736534119,,903d185fccf839df
1493661026666,-1.2413935661315918,-11.208455085754395,-1.7130513191223145,,903d185fccf839df
1493661027725,-0.38307225704193115,-10.414777755737305,-0.9696516990661621,,903d185fccf839df
1493661028633,-2.8407204151153564,-11.498153686523438,-1.2713210582733154,,903d185fccf839df
1493661029625,-2.2170307636260986,-9.327810287475586,-0.12449848651885986,,903d185fccf839df
1493661030625,-2.7988216876983643,-7.241262912750244,-1.9967641830444336,,903d185fccf839df
1493661031761,1.9776105880737305,-9.5408935546875,-2.2828712463378906,,903d185fccf839df
1493661034543,-1.7202339172363281,-8.368931770324707,-1.5909470319747925,,903d185fccf839df
1493661034705,-0.5291185975074768,-5.002684593200684,0.14365209639072418,,903d185fccf839df
1493661035655,1.923741102218628,-9.435548782348633,0.1951274424791336,,903d185fccf839df
1493661036676,-0.6189011335372925,-11.614272117614746,1.213860273361206,,903d185fccf839df
1493661037633,-4.259284973144531,-11.261127471923828,-2.007538080215454,,903d185fccf839df
1493661038636,-0.667982280254364,-9.648633003234863,0.04668693244457245,,903d185fccf839df
1493661039633,-2.1344308853149414,-5.549759387969971,-1.5095441341400146,,903d185fccf839df
1493661040733,-0.849941611289978,-5.20978307723999,-0.9588778018951416,,903d185fccf839df
1493661041636,-1.0606313943862915,-11.306617736816406,0.3315969407558441,,903d185fccf839df
1493661042693,-0.395043283700943,-11.610681533813477,-0.7469909191131592,,903d185fccf839df
1493661043707,-2.8826189041137695,-14.437036514282227,-0.35434186458587646,,903d185fccf839df
1493661045342,-3.2118215560913086,-9.959878921508789,-0.6596025824546814,,903d185fccf839df
1493661045733,-3.141192674636841,-8.397662162780762,-0.44532153010368347,,903d185fccf839df
1493661046702,-1.867477297782898,-7.418434143066406,-1.3251906633377075,,903d185fccf839df
1493661047878,-2.736572504043579,-10.675745010375977,-0.2106897532939911,,903d185fccf839df
1493661048686,-0.7565677165985107,-7.7416510581970215,1.4413094520568848,,903d185fccf839df
1493661049706,0.4345476031303406,-12.00572395324707,-5.692214488983154,,903d185fccf839df
1493661050806,2.719813108444214,-12.255918502807617,-2.229001760482788,,903d185fccf839df
1493661051734,-4.304774761199951,-16.284162521362305,0.9552865028381348,,903d185fccf839df
1493661052722,-2.7772738933563232,-12.348094940185547,-0.7314286231994629,,903d185fccf839df
1493661053715,0.08140286058187485,-6.587646007537842,-0.6775590777397156,,903d185fccf839df
1493661054696,-1.5478514432907104,-3.1076738834381104,-1.8962076902389526,,903d185fccf839df
1493661056342,-0.872686505317688,-10.675745010375977,-1.40180504322052,,903d185fccf839df
1493661056726,-1.6364368200302124,-8.362946510314941,0.15083470940589905,,903d185fccf839df
1493661057702,-1.3838485479354858,-13.391966819763184,0.2561795711517334,,903d185fccf839df
1493661058716,-0.9564836025238037,-10.358513832092285,-0.569819986820221,,903d185fccf839df
1493661059703,-2.433706045150757,-14.815320014953613,-1.7357962131500244,,903d185fccf839df
1493661060686,-3.2166099548339844,-10.17176628112793,-1.05105459690094,,903d185fccf839df
1493661061807,-2.5522189140319824,-16.581043243408203,-1.7609353065490723,,903d185fccf839df
1493661062696,-4.171896457672119,-10.811017990112305,-1.6292542219161987,,903d185fccf839df
1493661063706,-2.536656618118286,-9.003395080566406,-1.0438719987869263,,903d185fccf839df
1493661064674,-0.9217676520347595,-5.250484466552734,-0.31603461503982544,,903d185fccf839df
1493661065684,2.2230162620544434,-13.439850807189941,-2.9735984802246094,,903d185fccf839df
1493661066661,-4.120420932769775,-18.25698471069336,0.49559974670410156,,903d185fccf839df
1493661067674,-0.39384618401527405,-11.348516464233398,0.49799394607543945,,903d185fccf839df
1493661068707,-0.2777273952960968,-13.232752799987793,-0.40940847992897034,,903d185fccf839df
1493661069723,-1.0582371950149536,-7.346607685089111,-1.8710685968399048,,903d185fccf839df
1493661070674,-1.768117904663086,-15.999253273010254,-2.185906171798706,,903d185fccf839df
1493661071825,-2.0374655723571777,-10.272322654724121,-1.1899182796478271,,903d185fccf839df
1493661072734,-1.7106571197509766,-9.362525939941406,-0.9349357485771179,,903d185fccf839df
1493661073688,2.360682964324951,-9.400833129882812,-1.7298107147216797,,903d185fccf839df
1493661074676,0.4465186297893524,-12.348094940185547,1.07379949092865,,903d185fccf839df
1493661075687,-0.31842881441116333,-5.6634840965271,-0.25737667083740234,,903d185fccf839df
1493661076697,-0.7254431247711182,-9.819818496704102,-0.33039984107017517,,903d185fccf839df
1493661077667,-2.8215668201446533,-11.883620262145996,-1.1013327836990356,,903d185fccf839df
1493661078683,-1.256955862045288,-7.15507173538208,-0.788889467716217,,903d185fccf839df
1493661079666,-2.52109432220459,-13.827712059020996,-0.015562310814857483,,903d185fccf839df
1493661080667,-0.31603461503982544,-5.330689907073975,-0.4273650050163269,,903d185fccf839df
1493661081683,-0.3471592366695404,-8.681375503540039,-0.39384618401527405,,903d185fccf839df
1493661082726,-0.6787561774253845,-5.668272495269775,-0.15322890877723694,,903d185fccf839df
1493661083687,-0.9217676520347595,-7.150283336639404,0.5171475410461426,,903d185fccf839df
1493661084695,-2.4133553504943848,-13.849259376525879,0.1041477769613266,,903d185fccf839df
1493661085677,-1.5071499347686768,-8.707711219787598,-0.4189853072166443,,903d185fccf839df
1493661086687,-3.7002387046813965,-7.319074630737305,-1.05105459690094,,903d185fccf839df
1493661087724,-2.2816741466522217,-7.6566572189331055,-1.1456254720687866,,903d185fccf839df
1493661088704,-0.5315127968788147,-10.523713111877441,1.8112136125564575,,903d185fccf839df
1493661089677,3.8750154972076416,-10.064026832580566,-0.7613561153411865,,903d185fccf839df
1493661090885,-1.2198457717895508,-7.583633899688721,-1.7166426181793213,,903d185fccf839df
1493661091930,-2.3355438709259033,-7.479485988616943,-0.9756371974945068,,903d185fccf839df
1493661092707,-3.7828385829925537,-9.745597839355469,-2.8634653091430664,,903d185fccf839df
1493661093807,-2.3127987384796143,-9.050082206726074,-3.0418331623077393,,903d185fccf839df
1493661094678,-0.7924807667732239,-12.88439655303955,0.48602294921875,,903d185fccf839df
1493661095697,-3.1878795623779297,-8.862137794494629,-0.628477931022644,,903d185fccf839df
1493661096677,-2.5127146244049072,-9.522936820983887,1.9476830959320068,,903d185fccf839df
1493661097630,-3.1519665718078613,-10.708066940307617,-0.28371289372444153,,903d185fccf839df
1493661098677,-2.4133553504943848,-9.149441719055176,-1.7980455160140991,,903d185fccf839df
1493661099761,-2.3582887649536133,-11.137825965881348,2.3116016387939453,,903d185fccf839df
1493661100787,-1.6160861253738403,-7.99184513092041,0.1496376097202301,,903d185fccf839df
1493661101759,-3.930082082748413,-10.317811965942383,-1.3000515699386597,,903d185fccf839df
1493661103166,-1.9548656940460205,-9.611522674560547,-1.7884687185287476,,903d185fccf839df
1493661103904,-2.141613483428955,-10.046070098876953,0.2669534981250763,,903d185fccf839df
1493661104710,-1.7621324062347412,-9.273940086364746,-2.0003554821014404,,903d185fccf839df
1493661105747,1.6711528301239014,-9.204508781433105,0.50876784324646,,903d185fccf839df
1493661106705,-1.0007762908935547,-8.971074104309082,0.9157821536064148,,903d185fccf839df
1493661107716,-2.8335378170013428,-10.460267066955566,-0.628477931022644,,903d185fccf839df
1493661108748,0.035913024097681046,-10.608707427978516,1.0678139925003052,,903d185fccf839df
1493661109806,-1.173158884048462,-9.785101890563965,3.272873640060425,,903d185fccf839df
1493661110592,-2.4887726306915283,-9.172186851501465,-0.7398083209991455,,903d185fccf839df
1493661111675,0.8319851160049438,-9.6989107131958,-0.24899697303771973,,903d185fccf839df
1493661112706,-0.8307880163192749,-9.714473724365234,-0.026336219161748886,,903d185fccf839df
1493661113812,-0.9576807022094727,-11.81179428100586,-1.7896658182144165,,903d185fccf839df
1493661115136,-1.4975731372833252,-9.009381294250488,-2.5306711196899414,,903d185fccf839df
1493661122142,-0.33997663855552673,-10.342951774597168,0.14484919607639313,,903d185fccf839df
1493661123095,0.3974374830722809,-10.442310333251953,1.9045875072479248,,903d185fccf839df
1493661125286,-3.1076738834381104,-10.554838180541992,-0.5530605912208557,,903d185fccf839df
1493661126448,-0.07661445438861847,-8.47906494140625,1.3706804513931274,,903d185fccf839df
1493661127624,-1.238999366760254,-10.754754066467285,-0.4189853072166443,,903d185fccf839df
1493661128401,-2.206256866455078,-9.458293914794922,1.820790410041809,,903d185fccf839df
1493661129305,-1.4496891498565674,-9.130288124084473,-1.6172832250595093,,903d185fccf839df
1493661130275,-6.331466197967529,-9.516951560974121,-5.791574001312256,,903d185fccf839df
1493661131514,-6.2632317543029785,-8.732851028442383,1.780089020729065,,903d185fccf839df
1493661132305,0.24779987335205078,-10.407594680786133,-1.3670891523361206,,903d185fccf839df
1493661133275,-2.388216257095337,2.9520506858825684,9.703699111938477,,903d185fccf839df
1493661134245,-0.5614402890205383,4.720168590545654,9.925163269042969,,903d185fccf839df
1493661135255,-0.5542576909065247,4.0330328941345215,7.969100475311279,,903d185fccf839df
1493661136252,-0.9217676520347595,2.612074136734009,9.524134635925293,,903d185fccf839df
1493661137293,-1.4844050407409668,4.341884613037109,7.715314865112305,,903d185fccf839df
1493661138255,-1.169567584991455,3.626018524169922,7.29154109954834,,903d185fccf839df
1493661139262,-1.4520833492279053,4.37540340423584,8.300697326660156,,903d185fccf839df
1493661140244,-1.159990668296814,4.217386245727539,9.132682800292969,,903d185fccf839df
1493661141245,-1.072602391242981,3.7852327823638916,8.935160636901855,,903d185fccf839df
1493661142268,-1.1204863786697388,3.60566782951355,9.136273384094238,,903d185fccf839df
1493661143254,-1.0989385843276978,3.045424461364746,9.500192642211914,,903d185fccf839df
1493661144252,-0.788889467716217,3.043030261993408,9.272743225097656,,903d185fccf839df
1493661145253,-0.8846575021743774,3.954024076461792,8.098387718200684,,903d185fccf839df
1493661146256,-0.993593692779541,3.5039141178131104,9.169792175292969,,903d185fccf839df
1493661147276,-0.7996633648872375,2.369062662124634,9.616311073303223,,903d185fccf839df
1493661148254,-0.7422025203704834,3.2597055435180664,9.431957244873047,,903d185fccf839df
1493661148757,-0.9804255962371826,2.9903578758239746,9.526528358459473,,903d185fccf839df
1493661148916,-0.7362170219421387,3.071760892868042,8.856152534484863,,903d185fccf839df
1493661148955,-0.871489405632019,3.2848446369171143,8.810662269592285,,903d185fccf839df
1493661149021,-0.8475474119186401,3.2968156337738037,9.032125473022461,,903d185fccf839df
1493661149064,-1.0462661981582642,3.5625722408294678,9.301473617553711,,903d185fccf839df
1493661149114,-1.1791443824768066,3.794809579849243,9.434351921081543,,903d185fccf839df
1493661149140,-1.0211269855499268,4.005499362945557,9.26795482635498,,903d185fccf839df
1493661149160,-1.2665326595306396,3.5158851146698,9.44752025604248,,903d185fccf839df
1493661149194,-1.338358759880066,2.22660756111145,9.965864181518555,,903d185fccf839df
1493661149220,-1.161187767982483,2.2421698570251465,9.793481826782227,,903d185fccf839df
1493661149255,-0.7864952683448792,3.177105665206909,9.26675796508789,,903d185fccf839df
1493661149294,-0.6033388376235962,3.712209701538086,9.10993766784668,,903d185fccf839df
1493661149314,-0.33279404044151306,3.466804027557373,9.174580574035645,,903d185fccf839df
1493661149353,-0.8750807046890259,3.162740468978882,9.791088104248047,,903d185fccf839df
1493661149412,-0.8092401623725891,3.1208419799804688,9.516951560974121,,903d185fccf839df
1493661149441,-0.7230489253997803,3.4727895259857178,9.419986724853516,,903d185fccf839df
1493661149464,-0.48722004890441895,3.246537446975708,9.39365005493164,,903d185fccf839df
1493661149493,-0.4165911078453064,3.0550012588500977,9.550470352172852,,903d185fccf839df
1493661149528,-0.5003881454467773,2.8802247047424316,9.816226959228516,,903d185fccf839df
1493661149551,-0.5015852451324463,2.4791958332061768,10.019734382629395,,903d185fccf839df
1493661149612,-0.5446808934211731,1.4736311435699463,9.951498985290527,,903d185fccf839df
1493661149646,-0.42018240690231323,2.0242974758148193,8.959102630615234,,903d185fccf839df
1493661149724,-0.6703764796257019,2.5342624187469482,8.615534782409668,,903d185fccf839df
1493661149776,-0.9516952037811279,2.2828712463378906,9.197325706481934,,903d185fccf839df
1493661149835,-0.9816226959228516,3.4368765354156494,8.927978515625,,903d185fccf839df
1493661149881,-0.6655880808830261,3.755305290222168,8.506598472595215,,903d185fccf839df
1493661149985,-0.7182605266571045,2.7305870056152344,9.724050521850586,,903d185fccf839df
1493661150036,-0.5722141861915588,2.8107926845550537,9.743204116821289,,903d185fccf839df
1493661150074,-0.4129997789859772,3.093308687210083,9.536105155944824,,903d185fccf839df
1493661150141,-0.26815059781074524,2.609679937362671,10.155006408691406,,903d185fccf839df
