UUID, meanHeading, class, timestamp 
903d185fccf839df,142.27144337171606,undefined,1493663061180
903d185fccf839df,144.1493526575345,undefined,1493663061746
903d185fccf839df,145.47821776568736,undefined,1493663062198
903d185fccf839df,146.43128846017458,undefined,1493663062766
903d185fccf839df,147.33164261151688,undefined,1493663063212
903d185fccf839df,149.79814402863286,undefined,1493663063778
903d185fccf839df,151.00062508432197,undefined,1493663064201
903d185fccf839df,152.45593073779932,undefined,1493663064772
903d185fccf839df,152.9794577856477,undefined,1493663066107
903d185fccf839df,152.9794577856477,undefined,1493663066123
903d185fccf839df,152.94122572063776,undefined,1493663066209
903d185fccf839df,152.56150103984797,undefined,1493663066779
903d185fccf839df,151.28597028203168,undefined,1493663067183
903d185fccf839df,151.29279856852042,undefined,1493663067755
903d185fccf839df,148.45664380718824,undefined,1493663068194
903d185fccf839df,142.5389254678723,undefined,1493663068776
903d185fccf839df,140.55749409392203,undefined,1493663069208
903d185fccf839df,136.4920925219399,undefined,1493663069778
903d185fccf839df,133.49788747157405,undefined,1493663070255
903d185fccf839df,130.62316681560435,undefined,1493663070763
903d185fccf839df,125.58971861749508,undefined,1493663071207
903d185fccf839df,120.33674132733088,undefined,1493663071800
903d185fccf839df,116.04046577077204,undefined,1493663072190
903d185fccf839df,110.2267476867478,undefined,1493663072800
903d185fccf839df,105.20874520450123,undefined,1493663073191
903d185fccf839df,102.15115522888672,undefined,1493663073767
903d185fccf839df,95.89689843467087,undefined,1493663074238
903d185fccf839df,98.53461284408318,undefined,1493663074781
903d185fccf839df,101.10767812687367,undefined,1493663075191
903d185fccf839df,101.80642081413875,undefined,1493663075777
903d185fccf839df,103.34897100295538,undefined,1493663076218
903d185fccf839df,103.49223146305377,undefined,1493663076745
903d185fccf839df,103.72334340204499,undefined,1493663077220
903d185fccf839df,104.46635178082215,undefined,1493663077791
903d185fccf839df,105.28514694137317,undefined,1493663078195
903d185fccf839df,108.11673827069067,undefined,1493663078787
903d185fccf839df,110.03765485187387,undefined,1493663079192
903d185fccf839df,111.7071994830551,undefined,1493663079757
903d185fccf839df,115.50057918461259,undefined,1493663080223
903d185fccf839df,116.47408413760785,undefined,1493663080775
903d185fccf839df,111.78248298897536,undefined,1493663081202
903d185fccf839df,112.73912262696675,undefined,1493663081790
903d185fccf839df,111.9369806170659,undefined,1493663082189
903d185fccf839df,109.79818751515755,undefined,1493663082816
903d185fccf839df,109.4954484277323,undefined,1493663083267
903d185fccf839df,108.77563007126886,undefined,1493663083776
903d185fccf839df,108.3042940145243,undefined,1493663084185
903d185fccf839df,109.01822447742882,undefined,1493663084819
903d185fccf839df,105.01216596887485,undefined,1493663085173
903d185fccf839df,107.3267413678803,undefined,1493663085781
903d185fccf839df,105.22225233579115,undefined,1493663086195
903d185fccf839df,106.3603642862045,undefined,1493663086811
903d185fccf839df,103.76718060188136,undefined,1493663087205
903d185fccf839df,105.21095925393949,undefined,1493663087786
903d185fccf839df,108.05468118201753,undefined,1493663089548
903d185fccf839df,108.01643052387557,undefined,1493663089657
903d185fccf839df,108.6688338866897,undefined,1493663089786
903d185fccf839df,106.09001046392083,undefined,1493663090174
903d185fccf839df,99.43358174358889,undefined,1493663090797
903d185fccf839df,97.50377271205444,undefined,1493663091211
903d185fccf839df,96.27426895046679,undefined,1493663091788
903d185fccf839df,96.41286731019804,undefined,1493663092218
903d185fccf839df,100.51660257793782,undefined,1493663092760
903d185fccf839df,107.95527387753778,undefined,1493663093196
903d185fccf839df,105.76928808301193,undefined,1493663095017
903d185fccf839df,105.76928808301193,undefined,1493663095084
903d185fccf839df,107.47096890993568,undefined,1493663095236
903d185fccf839df,106.00290026173812,undefined,1493663095784
903d185fccf839df,106.73246585363903,undefined,1493663096204
903d185fccf839df,85.59253803829948,undefined,1493663096880
903d185fccf839df,69.89737027332666,undefined,1493663097241
903d185fccf839df,36.92841174222961,undefined,1493663097738
903d185fccf839df,364.05622192491694,undefined,1493663098960
903d185fccf839df,364.05622192491694,undefined,1493663098988
903d185fccf839df,345.89469149716126,undefined,1493663099227
903d185fccf839df,312.4480288390439,undefined,1493663099769
903d185fccf839df,310.8123578632482,undefined,1493663100214
903d185fccf839df,305.6630889982801,undefined,1493663100777
903d185fccf839df,309.0398253822373,undefined,1493663101202
903d185fccf839df,307.7890745600798,undefined,1493663101809
903d185fccf839df,304.30740635529304,undefined,1493663102222
903d185fccf839df,305.7760555270395,undefined,1493663102790
903d185fccf839df,305.1624542046069,undefined,1493663103193
903d185fccf839df,302.1828398903653,undefined,1493663103759
903d185fccf839df,299.44638379446195,undefined,1493663104196
903d185fccf839df,297.53663929333,undefined,1493663104766
903d185fccf839df,293.92633196088406,undefined,1493663105181
903d185fccf839df,289.57874313507443,undefined,1493663105793
903d185fccf839df,287.50654387010763,undefined,1493663106193
903d185fccf839df,283.4677109820528,undefined,1493663106805
903d185fccf839df,281.92860307461194,undefined,1493663107225
903d185fccf839df,281.2021011966166,undefined,1493663107808
903d185fccf839df,279.5568076200525,undefined,1493663108182
903d185fccf839df,275.1131829103581,undefined,1493663108797
903d185fccf839df,270.6664257140107,undefined,1493663109186
903d185fccf839df,265.39628854603336,undefined,1493663109748
903d185fccf839df,260.5444877072434,undefined,1493663110213
903d185fccf839df,253.7074071361765,undefined,1493663110780
903d185fccf839df,249.15336621422125,undefined,1493663111217
903d185fccf839df,244.47170632754134,undefined,1493663111790
903d185fccf839df,242.92092267811216,undefined,1493663112190
903d185fccf839df,239.81099084405355,undefined,1493663112743
903d185fccf839df,236.28427816664538,undefined,1493663113200
903d185fccf839df,233.46145446851978,undefined,1493663113774
903d185fccf839df,232.30618416683814,undefined,1493663115367
903d185fccf839df,232.62442726747483,undefined,1493663115844
903d185fccf839df,231.37004736581102,undefined,1493663116168
903d185fccf839df,230.41059039898772,undefined,1493663116762
903d185fccf839df,231.03291931740765,undefined,1493663117200
903d185fccf839df,230.32934353688464,undefined,1493663117770
903d185fccf839df,230.6165781868437,undefined,1493663118189
903d185fccf839df,230.19355281171727,undefined,1493663119535
903d185fccf839df,230.19355281171727,undefined,1493663119538
903d185fccf839df,229.461690069356,undefined,1493663119769
903d185fccf839df,230.4926456232405,undefined,1493663120159
903d185fccf839df,231.03912729185225,undefined,1493663120729
903d185fccf839df,233.18329052093804,undefined,1493663121172
903d185fccf839df,238.85965817769736,undefined,1493663121750
903d185fccf839df,242.39389013984373,undefined,1493663122165
903d185fccf839df,248.38747144489915,undefined,1493663122828
903d185fccf839df,252.72976925121105,undefined,1493663123174
903d185fccf839df,265.4675787768474,undefined,1493663123719
903d185fccf839df,266.4161056408374,undefined,1493663124143
903d185fccf839df,264.93291637664043,undefined,1493663124769
903d185fccf839df,263.506674086318,undefined,1493663125173
903d185fccf839df,265.78816298467484,undefined,1493663125752
903d185fccf839df,265.88616139150133,undefined,1493663126185
903d185fccf839df,260.1497407381513,undefined,1493663126757
903d185fccf839df,252.8230715270252,undefined,1493663127175
903d185fccf839df,237.02311734659037,undefined,1493663127748
903d185fccf839df,217.26523262517233,undefined,1493663128143
903d185fccf839df,205.25253403158132,undefined,1493663128764
903d185fccf839df,197.10440168815984,undefined,1493663129243
903d185fccf839df,190.1322293647782,undefined,1493663129758
903d185fccf839df,175.5232345726946,undefined,1493663130192
903d185fccf839df,169.33973898701547,undefined,1493663130796
903d185fccf839df,167.880076016712,undefined,1493663131177
903d185fccf839df,161.20963258153668,undefined,1493663131732
903d185fccf839df,157.50530060442577,undefined,1493663132212
903d185fccf839df,153.6418718574093,undefined,1493663132759
903d185fccf839df,151.1488371020478,undefined,1493663133174
903d185fccf839df,148.99407142494337,undefined,1493663133767
903d185fccf839df,150.79050546031806,undefined,1493663134159
903d185fccf839df,149.2347839506288,undefined,1493663134774
903d185fccf839df,151.37957573959636,undefined,1493663135180
903d185fccf839df,155.1125162236562,undefined,1493663135747
903d185fccf839df,160.31269462412232,undefined,1493663136152
903d185fccf839df,166.5510499198392,undefined,1493663136786
903d185fccf839df,166.20966179612407,undefined,1493663137147
903d185fccf839df,166.82296569416198,undefined,1493663137737
903d185fccf839df,167.90821334770584,undefined,1493663138195
903d185fccf839df,168.0655400447005,undefined,1493663138762
903d185fccf839df,169.67821588163946,undefined,1493663139178
903d185fccf839df,170.5468664425568,undefined,1493663139774
903d185fccf839df,169.14064307729384,undefined,1493663140179
903d185fccf839df,169.14992040271898,undefined,1493663140750
903d185fccf839df,169.03385742450482,undefined,1493663141176
903d185fccf839df,167.4344368580855,undefined,1493663141740
903d185fccf839df,166.25204812980195,undefined,1493663142149
903d185fccf839df,163.83866706333097,undefined,1493663142821
903d185fccf839df,164.2433512530633,undefined,1493663143165
903d185fccf839df,163.50202774930048,undefined,1493663143800
903d185fccf839df,162.3103735836447,undefined,1493663144181
903d185fccf839df,161.21550058138345,undefined,1493663144771
903d185fccf839df,160.4337131955358,undefined,1493663145173
903d185fccf839df,160.12726964613947,undefined,1493663146721
903d185fccf839df,160.12726964613947,undefined,1493663146767
903d185fccf839df,161.31417167951707,undefined,1493663147227
903d185fccf839df,157.89448770817467,undefined,1493663147760
903d185fccf839df,156.44017987922246,undefined,1493663148160
903d185fccf839df,155.3920512868538,undefined,1493663148792
903d185fccf839df,155.14881726866767,undefined,1493663149154
903d185fccf839df,156.98416295019754,undefined,1493663149712
903d185fccf839df,158.31933412366948,undefined,1493663150197
903d185fccf839df,157.87962080466946,undefined,1493663150734
903d185fccf839df,156.19375435414165,undefined,1493663151183
903d185fccf839df,155.46310447160573,undefined,1493663151742
903d185fccf839df,157.1382030360129,undefined,1493663152177
903d185fccf839df,153.90744046390242,undefined,1493663152743
903d185fccf839df,155.5274467512566,undefined,1493663154805
903d185fccf839df,155.5274467512566,undefined,1493663154827
903d185fccf839df,155.54252049483006,undefined,1493663155144
903d185fccf839df,159.2169262134035,undefined,1493663155705
903d185fccf839df,156.17540057253655,undefined,1493663156140
903d185fccf839df,155.7163683666431,undefined,1493663156816
903d185fccf839df,154.6840942560347,undefined,1493663157155
903d185fccf839df,152.50299489803015,undefined,1493663157704
903d185fccf839df,150.5853797242225,undefined,1493663158133
903d185fccf839df,150.49228945037663,undefined,1493663158694
903d185fccf839df,155.27412007091078,undefined,1493663159133
903d185fccf839df,159.63816910679944,undefined,1493663159704
903d185fccf839df,165.87338430020858,undefined,1493663160133
903d185fccf839df,169.32392780166418,undefined,1493663160701
903d185fccf839df,169.2278717348812,undefined,1493663161133
903d185fccf839df,170.08691822081957,undefined,1493663161705
903d185fccf839df,165.80932519793126,undefined,1493663162139
903d185fccf839df,165.1451028064731,undefined,1493663162706
903d185fccf839df,165.78997991087766,undefined,1493663163138
903d185fccf839df,167.23699675834055,undefined,1493663163704
903d185fccf839df,171.5213356252296,undefined,1493663164133
903d185fccf839df,173.595160077626,undefined,1493663164698
903d185fccf839df,175.27514119878995,undefined,1493663165133
903d185fccf839df,176.40126719165568,undefined,1493663165703
903d185fccf839df,176.53044038132393,undefined,1493663166132
903d185fccf839df,178.2811858411018,undefined,1493663166702
903d185fccf839df,179.8931004342451,undefined,1493663167132
903d185fccf839df,181.34831133734738,undefined,1493663167698
903d185fccf839df,183.3198693632979,undefined,1493663168139
903d185fccf839df,182.6264023857531,undefined,1493663168705
903d185fccf839df,184.4566071972758,undefined,1493663169132
903d185fccf839df,185.39512320175567,undefined,1493663169698
903d185fccf839df,186.71744251108768,undefined,1493663170134
903d185fccf839df,194.00080390359545,undefined,1493663170694
903d185fccf839df,198.5911155321014,undefined,1493663171139
903d185fccf839df,198.45297782879882,undefined,1493663171700
903d185fccf839df,202.2380692380074,undefined,1493663172132
903d185fccf839df,195.13975729058893,undefined,1493663172694
903d185fccf839df,196.24069339113018,undefined,1493663173134
903d185fccf839df,193.2413467335985,undefined,1493663173709
903d185fccf839df,191.4932755345346,undefined,1493663174139
903d185fccf839df,193.7009766543729,undefined,1493663174700
903d185fccf839df,194.06686044014955,undefined,1493663175166
903d185fccf839df,192.3233191948033,undefined,1493663175758
903d185fccf839df,192.00487822655742,undefined,1493663176236
903d185fccf839df,192.75460471685687,undefined,1493663176729
903d185fccf839df,193.82565032854453,undefined,1493663177191
903d185fccf839df,192.57098469834952,undefined,1493663177764
903d185fccf839df,188.900151769987,undefined,1493663178188
903d185fccf839df,186.01675760824017,undefined,1493663178753
903d185fccf839df,183.30275200086695,undefined,1493663179178
903d185fccf839df,181.66378555548042,undefined,1493663179732
903d185fccf839df,180.31698234066226,undefined,1493663180233
903d185fccf839df,172.05646608253167,undefined,1493663180744
903d185fccf839df,166.97072997840874,undefined,1493663181204
903d185fccf839df,156.84628974964386,undefined,1493663181749
903d185fccf839df,148.09374796744922,undefined,1493663182215
903d185fccf839df,129.90192487534537,undefined,1493663182718
903d185fccf839df,113.91592439721654,undefined,1493663183209
903d185fccf839df,96.25234037189452,undefined,1493663183726
903d185fccf839df,79.39988205551626,undefined,1493663184175
903d185fccf839df,52.62201009746827,undefined,1493663184749
903d185fccf839df,40.74916422519639,undefined,1493663185146
903d185fccf839df,32.04913186428576,undefined,1493663185740
903d185fccf839df,25.092544043242015,undefined,1493663186175
903d185fccf839df,20.062180112477837,undefined,1493663186743
903d185fccf839df,19.433914750314585,undefined,1493663187196
903d185fccf839df,18.365664451717556,undefined,1493663187754
903d185fccf839df,18.853726040407608,undefined,1493663188150
903d185fccf839df,18.62854942091963,undefined,1493663188719
903d185fccf839df,16.332603265695486,undefined,1493663189190
903d185fccf839df,16.782740688935164,undefined,1493663189755
903d185fccf839df,16.203018088102265,undefined,1493663191812
903d185fccf839df,16.203018088102265,undefined,1493663191851
903d185fccf839df,14.568836293159404,undefined,1493663192189
903d185fccf839df,13.564478204438362,undefined,1493663192762
903d185fccf839df,11.11904524804415,undefined,1493663193152
903d185fccf839df,362.10587478678127,undefined,1493663193748
903d185fccf839df,359.7411742278834,undefined,1493663194238
903d185fccf839df,348.41979560516546,undefined,1493663194718
903d185fccf839df,337.2173776438364,undefined,1493663195197
903d185fccf839df,323.4792421275116,undefined,1493663195733
903d185fccf839df,301.08431773517026,undefined,1493663196171
903d185fccf839df,294.97197457095587,undefined,1493663197028
903d185fccf839df,295.2608493278201,undefined,1493663197186
903d185fccf839df,295.379208059305,undefined,1493663197870
903d185fccf839df,296.003983884284,undefined,1493663198193
903d185fccf839df,282.0103789768209,undefined,1493663198723
903d185fccf839df,278.6228093421241,undefined,1493663199170
903d185fccf839df,272.85695278399885,undefined,1493663199742
903d185fccf839df,284.1417615421225,undefined,1493663200178
903d185fccf839df,285.42895073695826,undefined,1493663200709
903d185fccf839df,291.4992543487898,undefined,1493663201188
903d185fccf839df,297.92636701435106,undefined,1493663202120
903d185fccf839df,298.2844051476243,undefined,1493663202281
903d185fccf839df,310.23989569452556,undefined,1493663202722
903d185fccf839df,310.9363279247798,undefined,1493663203134
903d185fccf839df,304.35158623922905,undefined,1493663203695
903d185fccf839df,298.7851160893503,undefined,1493663204135
903d185fccf839df,225.60211119757133,undefined,1493663204703
903d185fccf839df,161.01823474929697,undefined,1493663205139
903d185fccf839df,151.3260714062661,undefined,1493663205744
903d185fccf839df,158.3264776391515,undefined,1493663206134
903d185fccf839df,154.46570374776823,undefined,1493663206692
903d185fccf839df,160.49803340169314,undefined,1493663207134
903d185fccf839df,151.8973174102681,undefined,1493663207702
903d185fccf839df,147.25468796986425,undefined,1493663208132
903d185fccf839df,140.29690762842563,undefined,1493663208691
903d185fccf839df,143.3965329302169,undefined,1493663209391
903d185fccf839df,146.0752993872467,undefined,1493663209698
903d185fccf839df,155.51883578655503,undefined,1493663210139
903d185fccf839df,156.9774536925148,undefined,1493663210699
903d185fccf839df,158.33498139110904,undefined,1493663211133
903d185fccf839df,160.45013265945238,undefined,1493663211692
903d185fccf839df,160.64762753524667,undefined,1493663212131
903d185fccf839df,167.33084078469835,undefined,1493663212696
903d185fccf839df,166.38707463596967,undefined,1493663213132
903d185fccf839df,175.91725215725512,undefined,1493663213703
903d185fccf839df,176.76201890732466,undefined,1493663214133
903d185fccf839df,183.00770225301554,undefined,1493663214695
903d185fccf839df,186.60720143816218,undefined,1493663215128
903d185fccf839df,188.78599470109955,undefined,1493663215698
903d185fccf839df,186.21363518439995,undefined,1493663216136
903d185fccf839df,185.95238013093189,undefined,1493663216699
903d185fccf839df,184.52026029306865,undefined,1493663217129
903d185fccf839df,183.33821530887442,undefined,1493663217694
903d185fccf839df,184.43568719385905,undefined,1493663218131
903d185fccf839df,181.5116404838874,undefined,1493663218695
903d185fccf839df,183.123038226651,undefined,1493663219131
903d185fccf839df,169.4287861380471,undefined,1493663219699
903d185fccf839df,156.8668723999652,undefined,1493663220131
903d185fccf839df,129.0365821267758,undefined,1493663220692
903d185fccf839df,126.11827115631874,undefined,1493663221134
903d185fccf839df,124.4213678753185,undefined,1493663221692
903d185fccf839df,133.67176810312444,undefined,1493663222132
903d185fccf839df,97.68420503565096,undefined,1493663222703
903d185fccf839df,27.947928217327973,undefined,1493663223132
903d185fccf839df,15.357775775711437,undefined,1493663223758
903d185fccf839df,10.935351258823037,undefined,1493663224186
903d185fccf839df,367.4918188786954,undefined,1493663224713
903d185fccf839df,10.287671798914902,undefined,1493663225210
903d185fccf839df,12.864123298766364,undefined,1493663225728
903d185fccf839df,13.552940616387161,undefined,1493663226151
903d185fccf839df,368.41258139841193,undefined,1493663226761
903d185fccf839df,367.9180335576567,undefined,1493663227179
903d185fccf839df,363.71038086203583,undefined,1493663227720
903d185fccf839df,361.0246275861022,undefined,1493663228196
903d185fccf839df,356.4970898973186,undefined,1493663228762
903d185fccf839df,357.7993817924319,undefined,1493663229173
903d185fccf839df,357.68044779344035,undefined,1493663229762
903d185fccf839df,359.29846196626625,undefined,1493663230147
903d185fccf839df,363.2268868158683,undefined,1493663230716
903d185fccf839df,366.89145797623706,undefined,1493663231184
903d185fccf839df,14.190738026701307,undefined,1493663231757
903d185fccf839df,19.896266873797988,undefined,1493663232222
903d185fccf839df,21.853887942273847,undefined,1493663232847
903d185fccf839df,29.27012884307486,undefined,1493663233172
903d185fccf839df,38.13440839841876,undefined,1493663233710
903d185fccf839df,56.64292517705704,undefined,1493663234202
903d185fccf839df,65.59975215271477,undefined,1493663234727
903d185fccf839df,76.85396202186382,undefined,1493663235178
903d185fccf839df,77.85864796553851,undefined,1493663235750
903d185fccf839df,81.96872894750435,undefined,1493663236173
903d185fccf839df,84.38832430804922,undefined,1493663236726
903d185fccf839df,86.66895113268032,undefined,1493663237193
903d185fccf839df,89.61583731698529,undefined,1493663237735
903d185fccf839df,90.5395223203565,undefined,1493663238268
903d185fccf839df,91.72928221087662,undefined,1493663238738
903d185fccf839df,85.55455705840829,undefined,1493663238364
903d185fccf839df,86.57212119590152,undefined,1493663238874
903d185fccf839df,86.64565480057745,undefined,1493663239388
903d185fccf839df,85.23700708734883,undefined,1493663239894
903d185fccf839df,87.51324107527016,undefined,1493663240342
903d185fccf839df,87.37509003409947,undefined,1493663240915
903d185fccf839df,88.2535894351984,undefined,1493663241323
903d185fccf839df,88.81341680540196,undefined,1493663244333
903d185fccf839df,88.81341680540196,undefined,1493663244359
903d185fccf839df,89.41560861989772,undefined,1493663244894
903d185fccf839df,92.34859478132373,undefined,1493663245344
903d185fccf839df,95.70775698671756,undefined,1493663245909
903d185fccf839df,95.88658102696125,undefined,1493663246306
903d185fccf839df,99.98774520755742,undefined,1493663246907
903d185fccf839df,102.5070150514678,undefined,1493663247313
903d185fccf839df,104.08964044778772,undefined,1493663247892
903d185fccf839df,107.93504496905705,undefined,1493663248334
903d185fccf839df,113.15116857964095,undefined,1493663248905
903d185fccf839df,118.1870855274728,undefined,1493663249321
903d185fccf839df,129.16255821747268,undefined,1493663249920
903d185fccf839df,130.92535868985928,undefined,1493663250545
903d185fccf839df,138.09404200377838,undefined,1493663250865
903d185fccf839df,154.1795964346205,undefined,1493663251302
903d185fccf839df,177.4030146351728,undefined,1493663251879
903d185fccf839df,189.7526183871075,undefined,1493663252287
903d185fccf839df,188.48251102158005,undefined,1493663253459
903d185fccf839df,187.6380274521861,undefined,1493663253844
903d185fccf839df,182.23342628119644,undefined,1493663254464
903d185fccf839df,179.88379148965333,undefined,1493663254939
903d185fccf839df,181.88919487304042,undefined,1493663255496
903d185fccf839df,180.5688927043367,undefined,1493663255940
903d185fccf839df,183.8010940917233,undefined,1493663256629
903d185fccf839df,185.55565938612443,undefined,1493663257067
903d185fccf839df,187.43772697109662,undefined,1493663257452
903d185fccf839df,189.37153885686908,undefined,1493663257944
903d185fccf839df,190.42233223898114,undefined,1493663258434
903d185fccf839df,194.03162608783867,undefined,1493663258866
903d185fccf839df,191.59186116243353,undefined,1493663259503
903d185fccf839df,225.02223756436467,undefined,1493663259865
903d185fccf839df,331.8611504403172,undefined,1493663260416
903d185fccf839df,342.37010534257047,undefined,1493663260889
903d185fccf839df,331.35779165206833,undefined,1493663261437
903d185fccf839df,330.63790827693515,undefined,1493663261865
903d185fccf839df,330.1051270611914,undefined,1493663262455
903d185fccf839df,331.77642633459436,undefined,1493663262850
903d185fccf839df,332.83185164989516,undefined,1493663265304
903d185fccf839df,332.83185164989516,undefined,1493663265327
903d185fccf839df,332.6968314293806,undefined,1493663265448
903d185fccf839df,330.1390632795559,undefined,1493663265872
903d185fccf839df,328.0512744524923,undefined,1493663266443
903d185fccf839df,325.13173968320143,undefined,1493663266865
903d185fccf839df,313.12223733150665,undefined,1493663267469
903d185fccf839df,310.00707384914074,undefined,1493663267849
903d185fccf839df,300.02407591985207,undefined,1493663268450
903d185fccf839df,301.54529133558543,undefined,1493663268841
903d185fccf839df,299.7218858481552,undefined,1493663269434
903d185fccf839df,297.17726317116467,undefined,1493663269899
903d185fccf839df,296.6142487686746,undefined,1493663270482
903d185fccf839df,294.33633999947034,undefined,1493663270869
903d185fccf839df,294.9644990287907,undefined,1493663271440
903d185fccf839df,290.48589522841644,undefined,1493663271850
903d185fccf839df,294.8688600293999,undefined,1493663272411
903d185fccf839df,296.36951798790506,undefined,1493663272869
903d185fccf839df,296.17926145664603,undefined,1493663273434
903d185fccf839df,299.0484953563233,undefined,1493663273875
903d185fccf839df,295.351461544414,undefined,1493663274449
903d185fccf839df,293.2990118990159,undefined,1493663274858
903d185fccf839df,293.3762016237991,undefined,1493663275423
903d185fccf839df,291.5453266796886,undefined,1493663275875
903d185fccf839df,297.5838224328741,undefined,1493663276459
903d185fccf839df,290.7357822820597,undefined,1493663276872
903d185fccf839df,293.45756981541297,undefined,1493663277529
903d185fccf839df,295.5683707551652,undefined,1493663277855
903d185fccf839df,291.99774824990845,undefined,1493663278408
903d185fccf839df,289.6857150404018,undefined,1493663278931
903d185fccf839df,292.9647303040923,undefined,1493663279440
903d185fccf839df,294.1870952967652,undefined,1493663279871
903d185fccf839df,292.656318119537,undefined,1493663280476
903d185fccf839df,295.5064168128076,undefined,1493663280911
903d185fccf839df,297.9788634338814,undefined,1493663281416
903d185fccf839df,291.3097752656982,undefined,1493663282109
903d185fccf839df,295.33237374148206,undefined,1493663282366
903d185fccf839df,294.39344389869495,undefined,1493663282851
903d185fccf839df,298.2441020401914,undefined,1493663283325
903d185fccf839df,297.56824712032835,undefined,1493663283857
903d185fccf839df,297.86408015829375,undefined,1493663284556
903d185fccf839df,295.3527392540921,undefined,1493663284772
903d185fccf839df,285.4492093552251,undefined,1493663285298
903d185fccf839df,286.8430018190812,undefined,1493663285716
903d185fccf839df,244.81794348487253,undefined,1493663286276
903d185fccf839df,218.35742726237777,undefined,1493663286714
903d185fccf839df,178.51558021329546,undefined,1493663287267
903d185fccf839df,155.48834254152536,undefined,1493663287710
903d185fccf839df,191.94189405815175,undefined,1493663288276
903d185fccf839df,209.4928629624497,undefined,1493663288709
903d185fccf839df,284.138522886788,undefined,1493663289284
903d185fccf839df,254.51827986790286,undefined,1493663289714
903d185fccf839df,264.3906236090349,undefined,1493663290266
903d185fccf839df,257.4581661174411,undefined,1493663290711
903d185fccf839df,254.9713887123546,undefined,1493663291321
903d185fccf839df,243.77454654799698,undefined,1493663291751
903d185fccf839df,252.53981206216085,undefined,1493663292360
903d185fccf839df,248.85949020655553,undefined,1493663292750
903d185fccf839df,252.32508619975124,undefined,1493663293318
903d185fccf839df,241.50851481467504,undefined,1493663293774
903d185fccf839df,235.10284259798055,undefined,1493663294301
903d185fccf839df,225.16640885201832,undefined,1493663294757
903d185fccf839df,208.94200028719266,undefined,1493663295335
903d185fccf839df,217.13569732603773,undefined,1493663295743
903d185fccf839df,217.5247860512351,undefined,1493663296306
903d185fccf839df,267.6094623714898,undefined,1493663296832
903d185fccf839df,211.6106513256709,undefined,1493663297326
903d185fccf839df,204.31455262775876,undefined,1493663297784
903d185fccf839df,198.21491462061573,undefined,1493663298342
903d185fccf839df,213.68529898515803,undefined,1493663298747
903d185fccf839df,216.0955927219072,undefined,1493663299301
903d185fccf839df,213.6222364183587,undefined,1493663299747
903d185fccf839df,242.13622048479263,undefined,1493663300304
903d185fccf839df,226.8436233575428,undefined,1493663300752
903d185fccf839df,243.63085573502906,undefined,1493663301385
903d185fccf839df,242.7042947457724,undefined,1493663303240
903d185fccf839df,242.7042947457724,undefined,1493663303267
903d185fccf839df,256.0729532666008,undefined,1493663303738
903d185fccf839df,248.64063599480193,undefined,1493663304359
903d185fccf839df,250.37031377860106,undefined,1493663304721
903d185fccf839df,247.49847013689558,undefined,1493663305306
903d185fccf839df,237.98828779518738,undefined,1493663305773
903d185fccf839df,240.19481457984057,undefined,1493663306311
903d185fccf839df,236.62287757407955,undefined,1493663306749
903d185fccf839df,246.93072447800813,undefined,1493663307291
903d185fccf839df,255.32215464603456,undefined,1493663307712
903d185fccf839df,265.35424227232454,undefined,1493663308283
903d185fccf839df,277.1532348952518,undefined,1493663308737
903d185fccf839df,285.14433161364866,undefined,1493663309307
903d185fccf839df,293.45910555624425,undefined,1493663309760
903d185fccf839df,297.1028798780776,undefined,1493663310338
903d185fccf839df,295.12183769372444,undefined,1493663310772
903d185fccf839df,296.1285292205193,undefined,1493663311323
903d185fccf839df,298.3743050747363,undefined,1493663311757
903d185fccf839df,299.1990292996355,undefined,1493663312314
903d185fccf839df,300.37885018937186,undefined,1493663312762
903d185fccf839df,301.4612404954008,undefined,1493663313317
903d185fccf839df,301.477229677611,undefined,1493663313736
903d185fccf839df,301.56616282209797,undefined,1493663314292
903d185fccf839df,302.3618825906043,undefined,1493663314773
903d185fccf839df,302.925574203831,undefined,1493663315327
903d185fccf839df,303.3626999609241,undefined,1493663315749
903d185fccf839df,304.12368101335596,undefined,1493663316333
903d185fccf839df,303.82490786179295,undefined,1493663316749
903d185fccf839df,303.8776640404014,undefined,1493663317289
903d185fccf839df,302.6480179885205,undefined,1493663317768
903d185fccf839df,302.89279035708586,undefined,1493663318336
903d185fccf839df,302.34380231164056,undefined,1493663318755
903d185fccf839df,302.4130193106061,undefined,1493663319348
903d185fccf839df,301.99088687123884,undefined,1493663319731
903d185fccf839df,301.5407927256466,undefined,1493663320311
903d185fccf839df,301.8597310431015,undefined,1493663320793
903d185fccf839df,300.8385145916247,undefined,1493663321317
903d185fccf839df,301.3516943223873,undefined,1493663321742
903d185fccf839df,299.86895673260426,undefined,1493663322344
903d185fccf839df,300.288101498783,undefined,1493663324537
903d185fccf839df,300.288101498783,undefined,1493663324715
903d185fccf839df,300.5232368575609,undefined,1493663324900
903d185fccf839df,300.74617201860895,undefined,1493663325324
903d185fccf839df,301.50310022213864,undefined,1493663325748
903d185fccf839df,303.5483233994678,undefined,1493663326287
903d185fccf839df,304.192906593392,undefined,1493663326804
903d185fccf839df,306.27228001291064,undefined,1493663327334
903d185fccf839df,306.4699310851882,undefined,1493663327743
903d185fccf839df,308.4797930100219,undefined,1493663328328
903d185fccf839df,308.0510743474726,undefined,1493663328754
903d185fccf839df,308.51203902532205,undefined,1493663329308
903d185fccf839df,308.4386641341998,undefined,1493663329775
903d185fccf839df,308.1127174832012,undefined,1493663330107
903d185fccf839df,308.54751667798536,undefined,1493663330487
903d185fccf839df,307.65195835733783,undefined,1493663331071
903d185fccf839df,307.5641173036082,undefined,1493663331468
903d185fccf839df,305.58930800723425,undefined,1493663332041
903d185fccf839df,304.8377369605128,undefined,1493663332508
903d185fccf839df,303.630405460861,undefined,1493663333047
903d185fccf839df,302.6722429028467,undefined,1493663333483
903d185fccf839df,302.354879963329,undefined,1493663335565
903d185fccf839df,302.354879963329,undefined,1493663335572
903d185fccf839df,301.6295381791492,undefined,1493663336045
903d185fccf839df,301.08740448418666,undefined,1493663336468
903d185fccf839df,300.84582310454243,undefined,1493663337059
903d185fccf839df,299.60245042648455,undefined,1493663337545
903d185fccf839df,299.87886943070805,undefined,1493663338025
903d185fccf839df,297.02763254100466,undefined,1493663338549
903d185fccf839df,296.63861073962886,undefined,1493663339610
903d185fccf839df,296.63861073962886,undefined,1493663339625
903d185fccf839df,297.91833874817615,undefined,1493663340037
903d185fccf839df,293.0029109027819,undefined,1493663340468
903d185fccf839df,289.8243912048257,undefined,1493663341032
903d185fccf839df,285.68610212565875,undefined,1493663341480
903d185fccf839df,279.54222973308856,undefined,1493663342039
903d185fccf839df,274.8466232306305,undefined,1493663342505
903d185fccf839df,268.32562602376936,undefined,1493663343071
903d185fccf839df,264.9639470582666,undefined,1493663343482
903d185fccf839df,259.78910339278076,undefined,1493663344022
903d185fccf839df,254.25022829175964,undefined,1493663344483
903d185fccf839df,248.74249055842546,undefined,1493663345049
903d185fccf839df,253.2636569407362,undefined,1493663345482
903d185fccf839df,245.53382719148567,undefined,1493663346043
903d185fccf839df,241.81403232665252,undefined,1493663346496
903d185fccf839df,241.3589125155081,undefined,1493663347019
903d185fccf839df,240.71861121445363,undefined,1493663347562
903d185fccf839df,236.20714805641495,undefined,1493663348081
903d185fccf839df,224.83222625215933,undefined,1493663348523
903d185fccf839df,151.7383427686745,undefined,1493663349079
903d185fccf839df,100.9328964603705,undefined,1493663349491
903d185fccf839df,78.53938469815198,undefined,1493663350062
903d185fccf839df,80.95160733586458,undefined,1493663351753
903d185fccf839df,79.01841153502214,undefined,1493663351982
903d185fccf839df,76.71456566592578,undefined,1493663352127
903d185fccf839df,78.71777393631672,undefined,1493663352478
903d185fccf839df,76.35106119776252,undefined,1493663353026
903d185fccf839df,73.24331185006544,undefined,1493663353515
903d185fccf839df,82.73693492573346,undefined,1493663354046
903d185fccf839df,83.32315077059545,undefined,1493663354470
903d185fccf839df,92.23751871305878,undefined,1493663355051
903d185fccf839df,76.97621088002323,undefined,1493663355465
903d185fccf839df,82.09852927804734,undefined,1493663356037
903d185fccf839df,80.84071312430858,undefined,1493663356533
903d185fccf839df,80.29551507359078,undefined,1493663357062
903d185fccf839df,76.52579129883468,undefined,1493663357481
903d185fccf839df,81.60719704371799,undefined,1493663358064
903d185fccf839df,96.56872314675196,undefined,1493663358473
903d185fccf839df,128.0634856307995,undefined,1493663359042
903d185fccf839df,171.80673604053098,undefined,1493663359486
903d185fccf839df,199.18460587830387,undefined,1493663360060
903d185fccf839df,196.6220529083396,undefined,1493663360483
903d185fccf839df,197.18358726589355,undefined,1493663361070
903d185fccf839df,208.0946252857056,undefined,1493663361486
903d185fccf839df,208.56169735647882,undefined,1493663362028
903d185fccf839df,216.16416618988183,undefined,1493663362507
903d185fccf839df,216.77807732591452,undefined,1493663363121
903d185fccf839df,216.81109839099676,undefined,1493663363496
903d185fccf839df,220.49589683291114,undefined,1493663364039
903d185fccf839df,218.6892293182669,undefined,1493663364467
903d185fccf839df,218.53970028341135,undefined,1493663365056
903d185fccf839df,217.40277739300572,undefined,1493663365531
903d185fccf839df,215.63735429702487,undefined,1493663366048
903d185fccf839df,214.76180521200646,undefined,1493663366490
903d185fccf839df,214.91811381370184,undefined,1493663368619
903d185fccf839df,214.91811381370184,undefined,1493663368623
903d185fccf839df,215.5221246503117,undefined,1493663369063
903d185fccf839df,214.862219974906,undefined,1493663369497
903d185fccf839df,214.61541653310735,undefined,1493663370080
903d185fccf839df,214.45334626072707,undefined,1493663370496
903d185fccf839df,215.13274494689372,undefined,1493663371031
903d185fccf839df,216.7225626803765,undefined,1493663371481
903d185fccf839df,219.45208828498878,undefined,1493663372052
903d185fccf839df,218.13803807395814,undefined,1493663372490
903d185fccf839df,222.8250047325735,undefined,1493663373088
903d185fccf839df,226.34724605290654,undefined,1493663373496
903d185fccf839df,235.35409103099695,undefined,1493663374046
903d185fccf839df,245.3510497621446,undefined,1493663374512
903d185fccf839df,256.0285914656099,undefined,1493663375042
903d185fccf839df,265.42649606274375,undefined,1493663375481
903d185fccf839df,278.3826431045151,undefined,1493663376058
903d185fccf839df,289.74708282918465,undefined,1493663376515
903d185fccf839df,301.50873847570773,undefined,1493663377046
903d185fccf839df,319.70423355216747,undefined,1493663377506
903d185fccf839df,344.2320933276973,undefined,1493663378050
903d185fccf839df,357.2876250078317,undefined,1493663378515
903d185fccf839df,12.676846464431971,undefined,1493663379192
903d185fccf839df,19.37896350599711,undefined,1493663379482
903d185fccf839df,31.22111810438601,undefined,1493663380029
903d185fccf839df,35.22149284492987,undefined,1493663380483
903d185fccf839df,42.98990173965545,undefined,1493663381053
903d185fccf839df,47.08855807808576,undefined,1493663381517
903d185fccf839df,56.99168234464806,undefined,1493663382033
903d185fccf839df,62.52743271222256,undefined,1493663382488
903d185fccf839df,64.35339057647538,undefined,1493663383021
903d185fccf839df,66.89381068284094,undefined,1493663383492
903d185fccf839df,70.75112908884978,undefined,1493663384058
903d185fccf839df,72.27336034798618,undefined,1493663384507
903d185fccf839df,75.06316323840548,undefined,1493663385071
903d185fccf839df,77.61376043166783,undefined,1493663385486
903d185fccf839df,80.27568147089764,undefined,1493663386068
903d185fccf839df,82.84010978897963,undefined,1493663386470
903d185fccf839df,90.60872126181091,undefined,1493663387032
903d185fccf839df,95.43209971999727,undefined,1493663387494
903d185fccf839df,102.40891978353785,undefined,1493663388075
903d185fccf839df,106.90267745731781,undefined,1493663388465
903d185fccf839df,116.75420589760495,undefined,1493663389063
903d185fccf839df,123.96942345181134,undefined,1493663389500
903d185fccf839df,127.99106805819385,undefined,1493663390046
903d185fccf839df,133.2848901789082,undefined,1493663390483
903d185fccf839df,145.56812163676602,undefined,1493663391051
903d185fccf839df,155.40786636429843,undefined,1493663391471
903d185fccf839df,161.08480199254655,undefined,1493663392041
903d185fccf839df,166.80969763843754,undefined,1493663392567
903d185fccf839df,167.01095199496675,undefined,1493663393081
903d185fccf839df,177.04220320363814,undefined,1493663393489
903d185fccf839df,181.69085699239733,undefined,1493663394073
903d185fccf839df,185.70722229529088,undefined,1493663394469
903d185fccf839df,192.79465935686025,undefined,1493663395048
903d185fccf839df,191.15946986066555,undefined,1493663395487
903d185fccf839df,196.27176022495684,undefined,1493663396050
903d185fccf839df,193.12065511693478,undefined,1493663396505
903d185fccf839df,198.2819811508624,undefined,1493663397068
903d185fccf839df,197.28909553577225,undefined,1493663397460
903d185fccf839df,201.77903324192158,undefined,1493663398033
903d185fccf839df,201.97564569612385,undefined,1493663398530
903d185fccf839df,200.51389833680662,undefined,1493663399049
903d185fccf839df,198.80127194258685,undefined,1493663399475
903d185fccf839df,187.66289475605655,undefined,1493663400061
903d185fccf839df,184.63734112429742,undefined,1493663400466
903d185fccf839df,179.28620601394783,undefined,1493663401017
903d185fccf839df,176.94671304070727,undefined,1493663401478
903d185fccf839df,176.07739130254424,undefined,1493663402076
903d185fccf839df,172.68866321082493,undefined,1493663402512
903d185fccf839df,172.23957562205612,undefined,1493663403111
903d185fccf839df,167.84531607431825,undefined,1493663403480
903d185fccf839df,165.70150132520575,undefined,1493663404045
903d185fccf839df,159.36434193232378,undefined,1493663404506
903d185fccf839df,156.70955557178254,undefined,1493663405100
903d185fccf839df,155.93223049302398,undefined,1493663405497
903d185fccf839df,154.35821753306183,undefined,1493663406168
903d185fccf839df,153.98435885089566,undefined,1493663406483
903d185fccf839df,159.90687835498196,undefined,1493663407037
903d185fccf839df,156.7905390622528,undefined,1493663407481
903d185fccf839df,159.35821725051852,undefined,1493663408043
903d185fccf839df,157.2247873632587,undefined,1493663408492
903d185fccf839df,159.6012841139056,undefined,1493663409059
903d185fccf839df,163.5634561111055,undefined,1493663409468
903d185fccf839df,170.27541755604867,undefined,1493663410035
903d185fccf839df,172.52267167819264,undefined,1493663410515
903d185fccf839df,183.49645089028775,undefined,1493663411031
903d185fccf839df,183.85709690348924,undefined,1493663411471
903d185fccf839df,179.0752050064128,undefined,1493663412043
903d185fccf839df,173.76084498407536,undefined,1493663412452
903d185fccf839df,165.64550334543702,undefined,1493663413028
903d185fccf839df,162.32779792594084,undefined,1493663415225
903d185fccf839df,162.32779792594084,undefined,1493663415304
903d185fccf839df,160.31338344759465,undefined,1493663415504
903d185fccf839df,153.6007561922304,undefined,1493663416055
903d185fccf839df,146.3704186881279,undefined,1493663416465
903d185fccf839df,133.56441213752095,undefined,1493663417040
903d185fccf839df,117.22623530146619,undefined,1493663417480
903d185fccf839df,95.85151120936675,undefined,1493663418078
903d185fccf839df,87.55242442609394,undefined,1493663418454
903d185fccf839df,84.3552543240142,undefined,1493663419014
903d185fccf839df,81.08041085079167,undefined,1493663419466
903d185fccf839df,76.83057240983317,undefined,1493663420048
903d185fccf839df,74.13743096502493,undefined,1493663420487
903d185fccf839df,77.5033726526837,undefined,1493663421062
903d185fccf839df,81.65142344451257,undefined,1493663421481
903d185fccf839df,91.74483341123772,undefined,1493663422027
903d185fccf839df,96.70168108277036,undefined,1493663422524
903d185fccf839df,97.54742312914716,undefined,1493663423097
903d185fccf839df,97.80275977003832,undefined,1493663423491
903d185fccf839df,100.57462810774405,undefined,1493663424187
903d185fccf839df,103.00565520931315,undefined,1493663424477
903d185fccf839df,104.98487342337964,undefined,1493663425019
903d185fccf839df,105.51770662398778,undefined,1493663425529
903d185fccf839df,103.44247100973071,undefined,1493663426044
903d185fccf839df,103.44658304123442,undefined,1493663426470
903d185fccf839df,102.11683901013139,undefined,1493663427067
903d185fccf839df,102.24539391184487,undefined,1493663427472
903d185fccf839df,103.30188365987699,undefined,1493663428040
903d185fccf839df,102.94951294559402,undefined,1493663428502
903d185fccf839df,104.13979183010598,undefined,1493663429043
903d185fccf839df,103.95964872447463,undefined,1493663429489
903d185fccf839df,106.88514623216695,undefined,1493663430065
903d185fccf839df,107.17171965696556,undefined,1493663431398
903d185fccf839df,107.17171965696556,undefined,1493663431423
903d185fccf839df,107.00955694201167,undefined,1493663431521
903d185fccf839df,109.07312973698393,undefined,1493663432064
903d185fccf839df,108.41519274985134,undefined,1493663432485
903d185fccf839df,109.37662400024165,undefined,1493663433051
903d185fccf839df,106.85411687939167,undefined,1493663433469
903d185fccf839df,107.38459876878983,undefined,1493663434061
903d185fccf839df,106.76833937574365,undefined,1493663434543
903d185fccf839df,105.6662821675358,undefined,1493663435079
903d185fccf839df,104.41345870006073,undefined,1493663435461
903d185fccf839df,106.21520426883303,undefined,1493663436029
903d185fccf839df,103.06187620743069,undefined,1493663436464
903d185fccf839df,93.97892010739594,undefined,1493663437000
903d185fccf839df,72.82876943861588,undefined,1493663437513
903d185fccf839df,59.19012052082144,undefined,1493663438033
903d185fccf839df,50.116100855410586,undefined,1493663439227
903d185fccf839df,50.116100855410586,undefined,1493663439317
903d185fccf839df,45.78131386602367,undefined,1493663439465
903d185fccf839df,38.07457340725917,undefined,1493663440048
903d185fccf839df,30.577328288536602,undefined,1493663440486
903d185fccf839df,28.212762175494763,undefined,1493663441041
903d185fccf839df,23.652520408563397,undefined,1493663441490
903d185fccf839df,20.27547766275736,undefined,1493663442154
903d185fccf839df,20.60237726379784,undefined,1493663442487
903d185fccf839df,20.821770688389027,undefined,1493663443041
903d185fccf839df,30.808702325290618,undefined,1493663443509
903d185fccf839df,32.53447210271178,undefined,1493663444044
903d185fccf839df,40.327654143188695,undefined,1493663444489
903d185fccf839df,41.06083696825997,undefined,1493663446387
903d185fccf839df,41.06083696825997,undefined,1493663446405
903d185fccf839df,42.35333586410442,undefined,1493663446531
903d185fccf839df,44.912085854724836,undefined,1493663447065
903d185fccf839df,44.98355794227822,undefined,1493663448101
903d185fccf839df,45.110756987528404,undefined,1493663448192
903d185fccf839df,45.14173631937569,undefined,1493663448492
903d185fccf839df,48.43020638287823,undefined,1493663449039
903d185fccf839df,42.42533883219188,undefined,1493663449494
903d185fccf839df,50.73154726277897,undefined,1493663450054
903d185fccf839df,45.02300144116067,undefined,1493663450499
903d185fccf839df,51.850381697547476,undefined,1493663451044
903d185fccf839df,46.59399462888419,undefined,1493663451455
903d185fccf839df,44.145464159972285,undefined,1493663452081
903d185fccf839df,38.80269731578555,undefined,1493663452477
903d185fccf839df,39.782131997125646,undefined,1493663453072
903d185fccf839df,31.998992430422174,undefined,1493663453480
903d185fccf839df,31.544864712359583,undefined,1493663454048
903d185fccf839df,30.819520110230496,undefined,1493663454480
903d185fccf839df,25.959701411848194,undefined,1493663455053
903d185fccf839df,25.594241735633666,undefined,1493663455524
903d185fccf839df,24.83373587016276,undefined,1493663456064
903d185fccf839df,18.660440610970248,undefined,1493663456462
903d185fccf839df,12.235616527565755,undefined,1493663457043
903d185fccf839df,366.5434371079422,undefined,1493663457469
903d185fccf839df,362.11311457444447,undefined,1493663458037
903d185fccf839df,360.2219038837268,undefined,1493663458532
903d185fccf839df,355.7404750329511,undefined,1493663459040
903d185fccf839df,360.64471967611735,undefined,1493663459480
903d185fccf839df,361.5007108238516,undefined,1493663460024
903d185fccf839df,363.5717667219666,undefined,1493663460490
903d185fccf839df,364.0759505148337,undefined,1493663461050
903d185fccf839df,364.05632195373454,undefined,1493663461482
903d185fccf839df,364.7132412123632,undefined,1493663462024
903d185fccf839df,366.227155180042,undefined,1493663462494
903d185fccf839df,10.925963116005196,undefined,1493663463063
903d185fccf839df,12.918803993776093,undefined,1493663463485
903d185fccf839df,18.206053320361008,undefined,1493663464036
903d185fccf839df,20.532379077373665,undefined,1493663464501
903d185fccf839df,21.80813311649767,undefined,1493663465055
903d185fccf839df,22.512860567272433,undefined,1493663465491
903d185fccf839df,19.950398848588343,undefined,1493663466060
903d185fccf839df,20.023580152754914,undefined,1493663466472
903d185fccf839df,14.59377282673973,undefined,1493663467024
903d185fccf839df,12.65438753457653,undefined,1493663467475
903d185fccf839df,12.795688332087353,undefined,1493663468029
903d185fccf839df,13.538128933320722,undefined,1493663468471
903d185fccf839df,369.57248698663454,undefined,1493663469373
903d185fccf839df,368.1016951056697,undefined,1493663470335
903d185fccf839df,363.3978070716105,undefined,1493663470799
903d185fccf839df,364.92967090775,undefined,1493663471352
903d185fccf839df,361.77428039527763,undefined,1493663471790
903d185fccf839df,357.22797940108705,undefined,1493663472239
903d185fccf839df,355.90744107740096,undefined,1493663472794
903d185fccf839df,359.1789402667266,undefined,1493663473236
903d185fccf839df,359.5269269148275,undefined,1493663473781
903d185fccf839df,364.9440863529696,undefined,1493663474254
903d185fccf839df,14.795046784283484,undefined,1493663474794
903d185fccf839df,22.462075380409882,undefined,1493663475256
903d185fccf839df,37.73083636309958,undefined,1493663475886
903d185fccf839df,60.368005005883376,undefined,1493663476238
903d185fccf839df,90.13706346538578,undefined,1493663476793
903d185fccf839df,110.46012406959007,undefined,1493663477315
903d185fccf839df,127.78102664107047,undefined,1493663477817
903d185fccf839df,132.81311372298373,undefined,1493663478246
903d185fccf839df,136.2975421744055,undefined,1493663478807
903d185fccf839df,141.0366627577335,undefined,1493663479223
903d185fccf839df,144.3941893433646,undefined,1493663479831
903d185fccf839df,147.32766053020916,undefined,1493663480257
903d185fccf839df,150.0933963883687,undefined,1493663480790
903d185fccf839df,155.04203450587724,undefined,1493663481273
903d185fccf839df,156.59419037228224,undefined,1493663481835
903d185fccf839df,158.93805193292712,undefined,1493663482292
903d185fccf839df,158.81360602091618,undefined,1493663482813
903d185fccf839df,158.9065827132012,undefined,1493663483248
903d185fccf839df,160.12834174717779,undefined,1493663483831
903d185fccf839df,163.00728127503433,undefined,1493663484492
903d185fccf839df,165.84841196793278,undefined,1493663484794
903d185fccf839df,167.74347077163267,undefined,1493663485227
903d185fccf839df,173.84209677753574,undefined,1493663485785
903d185fccf839df,174.3705878192376,undefined,1493663486265
903d185fccf839df,174.86242889340429,undefined,1493663486895
903d185fccf839df,174.92783411012272,undefined,1493663487261
903d185fccf839df,173.35880565305396,undefined,1493663487900
903d185fccf839df,171.87520983221654,undefined,1493663488257
903d185fccf839df,170.6112329615379,undefined,1493663488776
903d185fccf839df,168.0369366895525,undefined,1493663489417
903d185fccf839df,165.2866808770387,undefined,1493663489791
903d185fccf839df,164.9389797034154,undefined,1493663490299
903d185fccf839df,158.11247330368371,undefined,1493663490797
903d185fccf839df,129.73968164315525,undefined,1493663491208
903d185fccf839df,116.92855524956317,undefined,1493663492177
903d185fccf839df,115.70944279276752,undefined,1493663492229
903d185fccf839df,89.52079406383515,undefined,1493663492771
903d185fccf839df,78.8880891188411,undefined,1493663493210
903d185fccf839df,72.01129770044209,undefined,1493663493766
903d185fccf839df,74.51880662837569,undefined,1493663494209
903d185fccf839df,72.32399066503399,undefined,1493663494769
903d185fccf839df,67.5732034748755,undefined,1493663495210
903d185fccf839df,68.51312368060623,undefined,1493663495776
903d185fccf839df,66.04641480956754,undefined,1493663496203
903d185fccf839df,60.68284421067843,undefined,1493663496760
903d185fccf839df,65.0062877356638,undefined,1493663497206
903d185fccf839df,59.60887008589966,undefined,1493663497762
903d185fccf839df,60.43386677464113,undefined,1493663498203
903d185fccf839df,30.197605005337714,undefined,1493663498774
903d185fccf839df,328.21685067995975,undefined,1493663499208
903d185fccf839df,309.4108939555765,undefined,1493663499813
903d185fccf839df,308.08487965404913,undefined,1493663500236
903d185fccf839df,310.04325029650437,undefined,1493663500792
903d185fccf839df,314.70502447372445,undefined,1493663501291
903d185fccf839df,324.0365442414032,undefined,1493663501799
903d185fccf839df,329.61337055180536,undefined,1493663502267
903d185fccf839df,333.46099399782304,undefined,1493663502816
903d185fccf839df,333.9573093373325,undefined,1493663503253
903d185fccf839df,332.79014453106953,undefined,1493663503813
903d185fccf839df,331.692075362504,undefined,1493663504266
903d185fccf839df,329.75174051753396,undefined,1493663504819
903d185fccf839df,327.5922333067333,undefined,1493663505243
903d185fccf839df,323.18410304378966,undefined,1493663505843
903d185fccf839df,319.44753167777804,undefined,1493663506239
903d185fccf839df,315.1559980523862,undefined,1493663506792
903d185fccf839df,308.863469978141,undefined,1493663507248
903d185fccf839df,302.30092998932815,undefined,1493663507821
903d185fccf839df,298.7496080008897,undefined,1493663508256
903d185fccf839df,292.54118182555214,undefined,1493663508802
903d185fccf839df,287.45792721413693,undefined,1493663509271
903d185fccf839df,283.40021338803894,undefined,1493663509799
903d185fccf839df,281.4681613052636,undefined,1493663510283
903d185fccf839df,279.9352514213964,undefined,1493663510813
903d185fccf839df,277.77195745433653,undefined,1493663511274
903d185fccf839df,276.8271168070385,undefined,1493663511823
903d185fccf839df,277.10862648142125,undefined,1493663512254
903d185fccf839df,280.24688627579906,undefined,1493663512784
903d185fccf839df,273.04811797041725,undefined,1493663513262
903d185fccf839df,267.9222016774364,undefined,1493663513795
903d185fccf839df,256.09748793227914,undefined,1493663514225
903d185fccf839df,240.805415573073,undefined,1493663514834
903d185fccf839df,231.63343887081317,undefined,1493663515257
903d185fccf839df,223.7500361514818,undefined,1493663515832
903d185fccf839df,217.11344396572602,undefined,1493663516299
903d185fccf839df,209.22795504896587,undefined,1493663516831
903d185fccf839df,203.63398521040264,undefined,1493663517269
903d185fccf839df,192.4900510661467,undefined,1493663517833
903d185fccf839df,185.10462479700556,undefined,1493663518391
903d185fccf839df,185.17908616460065,undefined,1493663518891
903d185fccf839df,180.51590149977366,undefined,1493663519280
903d185fccf839df,178.44243513894378,undefined,1493663519777
903d185fccf839df,194.03243153517536,undefined,1493663520211
903d185fccf839df,178.313814391315,undefined,1493663520773
903d185fccf839df,183.9492730728342,undefined,1493663521213
903d185fccf839df,178.95300891777256,undefined,1493663521784
903d185fccf839df,191.89105710418247,undefined,1493663522209
903d185fccf839df,185.8998846383,undefined,1493663522770
903d185fccf839df,200.23140913527314,undefined,1493663523215
903d185fccf839df,190.58623021468577,undefined,1493663523771
903d185fccf839df,189.3219308356852,undefined,1493663524216
903d185fccf839df,187.81287347848811,undefined,1493663524777
903d185fccf839df,176.61414478880084,undefined,1493663525213
903d185fccf839df,183.37635611446566,undefined,1493663526174
903d185fccf839df,183.2430127742031,undefined,1493663526261
903d185fccf839df,178.5477500303021,undefined,1493663526832
903d185fccf839df,176.2338512099122,undefined,1493663527258
903d185fccf839df,173.00945365099454,undefined,1493663527800
903d185fccf839df,173.7155250039017,undefined,1493663528267
903d185fccf839df,177.89062821723815,undefined,1493663528801
903d185fccf839df,180.76328155189287,undefined,1493663529250
903d185fccf839df,178.57809304909577,undefined,1493663529810
903d185fccf839df,175.03860244316937,undefined,1493663530279
903d185fccf839df,174.92749874792554,undefined,1493663532117
903d185fccf839df,174.92749874792554,undefined,1493663532164
903d185fccf839df,175.15334916965713,undefined,1493663532336
903d185fccf839df,177.02272732931303,undefined,1493663532856
903d185fccf839df,179.68424166537636,undefined,1493663533280
903d185fccf839df,183.1638733366065,undefined,1493663533788
903d185fccf839df,182.68035904477082,undefined,1493663534263
903d185fccf839df,184.08087028416995,undefined,1493663534813
903d185fccf839df,185.2655270688384,undefined,1493663535261
903d185fccf839df,187.3942485739199,undefined,1493663535831
903d185fccf839df,189.9837292921663,undefined,1493663536229
903d185fccf839df,191.1404725272757,undefined,1493663536808
903d185fccf839df,192.2104271187663,undefined,1493663537263
903d185fccf839df,194.01018060084473,undefined,1493663537804
903d185fccf839df,194.41266104005058,undefined,1493663538249
903d185fccf839df,195.0384742673331,undefined,1493663538827
903d185fccf839df,195.73376329293322,undefined,1493663539235
903d185fccf839df,197.19690226618948,undefined,1493663539795
903d185fccf839df,197.34375406837907,undefined,1493663540305
903d185fccf839df,197.40379699036623,undefined,1493663540799
903d185fccf839df,196.99205555031094,undefined,1493663541235
903d185fccf839df,196.83239708515976,undefined,1493663541844
903d185fccf839df,199.12678383530314,undefined,1493663542230
903d185fccf839df,201.30926874156486,undefined,1493663542822
903d185fccf839df,204.60833592127474,undefined,1493663543289
903d185fccf839df,209.08068514762988,undefined,1493663543824
903d185fccf839df,211.35932210836873,undefined,1493663544272
903d185fccf839df,216.78807023593774,undefined,1493663544827
903d185fccf839df,221.43873309730225,undefined,1493663545234
903d185fccf839df,224.55552023779063,undefined,1493663545812
903d185fccf839df,232.7724540817421,undefined,1493663546295
903d185fccf839df,232.33309133524645,undefined,1493663546845
903d185fccf839df,231.2061427128686,undefined,1493663547246
903d185fccf839df,229.60427192433642,undefined,1493663547891
903d185fccf839df,229.32925094495292,undefined,1493663548218
903d185fccf839df,218.53728453433365,undefined,1493663548770
903d185fccf839df,193.57090175581067,undefined,1493663549218
903d185fccf839df,170.18575749538118,undefined,1493663549786
903d185fccf839df,153.72673583619536,undefined,1493663550223
903d185fccf839df,137.33290882943945,undefined,1493663550813
903d185fccf839df,136.47432863748355,undefined,1493663551953
903d185fccf839df,136.47432863748355,undefined,1493663552010
903d185fccf839df,135.08567523384437,undefined,1493663552242
903d185fccf839df,111.40403614362528,undefined,1493663552794
903d185fccf839df,31.303655913479794,undefined,1493663553252
903d185fccf839df,351.8374427665541,undefined,1493663553833
903d185fccf839df,335.6719625978183,undefined,1493663554237
903d185fccf839df,330.9045802132478,undefined,1493663554790
903d185fccf839df,324.3549342742285,undefined,1493663555298
903d185fccf839df,319.8526784120618,undefined,1493663555832
903d185fccf839df,315.44123555923414,undefined,1493663556255
903d185fccf839df,313.0857377164465,undefined,1493663556850
903d185fccf839df,311.7002050380701,undefined,1493663557247
903d185fccf839df,313.95851961464,undefined,1493663557799
903d185fccf839df,315.4245439108992,undefined,1493663558288
903d185fccf839df,315.31741126147716,undefined,1493663558823
903d185fccf839df,315.28979158031706,undefined,1493663559231
903d185fccf839df,313.7278427087871,undefined,1493663559935
903d185fccf839df,312.83041063917733,undefined,1493663562088
903d185fccf839df,312.83041063917733,undefined,1493663562285
903d185fccf839df,313.1814674220715,undefined,1493663562356
903d185fccf839df,313.5712978167113,undefined,1493663562819
903d185fccf839df,311.30500228585277,undefined,1493663563240
903d185fccf839df,312.76872322443535,undefined,1493663563794
903d185fccf839df,312.5838172747488,undefined,1493663564246
903d185fccf839df,314.046096405567,undefined,1493663564819
903d185fccf839df,313.77304403816913,undefined,1493663565278
903d185fccf839df,313.7628994908421,undefined,1493663565832
903d185fccf839df,312.55022494060466,undefined,1493663566222
903d185fccf839df,311.0990816673383,undefined,1493663566797
903d185fccf839df,310.4988352472078,undefined,1493663567258
903d185fccf839df,307.8635650813267,undefined,1493663567809
903d185fccf839df,308.4605093581985,undefined,1493663568270
903d185fccf839df,306.4832676229588,undefined,1493663568858
903d185fccf839df,304.7846324255322,undefined,1493663569268
903d185fccf839df,305.09319965270214,undefined,1493663569821
903d185fccf839df,302.7765833533296,undefined,1493663570263
903d185fccf839df,303.7225865327355,undefined,1493663570825
903d185fccf839df,302.66805171841736,undefined,1493663571259
903d185fccf839df,302.33311033838464,undefined,1493663571827
903d185fccf839df,302.29558875553886,undefined,1493663572216
903d185fccf839df,302.956830191025,undefined,1493663572791
903d185fccf839df,305.2569117487693,undefined,1493663573253
903d185fccf839df,306.2117650097155,undefined,1493663573830
903d185fccf839df,307.41838184234604,undefined,1493663574281
903d185fccf839df,308.97951171354225,undefined,1493663574943
903d185fccf839df,310.23297650871035,undefined,1493663575245
903d185fccf839df,312.6623751773058,undefined,1493663575801
903d185fccf839df,315.4713226095947,undefined,1493663576262
903d185fccf839df,319.581122953657,undefined,1493663576812
903d185fccf839df,322.58742852827174,undefined,1493663577256
903d185fccf839df,325.67002757980765,undefined,1493663577832
903d185fccf839df,325.7090703212123,undefined,1493663578228
903d185fccf839df,327.57106414919053,undefined,1493663578812
903d185fccf839df,326.4529082371302,undefined,1493663579249
903d185fccf839df,326.7409443669437,undefined,1493663579816
903d185fccf839df,327.2638151448721,undefined,1493663580283
903d185fccf839df,327.5507987703837,undefined,1493663580854
903d185fccf839df,328.2422889200293,undefined,1493663581227
903d185fccf839df,328.49483884277,undefined,1493663581784
903d185fccf839df,328.16341058826197,undefined,1493663582254
903d185fccf839df,327.0405750317768,undefined,1493663582834
903d185fccf839df,326.80241436316084,undefined,1493663583266
903d185fccf839df,324.2791337111199,undefined,1493663583803
903d185fccf839df,324.97915847257053,undefined,1493663584312
903d185fccf839df,324.4304593256175,undefined,1493663584806
903d185fccf839df,324.3665531576812,undefined,1493663585247
903d185fccf839df,326.3048133922787,undefined,1493663585800
903d185fccf839df,326.41648959758095,undefined,1493663586255
903d185fccf839df,327.7397825437101,undefined,1493663586829
903d185fccf839df,325.933969774581,undefined,1493663587261
903d185fccf839df,328.5396285017667,undefined,1493663587790
903d185fccf839df,327.87634080715077,undefined,1493663588276
903d185fccf839df,327.87843088431,undefined,1493663588859
903d185fccf839df,327.42542307795213,undefined,1493663589262
903d185fccf839df,329.0079163781005,undefined,1493663589835
903d185fccf839df,328.6716910800529,undefined,1493663590235
903d185fccf839df,326.0440207717568,undefined,1493663590806
903d185fccf839df,323.82863664335474,undefined,1493663591305
903d185fccf839df,325.72808708110256,undefined,1493663591803
903d185fccf839df,324.0130108923008,undefined,1493663592245
903d185fccf839df,318.0353847725596,undefined,1493663592834
903d185fccf839df,308.33420945479065,undefined,1493663593236
903d185fccf839df,288.2908067618967,undefined,1493663593785
903d185fccf839df,256.66969255933907,undefined,1493663594262
903d185fccf839df,228.1816263811437,undefined,1493663594833
903d185fccf839df,219.91251772963307,undefined,1493663595244
903d185fccf839df,207.22547073863336,undefined,1493663595824
903d185fccf839df,200.66013211745806,undefined,1493663596277
903d185fccf839df,197.4996113074093,undefined,1493663596806
903d185fccf839df,188.73652220341714,undefined,1493663597315
903d185fccf839df,184.2041154116909,undefined,1493663597815
903d185fccf839df,185.7493585415819,undefined,1493663598244
903d185fccf839df,180.49111646973228,undefined,1493663598816
903d185fccf839df,169.47804244521367,undefined,1493663599238
903d185fccf839df,156.8696100874467,undefined,1493663599776
903d185fccf839df,128.9956011605718,undefined,1493663600248
903d185fccf839df,110.04890825159738,undefined,1493663600830
903d185fccf839df,104.8640688746267,undefined,1493663601246
903d185fccf839df,105.26468868627451,undefined,1493663601808
903d185fccf839df,108.38530153141238,undefined,1493663602219
903d185fccf839df,106.8711783435365,undefined,1493663602822
903d185fccf839df,109.91130249008603,undefined,1493663603257
903d185fccf839df,101.21316304661306,undefined,1493663603834
903d185fccf839df,94.82582179734626,undefined,1493663604268
903d185fccf839df,90.11022603582657,undefined,1493663604953
903d185fccf839df,90.65144314569015,undefined,1493663605223
903d185fccf839df,80.30593720018923,undefined,1493663605818
903d185fccf839df,79.7920539296137,undefined,1493663606300
903d185fccf839df,77.54097386579572,undefined,1493663606798
903d185fccf839df,75.18826272193566,undefined,1493663607737
903d185fccf839df,74.42054843112444,undefined,1493663607866
903d185fccf839df,65.65165847159811,undefined,1493663608220
903d185fccf839df,54.043901662984005,undefined,1493663608787
903d185fccf839df,51.46497224836928,undefined,1493663610768
903d185fccf839df,51.46497224836928,undefined,1493663610796
903d185fccf839df,37.453543888172284,undefined,1493663611236
903d185fccf839df,17.645176804350484,undefined,1493663611786
903d185fccf839df,11.131539761304929,undefined,1493663612253
903d185fccf839df,363.93297207178597,undefined,1493663612799
903d185fccf839df,363.0563863704564,undefined,1493663613229
903d185fccf839df,362.6958415247088,undefined,1493663613817
903d185fccf839df,363.3492443404808,undefined,1493663614232
903d185fccf839df,365.2505739081727,undefined,1493663614797
903d185fccf839df,364.6643149417523,undefined,1493663615259
903d185fccf839df,367.6088263857797,undefined,1493663615811
903d185fccf839df,15.34869739070114,undefined,1493663616260
903d185fccf839df,20.976629406828692,undefined,1493663616819
903d185fccf839df,29.9136304749996,undefined,1493663617389
903d185fccf839df,36.7174444075168,undefined,1493663617795
903d185fccf839df,40.90794406420619,undefined,1493663618305
903d185fccf839df,50.75611050725452,undefined,1493663618812
903d185fccf839df,52.90003153310823,undefined,1493663620359
903d185fccf839df,52.90003153310823,undefined,1493663620407
903d185fccf839df,55.43739537666503,undefined,1493663620811
903d185fccf839df,57.61473399023215,undefined,1493663621270
903d185fccf839df,59.52938633398271,undefined,1493663621812
903d185fccf839df,61.81754460350017,undefined,1493663622258
903d185fccf839df,52.4441084336291,undefined,1493663622804
903d185fccf839df,48.491172589160044,undefined,1493663623242
903d185fccf839df,37.740651527151215,undefined,1493663623806
903d185fccf839df,357.1228381193518,undefined,1493663624297
903d185fccf839df,340.23835141929004,undefined,1493663624880
903d185fccf839df,316.2038671188446,undefined,1493663625267
903d185fccf839df,300.3252286800991,undefined,1493663625931
903d185fccf839df,298.45909522147065,undefined,1493663626273
903d185fccf839df,303.3841099479651,undefined,1493663626832
903d185fccf839df,315.97119546367776,undefined,1493663627243
903d185fccf839df,320.8682967177352,undefined,1493663627799
903d185fccf839df,317.0973117046658,undefined,1493663628256
903d185fccf839df,277.556123155544,undefined,1493663628819
903d185fccf839df,223.1545718162594,undefined,1493663629220
903d185fccf839df,172.852181098349,undefined,1493663629777
903d185fccf839df,159.31649755674385,undefined,1493663630254
903d185fccf839df,154.9024127569771,undefined,1493663634372
903d185fccf839df,154.9024127569771,undefined,1493663634429
903d185fccf839df,153.465699120124,undefined,1493663634790
903d185fccf839df,150.06707762437554,undefined,1493663635233
903d185fccf839df,143.35684174181117,undefined,1493663635786
903d185fccf839df,142.92785466505183,undefined,1493663636255
903d185fccf839df,142.71365605902096,undefined,1493663636825
903d185fccf839df,140.53412566250657,undefined,1493663637244
903d185fccf839df,137.10725266013503,undefined,1493663637801
903d185fccf839df,128.67058323162837,undefined,1493663638251
903d185fccf839df,123.83676401701408,undefined,1493663638797
903d185fccf839df,115.83096320529354,undefined,1493663639255
903d185fccf839df,109.88179174296258,undefined,1493663639839
903d185fccf839df,97.15768813738815,undefined,1493663640258
903d185fccf839df,93.19661500188766,undefined,1493663640832
903d185fccf839df,88.20152471300311,undefined,1493663641221
903d185fccf839df,87.1140872763305,undefined,1493663641794
903d185fccf839df,91.71490416497979,undefined,1493663642246
903d185fccf839df,96.11118900401691,undefined,1493663642807
903d185fccf839df,109.46211875213466,undefined,1493663643250
903d185fccf839df,149.31338948173124,undefined,1493663643812
903d185fccf839df,167.139110961495,undefined,1493663644243
903d185fccf839df,170.91863765010805,undefined,1493663644784
903d185fccf839df,164.8540072049118,undefined,1493663645274
903d185fccf839df,165.55049133012403,undefined,1493663645805
903d185fccf839df,162.96167883017637,undefined,1493663646253
903d185fccf839df,161.11211925252908,undefined,1493663646816
903d185fccf839df,160.00678603041723,undefined,1493663647248
903d185fccf839df,145.54857746347938,undefined,1493663647829
903d185fccf839df,136.7472493929389,undefined,1493663648369
903d185fccf839df,128.91002753138275,undefined,1493663648830
903d185fccf839df,106.77918195612536,undefined,1493663649215
903d185fccf839df,88.15741022050489,undefined,1493663649822
903d185fccf839df,87.2254222178699,undefined,1493663650243
903d185fccf839df,86.2724482119605,undefined,1493663650788
903d185fccf839df,88.42395587505628,undefined,1493663651219
903d185fccf839df,74.57372358085748,undefined,1493663651822
903d185fccf839df,58.47949366583094,undefined,1493663652252
903d185fccf839df,44.2613399787501,undefined,1493663652801
903d185fccf839df,34.90105105746689,undefined,1493663653231
903d185fccf839df,30.113626095507154,undefined,1493663653784
903d185fccf839df,27.869076937283065,undefined,1493663654233
903d185fccf839df,21.365630133338634,undefined,1493663654824
903d185fccf839df,10.503727986937559,undefined,1493663655266
903d185fccf839df,361.55190160045544,undefined,1493663655812
903d185fccf839df,355.5052600850495,undefined,1493663656219
903d185fccf839df,346.3589996258808,undefined,1493663656786
903d185fccf839df,346.434939590923,undefined,1493663657265
903d185fccf839df,349.59024709865025,undefined,1493663657799
903d185fccf839df,341.506593709785,undefined,1493663658284
903d185fccf839df,325.83555054766435,undefined,1493663658811
903d185fccf839df,283.5999746781357,undefined,1493663659253
903d185fccf839df,256.6842583660198,undefined,1493663659824
903d185fccf839df,251.74411095374325,undefined,1493663660286
903d185fccf839df,249.81450429584888,undefined,1493663660823
903d185fccf839df,249.4795634808252,undefined,1493663661272
903d185fccf839df,246.0413109248544,undefined,1493663661826
903d185fccf839df,246.45152042311676,undefined,1493663662230
903d185fccf839df,256.1495742998046,undefined,1493663662813
903d185fccf839df,271.3784464558087,undefined,1493663663273
903d185fccf839df,318.70264220526263,undefined,1493663663803
903d185fccf839df,339.502684320861,undefined,1493663664274
903d185fccf839df,352.88017902915544,undefined,1493663664852
903d185fccf839df,355.5551500732925,undefined,1493663665231
903d185fccf839df,14.928986641382656,undefined,1493663665790
903d185fccf839df,29.939686198960967,undefined,1493663666266
903d185fccf839df,47.0494013520202,undefined,1493663666792
903d185fccf839df,62.92227508908594,undefined,1493663667227
903d185fccf839df,68.11851036840261,undefined,1493663667801
903d185fccf839df,71.22492578685241,undefined,1493663668229
903d185fccf839df,75.65702552133362,undefined,1493663668799
903d185fccf839df,76.96702927668645,undefined,1493663669248
903d185fccf839df,72.92505809537894,undefined,1493663669813
903d185fccf839df,67.01575881416555,undefined,1493663670249
903d185fccf839df,61.0863876972655,undefined,1493663670820
903d185fccf839df,60.09175763128552,undefined,1493663671262
903d185fccf839df,61.96290662393365,undefined,1493663671783
903d185fccf839df,65.12242296423925,undefined,1493663672335
903d185fccf839df,66.56343086553015,undefined,1493663673013
903d185fccf839df,69.57264413947387,undefined,1493663673211
903d185fccf839df,97.47684816861783,undefined,1493663673760
903d185fccf839df,164.4676793566374,undefined,1493663674208
903d185fccf839df,191.86506462947148,undefined,1493663674770
903d185fccf839df,206.71267845552956,undefined,1493663675211
903d185fccf839df,211.9286408609403,undefined,1493663675788
903d185fccf839df,211.61909998809998,undefined,1493663676212
