startDate, endDate, numberOfSteps, distance, floorsAscended, floorsDescended, UUID 
1493662790338,1493663066828,222,,903d185fccf839df
1493662790338,1493663067649,223,,903d185fccf839df
1493662790338,1493663068227,224,,903d185fccf839df
1493662790338,1493663068897,225,,903d185fccf839df
1493662790338,1493663069348,226,,903d185fccf839df
1493662790338,1493663070008,227,,903d185fccf839df
1493662790338,1493663070553,228,,903d185fccf839df
1493662790338,1493663071108,229,,903d185fccf839df
1493662790338,1493663071651,230,,903d185fccf839df
1493662790338,1493663072248,231,,903d185fccf839df
1493662790338,1493663072820,232,,903d185fccf839df
1493662790338,1493663073507,233,,903d185fccf839df
1493662790338,1493663074099,234,,903d185fccf839df
1493662790338,1493663074589,235,,903d185fccf839df
1493662790338,1493663075188,236,,903d185fccf839df
1493662790338,1493663075791,237,,903d185fccf839df
1493662790338,1493663076208,238,,903d185fccf839df
1493662790338,1493663076955,239,,903d185fccf839df
1493662790338,1493663077451,240,,903d185fccf839df
1493662790338,1493663078048,241,,903d185fccf839df
1493662790338,1493663079747,242,,903d185fccf839df
1493662790338,1493663080328,243,,903d185fccf839df
1493662790338,1493663080841,244,,903d185fccf839df
1493662790338,1493663081647,246,,903d185fccf839df
1493662790338,1493663082028,247,,903d185fccf839df
1493662790338,1493663082593,248,,903d185fccf839df
1493662790338,1493663083147,249,,903d185fccf839df
1493662790338,1493663083754,250,,903d185fccf839df
1493662790338,1493663084290,251,,903d185fccf839df
1493662790338,1493663084728,252,,903d185fccf839df
1493662790338,1493663085411,253,,903d185fccf839df
1493662790338,1493663085933,254,,903d185fccf839df
1493662790338,1493663086491,255,,903d185fccf839df
1493662790338,1493663087030,256,,903d185fccf839df
1493662790338,1493663087620,257,,903d185fccf839df
1493662790338,1493663087932,258,,903d185fccf839df
1493662790338,1493663088770,260,,903d185fccf839df
1493662790338,1493663089328,261,,903d185fccf839df
1493662790338,1493663090969,262,,903d185fccf839df
1493662790338,1493663091529,263,,903d185fccf839df
1493662790338,1493663093233,264,,903d185fccf839df
1493662790338,1493663093749,265,,903d185fccf839df
1493662790338,1493663094389,266,,903d185fccf839df
1493662790338,1493663094951,267,,903d185fccf839df
1493662790338,1493663095508,268,,903d185fccf839df
1493662790338,1493663095988,269,,903d185fccf839df
1493662790338,1493663096549,270,,903d185fccf839df
1493662790338,1493663097069,271,,903d185fccf839df
1493662790338,1493663097668,272,,903d185fccf839df
1493662790338,1493663098191,273,,903d185fccf839df
1493662790338,1493663098773,274,,903d185fccf839df
1493662790338,1493663099294,275,,903d185fccf839df
1493662790338,1493663099889,276,,903d185fccf839df
1493662790338,1493663100430,277,,903d185fccf839df
1493662790338,1493663101033,278,,903d185fccf839df
1493662790338,1493663101563,279,,903d185fccf839df
1493662790338,1493663102166,280,,903d185fccf839df
1493662790338,1493663102654,281,,903d185fccf839df
1493662790338,1493663103233,282,,903d185fccf839df
1493662790338,1493663103770,283,,903d185fccf839df
1493662790338,1493663104414,284,,903d185fccf839df
1493662790338,1493663104940,285,,903d185fccf839df
1493662790338,1493663105533,286,,903d185fccf839df
1493662790338,1493663106051,287,,903d185fccf839df
1493662790338,1493663106653,288,,903d185fccf839df
1493662790338,1493663107173,289,,903d185fccf839df
1493662790338,1493663107795,290,,903d185fccf839df
1493662790338,1493663108368,291,,903d185fccf839df
1493662790338,1493663108950,292,,903d185fccf839df
1493662790338,1493663109472,293,,903d185fccf839df
1493662790338,1493663110092,294,,903d185fccf839df
1493662790338,1493663110619,295,,903d185fccf839df
1493662790338,1493663111229,296,,903d185fccf839df
1493662790338,1493663111753,297,,903d185fccf839df
1493662790338,1493663112354,298,,903d185fccf839df
1493662790338,1493663112892,299,,903d185fccf839df
1493662790338,1493663113489,300,,903d185fccf839df
1493662790338,1493663114031,301,,903d185fccf839df
1493662790338,1493663115639,302,,903d185fccf839df
1493662790338,1493663116212,303,,903d185fccf839df
1493662790338,1493663116770,304,,903d185fccf839df
1493662790338,1493663117352,305,,903d185fccf839df
1493662790338,1493663117950,306,,903d185fccf839df
1493662790338,1493663118491,307,,903d185fccf839df
1493662790338,1493663119051,308,,903d185fccf839df
1493662790338,1493663119567,309,,903d185fccf839df
1493662790338,1493663120186,310,,903d185fccf839df
1493662790338,1493663120706,311,,903d185fccf839df
1493662790338,1493663121327,312,,903d185fccf839df
1493662790338,1493663121889,313,,903d185fccf839df
1493662790338,1493663122489,314,,903d185fccf839df
1493662790338,1493663123086,315,,903d185fccf839df
1493662790338,1493663123627,316,,903d185fccf839df
1493662790338,1493663124190,317,,903d185fccf839df
1493662790338,1493663124968,318,,903d185fccf839df
1493662790338,1493663125588,319,,903d185fccf839df
1493662790338,1493663125968,320,,903d185fccf839df
1493662790338,1493663126550,321,,903d185fccf839df
1493662790338,1493663127148,322,,903d185fccf839df
1493662790338,1493663127715,323,,903d185fccf839df
1493662790338,1493663128248,324,,903d185fccf839df
1493662790338,1493663128587,325,,903d185fccf839df
1493662790338,1493663129350,326,,903d185fccf839df
1493662790338,1493663129588,327,,903d185fccf839df
1493662790338,1493663129927,328,,903d185fccf839df
1493662790338,1493663130287,329,,903d185fccf839df
1493662790338,1493663131012,330,,903d185fccf839df
1493662790338,1493663131549,331,,903d185fccf839df
1493662790338,1493663132129,332,,903d185fccf839df
1493662790338,1493663132648,333,,903d185fccf839df
1493662790338,1493663133228,334,,903d185fccf839df
1493662790338,1493663133748,335,,903d185fccf839df
1493662790338,1493663134328,336,,903d185fccf839df
1493662790338,1493663134847,337,,903d185fccf839df
1493662790338,1493663135432,338,,903d185fccf839df
1493662790338,1493663135949,339,,903d185fccf839df
1493662790338,1493663136553,340,,903d185fccf839df
1493662790338,1493663137047,341,,903d185fccf839df
1493662790338,1493663137647,342,,903d185fccf839df
1493662790338,1493663138148,343,,903d185fccf839df
1493662790338,1493663138728,344,,903d185fccf839df
1493662790338,1493663139228,345,,903d185fccf839df
1493662790338,1493663139837,346,,903d185fccf839df
1493662790338,1493663140328,347,,903d185fccf839df
1493662790338,1493663140928,348,,903d185fccf839df
1493662790338,1493663141447,349,,903d185fccf839df
1493662790338,1493663142028,350,,903d185fccf839df
1493662790338,1493663142527,351,,903d185fccf839df
1493662790338,1493663143128,352,,903d185fccf839df
1493662790338,1493663143628,353,,903d185fccf839df
1493662790338,1493663144229,354,,903d185fccf839df
1493662790338,1493663144729,355,,903d185fccf839df
1493662790338,1493663145329,356,,903d185fccf839df
1493662790338,1493663145808,357,,903d185fccf839df
1493662790338,1493663146410,358,,903d185fccf839df
1493662790338,1493663146968,359,,903d185fccf839df
1493662790338,1493663147569,360,,903d185fccf839df
1493662790338,1493663148109,361,,903d185fccf839df
1493662790338,1493663148689,362,,903d185fccf839df
1493662790338,1493663149209,363,,903d185fccf839df
1493662790338,1493663149809,364,,903d185fccf839df
1493662790338,1493663150328,365,,903d185fccf839df
1493662790338,1493663150968,366,,903d185fccf839df
1493662790338,1493663151468,367,,903d185fccf839df
1493662790338,1493663152174,368,,903d185fccf839df
1493662790338,1493663152828,369,,903d185fccf839df
1493662790338,1493663153468,370,,903d185fccf839df
1493662790338,1493663154029,371,,903d185fccf839df
1493662790338,1493663154628,372,,903d185fccf839df
1493662790338,1493663155131,373,,903d185fccf839df
1493662790338,1493663155748,374,,903d185fccf839df
1493662790338,1493663156327,375,,903d185fccf839df
1493662790338,1493663156948,376,,903d185fccf839df
1493662790338,1493663157489,377,,903d185fccf839df
1493662790338,1493663158127,378,,903d185fccf839df
1493662790338,1493663158707,379,,903d185fccf839df
1493662790338,1493663159327,380,,903d185fccf839df
1493662790338,1493663159867,381,,903d185fccf839df
1493662790338,1493663160507,382,,903d185fccf839df
1493662790338,1493663161028,383,,903d185fccf839df
1493662790338,1493663161768,384,,903d185fccf839df
1493662790338,1493663162307,385,,903d185fccf839df
1493662790338,1493663163087,386,,903d185fccf839df
1493662790338,1493663163788,387,,903d185fccf839df
1493662790338,1493663164407,388,,903d185fccf839df
1493662790338,1493663164947,389,,903d185fccf839df
1493662790338,1493663165588,390,,903d185fccf839df
1493662790338,1493663166167,391,,903d185fccf839df
1493662790338,1493663166887,392,,903d185fccf839df
1493662790338,1493663167467,393,,903d185fccf839df
1493662790338,1493663168187,394,,903d185fccf839df
1493662790338,1493663168727,395,,903d185fccf839df
1493662790338,1493663169528,396,,903d185fccf839df
1493662790338,1493663170027,397,,903d185fccf839df
1493662790338,1493663170667,398,,903d185fccf839df
1493662790338,1493663171187,399,,903d185fccf839df
1493662790338,1493663171768,400,,903d185fccf839df
1493662790338,1493663172309,401,,903d185fccf839df
1493662790338,1493663172888,402,,903d185fccf839df
1493662790338,1493663173389,403,,903d185fccf839df
1493662790338,1493663174008,404,,903d185fccf839df
1493662790338,1493663174527,405,,903d185fccf839df
1493662790338,1493663175108,406,,903d185fccf839df
1493662790338,1493663175628,407,,903d185fccf839df
1493662790338,1493663176249,408,,903d185fccf839df
1493662790338,1493663176788,409,,903d185fccf839df
1493662790338,1493663177350,410,,903d185fccf839df
1493662790338,1493663177932,411,,903d185fccf839df
1493662790338,1493663178471,412,,903d185fccf839df
1493662790338,1493663179188,413,,903d185fccf839df
1493662790338,1493663179649,414,,903d185fccf839df
1493662790338,1493663180106,415,,903d185fccf839df
1493662790338,1493663180411,416,,903d185fccf839df
1493662790338,1493663180830,417,,903d185fccf839df
1493662790338,1493663181310,418,,903d185fccf839df
1493662790338,1493663181908,419,,903d185fccf839df
1493662790338,1493663182422,420,,903d185fccf839df
1493662790338,1493663183013,421,,903d185fccf839df
1493662790338,1493663183509,422,,903d185fccf839df
1493662790338,1493663184089,423,,903d185fccf839df
1493662790338,1493663184589,424,,903d185fccf839df
1493662790338,1493663185191,425,,903d185fccf839df
1493662790338,1493663185689,426,,903d185fccf839df
1493662790338,1493663186290,427,,903d185fccf839df
1493662790338,1493663186795,428,,903d185fccf839df
1493662790338,1493663187351,429,,903d185fccf839df
1493662790338,1493663187852,430,,903d185fccf839df
1493662790338,1493663188452,431,,903d185fccf839df
1493662790338,1493663188950,432,,903d185fccf839df
1493662790338,1493663189550,433,,903d185fccf839df
1493662790338,1493663190049,434,,903d185fccf839df
1493662790338,1493663190572,435,,903d185fccf839df
1493662790338,1493663191131,436,,903d185fccf839df
1493662790338,1493663191809,437,,903d185fccf839df
1493662790338,1493663192276,438,,903d185fccf839df
1493662790338,1493663192875,439,,903d185fccf839df
1493662790338,1493663193349,440,,903d185fccf839df
1493662790338,1493663193971,441,,903d185fccf839df
1493662790338,1493663194429,442,,903d185fccf839df
1493662790338,1493663195097,443,,903d185fccf839df
1493662790338,1493663195549,444,,903d185fccf839df
1493662790338,1493663196390,446,,903d185fccf839df
1493662790338,1493663197235,447,,903d185fccf839df
1493662790338,1493663197749,448,,903d185fccf839df
1493662790338,1493663198355,449,,903d185fccf839df
1493662790338,1493663198938,450,,903d185fccf839df
1493662790338,1493663199551,451,,903d185fccf839df
1493662790338,1493663200011,452,,903d185fccf839df
1493662790338,1493663200690,453,,903d185fccf839df
1493662790338,1493663201131,454,,903d185fccf839df
1493662790338,1493663201750,455,,903d185fccf839df
1493662790338,1493663202249,456,,903d185fccf839df
1493662790338,1493663203270,458,,903d185fccf839df
1493662790338,1493663203809,459,,903d185fccf839df
1493662790338,1493663204408,460,,903d185fccf839df
1493662790338,1493663204989,461,,903d185fccf839df
1493662790338,1493663205509,462,,903d185fccf839df
1493662790338,1493663206028,463,,903d185fccf839df
1493662790338,1493663206588,464,,903d185fccf839df
1493662790338,1493663207109,465,,903d185fccf839df
1493662790338,1493663207670,466,,903d185fccf839df
1493662790338,1493663208188,467,,903d185fccf839df
1493662790338,1493663208768,468,,903d185fccf839df
1493662790338,1493663209249,469,,903d185fccf839df
1493662790338,1493663209809,470,,903d185fccf839df
1493662790338,1493663210329,471,,903d185fccf839df
1493662790338,1493663210909,472,,903d185fccf839df
1493662790338,1493663211429,473,,903d185fccf839df
1493662790338,1493663212030,474,,903d185fccf839df
1493662790338,1493663212549,475,,903d185fccf839df
1493662790338,1493663213129,476,,903d185fccf839df
1493662790338,1493663213649,477,,903d185fccf839df
1493662790338,1493663214229,478,,903d185fccf839df
1493662790338,1493663214749,479,,903d185fccf839df
1493662790338,1493663215310,480,,903d185fccf839df
1493662790338,1493663215829,481,,903d185fccf839df
1493662790338,1493663216410,482,,903d185fccf839df
1493662790338,1493663216910,483,,903d185fccf839df
1493662790338,1493663217490,484,,903d185fccf839df
1493662790338,1493663218009,485,,903d185fccf839df
1493662790338,1493663218589,486,,903d185fccf839df
1493662790338,1493663219111,487,,903d185fccf839df
1493662790338,1493663219689,488,,903d185fccf839df
1493662790338,1493663220209,489,,903d185fccf839df
1493662790338,1493663220789,490,,903d185fccf839df
1493662790338,1493663221309,491,,903d185fccf839df
1493662790338,1493663222029,492,,903d185fccf839df
1493662790338,1493663222370,493,,903d185fccf839df
1493662790338,1493663222949,494,,903d185fccf839df
1493662790338,1493663223370,495,,903d185fccf839df
1493662790338,1493663224050,496,,903d185fccf839df
1493662790338,1493663224575,497,,903d185fccf839df
1493662790338,1493663225291,498,,903d185fccf839df
1493662790338,1493663225771,499,,903d185fccf839df
1493662790338,1493663226434,500,,903d185fccf839df
1493662790338,1493663226880,501,,903d185fccf839df
1493662790338,1493663227535,502,,903d185fccf839df
1493662790338,1493663227911,503,,903d185fccf839df
1493662790338,1493663228472,504,,903d185fccf839df
1493662790338,1493663228711,505,,903d185fccf839df
1493662790338,1493663229013,506,,903d185fccf839df
1493662790338,1493663229474,508,,903d185fccf839df
1493662790338,1493663230091,509,,903d185fccf839df
1493662790338,1493663231713,510,,903d185fccf839df
1493662790338,1493663231992,511,,903d185fccf839df
1493662790338,1493663232291,512,,903d185fccf839df
1493662790338,1493663232831,513,,903d185fccf839df
1493662790338,1493663233391,514,,903d185fccf839df
1493662790338,1493663233911,515,,903d185fccf839df
1493662790338,1493663234492,516,,903d185fccf839df
1493662790338,1493663235032,517,,903d185fccf839df
1493662790338,1493663235591,518,,903d185fccf839df
1493662790338,1493663236111,519,,903d185fccf839df
1493662790338,1493663236692,520,,903d185fccf839df
1493662790338,1493663237211,521,,903d185fccf839df
1493662790338,1493663237773,522,,903d185fccf839df
1493662790338,1493663238293,523,,903d185fccf839df
1493662790338,1493663238032,524,,903d185fccf839df
1493662790338,1493663238533,525,,903d185fccf839df
1493662790338,1493663239138,526,,903d185fccf839df
1493662790338,1493663239633,527,,903d185fccf839df
1493662790338,1493663240211,528,,903d185fccf839df
1493662790338,1493663240731,529,,903d185fccf839df
1493662790338,1493663241331,530,,903d185fccf839df
1493662790338,1493663241833,531,,903d185fccf839df
1493662790338,1493663242431,532,,903d185fccf839df
1493662790338,1493663242952,533,,903d185fccf839df
1493662790338,1493663243533,534,,903d185fccf839df
1493662790338,1493663244052,535,,903d185fccf839df
1493662790338,1493663244631,536,,903d185fccf839df
1493662790338,1493663245152,537,,903d185fccf839df
1493662790338,1493663245731,538,,903d185fccf839df
1493662790338,1493663246251,539,,903d185fccf839df
1493662790338,1493663246833,540,,903d185fccf839df
1493662790338,1493663247352,541,,903d185fccf839df
1493662790338,1493663247953,542,,903d185fccf839df
1493662790338,1493663248477,543,,903d185fccf839df
1493662790338,1493663249072,544,,903d185fccf839df
1493662790338,1493663249752,545,,903d185fccf839df
1493662790338,1493663250271,546,,903d185fccf839df
1493662790338,1493663250911,547,,903d185fccf839df
1493662790338,1493663251474,548,,903d185fccf839df
1493662790338,1493663252014,549,,903d185fccf839df
1493662790338,1493663252484,550,,903d185fccf839df
1493662790338,1493663253537,551,,903d185fccf839df
1493662790338,1493663254113,552,,903d185fccf839df
1493662790338,1493663254654,553,,903d185fccf839df
1493662790338,1493663255194,554,,903d185fccf839df
1493662790338,1493663255754,555,,903d185fccf839df
1493662790338,1493663256853,557,,903d185fccf839df
1493662790338,1493663257475,558,,903d185fccf839df
1493662790338,1493663257997,559,,903d185fccf839df
1493662790338,1493663258615,560,,903d185fccf839df
1493662790338,1493663259234,561,,903d185fccf839df
1493662790338,1493663259856,562,,903d185fccf839df
1493662790338,1493663260395,563,,903d185fccf839df
1493662790338,1493663261155,564,,903d185fccf839df
1493662790338,1493663261513,565,,903d185fccf839df
1493662790338,1493663262098,566,,903d185fccf839df
1493662790338,1493663262634,567,,903d185fccf839df
1493662790338,1493663263216,568,,903d185fccf839df
1493662790338,1493663263836,569,,903d185fccf839df
1493662790338,1493663264537,570,,903d185fccf839df
1493662790338,1493663265095,571,,903d185fccf839df
1493662790338,1493663265757,572,,903d185fccf839df
1493662790338,1493663266293,573,,903d185fccf839df
1493662790338,1493663266957,574,,903d185fccf839df
1493662790338,1493663267555,575,,903d185fccf839df
1493662790338,1493663268214,576,,903d185fccf839df
1493662790338,1493663268834,577,,903d185fccf839df
1493662790338,1493663269474,578,,903d185fccf839df
1493662790338,1493663269996,579,,903d185fccf839df
1493662790338,1493663270615,580,,903d185fccf839df
1493662790338,1493663271157,581,,903d185fccf839df
1493662790338,1493663271794,582,,903d185fccf839df
1493662790338,1493663272376,583,,903d185fccf839df
1493662790338,1493663272996,584,,903d185fccf839df
1493662790338,1493663273616,585,,903d185fccf839df
1493662790338,1493663274334,586,,903d185fccf839df
1493662790338,1493663275097,587,,903d185fccf839df
1493662790338,1493663275734,588,,903d185fccf839df
1493662790338,1493663276398,589,,903d185fccf839df
1493662790338,1493663276966,590,,903d185fccf839df
1493662790338,1493663277597,591,,903d185fccf839df
1493662790338,1493663278154,592,,903d185fccf839df
1493662790338,1493663278878,593,,903d185fccf839df
1493662790338,1493663279576,594,,903d185fccf839df
1493662790338,1493663280278,595,,903d185fccf839df
1493662790338,1493663280815,596,,903d185fccf839df
1493662790338,1493663281542,597,,903d185fccf839df
1493662790338,1493663282273,598,,903d185fccf839df
1493662790338,1493663282601,599,,903d185fccf839df
1493662790338,1493663283161,600,,903d185fccf839df
1493662790338,1493663283802,601,,903d185fccf839df
1493662790338,1493663284262,602,,903d185fccf839df
1493662790338,1493663284860,603,,903d185fccf839df
1493662790338,1493663285141,604,,903d185fccf839df
1493662790338,1493663285919,606,,903d185fccf839df
1493662790338,1493663286201,607,,903d185fccf839df
1493662790338,1493663287039,609,,903d185fccf839df
1493662790338,1493663287300,610,,903d185fccf839df
1493662790338,1493663288140,612,,903d185fccf839df
1493662790338,1493663288399,613,,903d185fccf839df
1493662790338,1493663289499,614,,903d185fccf839df
1493662790338,1493663289799,615,,903d185fccf839df
1493662790338,1493663290622,617,,903d185fccf839df
1493662790338,1493663291001,618,,903d185fccf839df
1493662790338,1493663291707,620,,903d185fccf839df
1493662790338,1493663292042,621,,903d185fccf839df
1493662790338,1493663292862,623,,903d185fccf839df
1493662790338,1493663293162,624,,903d185fccf839df
1493662790338,1493663294031,626,,903d185fccf839df
1493662790338,1493663294261,627,,903d185fccf839df
1493662790338,1493663295061,629,,903d185fccf839df
1493662790338,1493663295406,630,,903d185fccf839df
1493662790338,1493663296041,631,,903d185fccf839df
1493662790338,1493663296522,632,,903d185fccf839df
1493662790338,1493663297322,634,,903d185fccf839df
1493662790338,1493663297691,635,,903d185fccf839df
1493662790338,1493663298221,636,,903d185fccf839df
1493662790338,1493663298763,637,,903d185fccf839df
1493662790338,1493663299361,638,,903d185fccf839df
1493662790338,1493663299862,639,,903d185fccf839df
1493662790338,1493663300463,640,,903d185fccf839df
1493662790338,1493663300943,641,,903d185fccf839df
1493662790338,1493663301781,643,,903d185fccf839df
1493662790338,1493663302081,644,,903d185fccf839df
1493662790338,1493663302644,645,,903d185fccf839df
1493662790338,1493663303201,646,,903d185fccf839df
1493662790338,1493663303762,647,,903d185fccf839df
1493662790338,1493663304301,648,,903d185fccf839df
1493662790338,1493663304862,649,,903d185fccf839df
1493662790338,1493663305382,650,,903d185fccf839df
1493662790338,1493663305921,651,,903d185fccf839df
1493662790338,1493663306442,652,,903d185fccf839df
1493662790338,1493663306802,653,,903d185fccf839df
1493662790338,1493663307547,654,,903d185fccf839df
1493662790338,1493663308107,655,,903d185fccf839df
1493662790338,1493663308623,656,,903d185fccf839df
1493662790338,1493663309203,657,,903d185fccf839df
1493662790338,1493663309723,658,,903d185fccf839df
1493662790338,1493663310302,659,,903d185fccf839df
1493662790338,1493663310803,660,,903d185fccf839df
1493662790338,1493663311402,661,,903d185fccf839df
1493662790338,1493663311930,662,,903d185fccf839df
1493662790338,1493663312502,663,,903d185fccf839df
1493662790338,1493663313003,664,,903d185fccf839df
1493662790338,1493663313582,665,,903d185fccf839df
1493662790338,1493663314103,666,,903d185fccf839df
1493662790338,1493663314688,667,,903d185fccf839df
1493662790338,1493663315202,668,,903d185fccf839df
1493662790338,1493663315781,669,,903d185fccf839df
1493662790338,1493663316322,670,,903d185fccf839df
1493662790338,1493663316903,671,,903d185fccf839df
1493662790338,1493663317429,672,,903d185fccf839df
1493662790338,1493663318022,673,,903d185fccf839df
1493662790338,1493663318543,674,,903d185fccf839df
1493662790338,1493663319103,675,,903d185fccf839df
1493662790338,1493663319622,676,,903d185fccf839df
1493662790338,1493663320204,677,,903d185fccf839df
1493662790338,1493663320724,678,,903d185fccf839df
1493662790338,1493663321303,679,,903d185fccf839df
1493662790338,1493663321822,680,,903d185fccf839df
1493662790338,1493663322403,681,,903d185fccf839df
1493662790338,1493663322941,682,,903d185fccf839df
1493662790338,1493663323523,683,,903d185fccf839df
1493662790338,1493663324046,684,,903d185fccf839df
1493662790338,1493663324623,685,,903d185fccf839df
1493662790338,1493663325125,686,,903d185fccf839df
1493662790338,1493663325722,687,,903d185fccf839df
1493662790338,1493663326242,688,,903d185fccf839df
1493662790338,1493663326803,689,,903d185fccf839df
1493662790338,1493663327326,690,,903d185fccf839df
1493662790338,1493663327907,691,,903d185fccf839df
1493662790338,1493663328428,692,,903d185fccf839df
1493662790338,1493663329008,693,,903d185fccf839df
1493662790338,1493663329545,694,,903d185fccf839df
1493662790338,1493663330108,695,,903d185fccf839df
1493662790338,1493663330377,696,,903d185fccf839df
1493662790338,1493663330955,697,,903d185fccf839df
1493662790338,1493663331476,698,,903d185fccf839df
1493662790338,1493663332082,699,,903d185fccf839df
1493662790338,1493663332611,700,,903d185fccf839df
1493662790338,1493663333182,701,,903d185fccf839df
1493662790338,1493663333695,702,,903d185fccf839df
1493662790338,1493663334279,703,,903d185fccf839df
1493662790338,1493663334823,704,,903d185fccf839df
1493662790338,1493663335397,705,,903d185fccf839df
1493662790338,1493663335936,706,,903d185fccf839df
1493662790338,1493663336515,707,,903d185fccf839df
1493662790338,1493663337035,708,,903d185fccf839df
1493662790338,1493663337597,709,,903d185fccf839df
1493662790338,1493663338175,710,,903d185fccf839df
1493662790338,1493663338695,711,,903d185fccf839df
1493662790338,1493663339257,712,,903d185fccf839df
1493662790338,1493663340001,713,,903d185fccf839df
1493662790338,1493663340415,714,,903d185fccf839df
1493662790338,1493663340967,715,,903d185fccf839df
1493662790338,1493663341499,716,,903d185fccf839df
1493662790338,1493663342038,717,,903d185fccf839df
1493662790338,1493663342619,718,,903d185fccf839df
1493662790338,1493663343140,719,,903d185fccf839df
1493662790338,1493663343699,720,,903d185fccf839df
1493662790338,1493663344217,721,,903d185fccf839df
1493662790338,1493663344796,722,,903d185fccf839df
1493662790338,1493663345338,723,,903d185fccf839df
1493662790338,1493663345988,724,,903d185fccf839df
1493662790338,1493663346435,725,,903d185fccf839df
1493662790338,1493663347066,726,,903d185fccf839df
1493662790338,1493663347517,727,,903d185fccf839df
1493662790338,1493663348200,728,,903d185fccf839df
1493662790338,1493663348638,729,,903d185fccf839df
1493662790338,1493663349303,730,,903d185fccf839df
1493662790338,1493663349729,731,,903d185fccf839df
1493662790338,1493663350402,732,,903d185fccf839df
1493662790338,1493663350856,733,,903d185fccf839df
1493662790338,1493663351498,734,,903d185fccf839df
1493662790338,1493663351978,735,,903d185fccf839df
1493662790338,1493663352597,736,,903d185fccf839df
1493662790338,1493663353075,737,,903d185fccf839df
1493662790338,1493663353496,738,,903d185fccf839df
1493662790338,1493663353877,739,,903d185fccf839df
1493662790338,1493663354797,740,,903d185fccf839df
1493662790338,1493663355337,741,,903d185fccf839df
1493662790338,1493663355956,742,,903d185fccf839df
1493662790338,1493663356419,743,,903d185fccf839df
1493662790338,1493663357061,744,,903d185fccf839df
1493662790338,1493663357516,745,,903d185fccf839df
1493662790338,1493663358297,747,,903d185fccf839df
1493662790338,1493663359138,748,,903d185fccf839df
1493662790338,1493663359718,749,,903d185fccf839df
1493662790338,1493663360298,750,,903d185fccf839df
1493662790338,1493663360796,751,,903d185fccf839df
1493662790338,1493663361397,752,,903d185fccf839df
1493662790338,1493663361916,753,,903d185fccf839df
1493662790338,1493663362496,754,,903d185fccf839df
1493662790338,1493663363017,755,,903d185fccf839df
1493662790338,1493663363618,756,,903d185fccf839df
1493662790338,1493663364141,757,,903d185fccf839df
1493662790338,1493663364756,758,,903d185fccf839df
1493662790338,1493663365259,759,,903d185fccf839df
1493662790338,1493663365839,760,,903d185fccf839df
1493662790338,1493663366458,761,,903d185fccf839df
1493662790338,1493663366999,762,,903d185fccf839df
1493662790338,1493663367517,763,,903d185fccf839df
1493662790338,1493663368116,764,,903d185fccf839df
1493662790338,1493663368859,765,,903d185fccf839df
1493662790338,1493663369297,766,,903d185fccf839df
1493662790338,1493663369898,767,,903d185fccf839df
1493662790338,1493663370398,768,,903d185fccf839df
1493662790338,1493663371071,769,,903d185fccf839df
1493662790338,1493663371578,770,,903d185fccf839df
1493662790338,1493663372379,771,,903d185fccf839df
1493662790338,1493663372799,772,,903d185fccf839df
1493662790338,1493663373258,773,,903d185fccf839df
1493662790338,1493663373937,775,,903d185fccf839df
1493662790338,1493663374416,776,,903d185fccf839df
1493662790338,1493663375238,778,,903d185fccf839df
1493662790338,1493663375759,779,,903d185fccf839df
1493662790338,1493663376477,780,,903d185fccf839df
1493662790338,1493663377017,781,,903d185fccf839df
1493662790338,1493663377657,782,,903d185fccf839df
1493662790338,1493663378182,783,,903d185fccf839df
1493662790338,1493663378777,784,,903d185fccf839df
1493662790338,1493663379319,785,,903d185fccf839df
1493662790338,1493663379956,786,,903d185fccf839df
1493662790338,1493663380544,787,,903d185fccf839df
1493662790338,1493663381137,788,,903d185fccf839df
1493662790338,1493663381697,789,,903d185fccf839df
1493662790338,1493663382298,790,,903d185fccf839df
1493662790338,1493663382899,791,,903d185fccf839df
1493662790338,1493663383577,792,,903d185fccf839df
1493662790338,1493663384141,793,,903d185fccf839df
1493662790338,1493663384800,794,,903d185fccf839df
1493662790338,1493663385397,795,,903d185fccf839df
1493662790338,1493663386139,796,,903d185fccf839df
1493662790338,1493663386701,797,,903d185fccf839df
1493662790338,1493663387437,798,,903d185fccf839df
1493662790338,1493663387957,799,,903d185fccf839df
1493662790338,1493663388557,800,,903d185fccf839df
1493662790338,1493663389098,801,,903d185fccf839df
1493662790338,1493663389784,802,,903d185fccf839df
1493662790338,1493663390357,803,,903d185fccf839df
1493662790338,1493663391177,804,,903d185fccf839df
1493662790338,1493663391698,805,,903d185fccf839df
1493662790338,1493663392351,806,,903d185fccf839df
1493662790338,1493663392864,807,,903d185fccf839df
1493662790338,1493663393461,808,,903d185fccf839df
1493662790338,1493663394078,809,,903d185fccf839df
1493662790338,1493663394561,810,,903d185fccf839df
1493662790338,1493663395058,811,,903d185fccf839df
1493662790338,1493663395677,812,,903d185fccf839df
1493662790338,1493663396199,813,,903d185fccf839df
1493662790338,1493663396798,814,,903d185fccf839df
1493662790338,1493663397320,815,,903d185fccf839df
1493662790338,1493663397917,816,,903d185fccf839df
1493662790338,1493663398417,817,,903d185fccf839df
1493662790338,1493663399025,818,,903d185fccf839df
1493662790338,1493663399539,819,,903d185fccf839df
1493662790338,1493663400120,820,,903d185fccf839df
1493662790338,1493663400659,821,,903d185fccf839df
1493662790338,1493663401240,822,,903d185fccf839df
1493662790338,1493663401759,823,,903d185fccf839df
1493662790338,1493663402338,824,,903d185fccf839df
1493662790338,1493663402861,825,,903d185fccf839df
1493662790338,1493663403463,826,,903d185fccf839df
1493662790338,1493663403962,827,,903d185fccf839df
1493662790338,1493663404564,828,,903d185fccf839df
1493662790338,1493663405080,829,,903d185fccf839df
1493662790338,1493663405678,830,,903d185fccf839df
1493662790338,1493663406200,831,,903d185fccf839df
1493662790338,1493663406797,832,,903d185fccf839df
1493662790338,1493663407297,833,,903d185fccf839df
1493662790338,1493663407920,834,,903d185fccf839df
1493662790338,1493663408425,835,,903d185fccf839df
1493662790338,1493663409000,836,,903d185fccf839df
1493662790338,1493663409498,837,,903d185fccf839df
1493662790338,1493663410080,838,,903d185fccf839df
1493662790338,1493663410637,839,,903d185fccf839df
1493662790338,1493663411198,840,,903d185fccf839df
1493662790338,1493663411765,841,,903d185fccf839df
1493662790338,1493663412377,842,,903d185fccf839df
1493662790338,1493663412939,843,,903d185fccf839df
1493662790338,1493663413438,844,,903d185fccf839df
1493662790338,1493663414001,845,,903d185fccf839df
1493662790338,1493663414600,846,,903d185fccf839df
1493662790338,1493663415100,847,,903d185fccf839df
1493662790338,1493663415679,848,,903d185fccf839df
1493662790338,1493663416198,849,,903d185fccf839df
1493662790338,1493663416829,850,,903d185fccf839df
1493662790338,1493663417362,851,,903d185fccf839df
1493662790338,1493663417942,852,,903d185fccf839df
1493662790338,1493663418459,853,,903d185fccf839df
1493662790338,1493663418938,854,,903d185fccf839df
1493662790338,1493663419524,855,,903d185fccf839df
1493662790338,1493663420041,856,,903d185fccf839df
1493662790338,1493663420625,857,,903d185fccf839df
1493662790338,1493663421138,858,,903d185fccf839df
1493662790338,1493663421719,859,,903d185fccf839df
1493662790338,1493663422219,860,,903d185fccf839df
1493662790338,1493663422800,861,,903d185fccf839df
1493662790338,1493663423322,862,,903d185fccf839df
1493662790338,1493663423880,863,,903d185fccf839df
1493662790338,1493663424421,864,,903d185fccf839df
1493662790338,1493663424983,865,,903d185fccf839df
1493662790338,1493663425528,866,,903d185fccf839df
1493662790338,1493663426099,867,,903d185fccf839df
1493662790338,1493663426621,868,,903d185fccf839df
1493662790338,1493663427200,869,,903d185fccf839df
1493662790338,1493663427731,870,,903d185fccf839df
1493662790338,1493663428298,871,,903d185fccf839df
1493662790338,1493663428819,872,,903d185fccf839df
1493662790338,1493663429378,873,,903d185fccf839df
1493662790338,1493663429898,874,,903d185fccf839df
1493662790338,1493663430479,875,,903d185fccf839df
1493662790338,1493663430978,876,,903d185fccf839df
1493662790338,1493663431559,877,,903d185fccf839df
1493662790338,1493663432058,878,,903d185fccf839df
1493662790338,1493663432640,879,,903d185fccf839df
1493662790338,1493663433180,880,,903d185fccf839df
1493662790338,1493663433758,881,,903d185fccf839df
1493662790338,1493663434280,882,,903d185fccf839df
1493662790338,1493663434982,883,,903d185fccf839df
1493662790338,1493663435379,884,,903d185fccf839df
1493662790338,1493663435970,885,,903d185fccf839df
1493662790338,1493663436541,886,,903d185fccf839df
1493662790338,1493663437098,887,,903d185fccf839df
1493662790338,1493663437603,888,,903d185fccf839df
1493662790338,1493663438163,889,,903d185fccf839df
1493662790338,1493663438729,890,,903d185fccf839df
1493662790338,1493663439265,891,,903d185fccf839df
1493662790338,1493663439900,892,,903d185fccf839df
1493662790338,1493663440401,893,,903d185fccf839df
1493662790338,1493663441022,894,,903d185fccf839df
1493662790338,1493663441505,895,,903d185fccf839df
1493662790338,1493663442180,896,,903d185fccf839df
1493662790338,1493663442599,897,,903d185fccf839df
1493662790338,1493663443221,898,,903d185fccf839df
1493662790338,1493663443708,899,,903d185fccf839df
1493662790338,1493663444320,900,,903d185fccf839df
1493662790338,1493663444783,901,,903d185fccf839df
1493662790338,1493663445401,902,,903d185fccf839df
1493662790338,1493663445903,903,,903d185fccf839df
1493662790338,1493663446511,904,,903d185fccf839df
1493662790338,1493663446981,905,,903d185fccf839df
1493662790338,1493663447599,906,,903d185fccf839df
1493662790338,1493663448084,907,,903d185fccf839df
1493662790338,1493663448702,908,,903d185fccf839df
1493662790338,1493663449181,909,,903d185fccf839df
1493662790338,1493663449820,910,,903d185fccf839df
1493662790338,1493663450281,911,,903d185fccf839df
1493662790338,1493663450919,912,,903d185fccf839df
1493662790338,1493663451379,913,,903d185fccf839df
1493662790338,1493663452022,914,,903d185fccf839df
1493662790338,1493663452480,915,,903d185fccf839df
1493662790338,1493663452941,916,,903d185fccf839df
1493662790338,1493663453560,917,,903d185fccf839df
1493662790338,1493663454193,918,,903d185fccf839df
1493662790338,1493663454683,919,,903d185fccf839df
1493662790338,1493663455263,920,,903d185fccf839df
1493662790338,1493663455788,921,,903d185fccf839df
1493662790338,1493663456361,922,,903d185fccf839df
1493662790338,1493663456860,923,,903d185fccf839df
1493662790338,1493663457480,924,,903d185fccf839df
1493662790338,1493663457960,925,,903d185fccf839df
1493662790338,1493663458580,926,,903d185fccf839df
1493662790338,1493663459061,927,,903d185fccf839df
1493662790338,1493663459679,928,,903d185fccf839df
1493662790338,1493663460167,929,,903d185fccf839df
1493662790338,1493663460741,930,,903d185fccf839df
1493662790338,1493663461259,931,,903d185fccf839df
1493662790338,1493663461861,932,,903d185fccf839df
1493662790338,1493663462441,933,,903d185fccf839df
1493662790338,1493663463102,934,,903d185fccf839df
1493662790338,1493663463561,935,,903d185fccf839df
1493662790338,1493663464221,936,,903d185fccf839df
1493662790338,1493663464660,937,,903d185fccf839df
1493662790338,1493663465122,938,,903d185fccf839df
1493662790338,1493663465481,939,,903d185fccf839df
1493662790338,1493663465781,940,,903d185fccf839df
1493662790338,1493663466364,941,,903d185fccf839df
1493662790338,1493663466882,942,,903d185fccf839df
1493662790338,1493663467441,943,,903d185fccf839df
1493662790338,1493663468001,944,,903d185fccf839df
1493662790338,1493663468544,945,,903d185fccf839df
1493662790338,1493663469453,946,,903d185fccf839df
1493662790338,1493663470346,947,,903d185fccf839df
1493662790338,1493663470926,948,,903d185fccf839df
1493662790338,1493663471606,949,,903d185fccf839df
1493662790338,1493663472089,950,,903d185fccf839df
1493662790338,1493663472687,951,,903d185fccf839df
1493662790338,1493663473288,952,,903d185fccf839df
1493662790338,1493663473788,953,,903d185fccf839df
1493662790338,1493663474208,954,,903d185fccf839df
1493662790338,1493663474869,955,,903d185fccf839df
1493662790338,1493663475411,956,,903d185fccf839df
1493662790338,1493663475947,957,,903d185fccf839df
1493662790338,1493663476531,958,,903d185fccf839df
1493662790338,1493663477048,959,,903d185fccf839df
1493662790338,1493663477607,960,,903d185fccf839df
1493662790338,1493663478128,961,,903d185fccf839df
1493662790338,1493663478727,962,,903d185fccf839df
1493662790338,1493663479248,963,,903d185fccf839df
1493662790338,1493663479848,964,,903d185fccf839df
1493662790338,1493663480367,965,,903d185fccf839df
1493662790338,1493663480950,966,,903d185fccf839df
1493662790338,1493663481470,967,,903d185fccf839df
1493662790338,1493663482046,968,,903d185fccf839df
1493662790338,1493663482568,969,,903d185fccf839df
1493662790338,1493663483168,970,,903d185fccf839df
1493662790338,1493663483687,971,,903d185fccf839df
1493662790338,1493663484414,972,,903d185fccf839df
1493662790338,1493663484767,973,,903d185fccf839df
1493662790338,1493663485347,974,,903d185fccf839df
1493662790338,1493663485909,975,,903d185fccf839df
1493662790338,1493663486569,976,,903d185fccf839df
1493662790338,1493663487207,977,,903d185fccf839df
1493662790338,1493663487891,978,,903d185fccf839df
1493662790338,1493663488466,979,,903d185fccf839df
1493662790338,1493663489029,980,,903d185fccf839df
1493662790338,1493663489626,981,,903d185fccf839df
1493662790338,1493663490206,982,,903d185fccf839df
1493662790338,1493663490826,983,,903d185fccf839df
1493662790338,1493663491406,984,,903d185fccf839df
1493662790338,1493663491988,985,,903d185fccf839df
1493662790338,1493663492607,986,,903d185fccf839df
1493662790338,1493663493206,987,,903d185fccf839df
1493662790338,1493663493806,988,,903d185fccf839df
1493662790338,1493663494386,989,,903d185fccf839df
1493662790338,1493663495066,990,,903d185fccf839df
1493662790338,1493663495666,991,,903d185fccf839df
1493662790338,1493663496347,992,,903d185fccf839df
1493662790338,1493663496966,993,,903d185fccf839df
1493662790338,1493663497708,994,,903d185fccf839df
1493662790338,1493663498466,995,,903d185fccf839df
1493662790338,1493663499026,996,,903d185fccf839df
1493662790338,1493663499628,997,,903d185fccf839df
1493662790338,1493663500247,998,,903d185fccf839df
1493662790338,1493663500868,999,,903d185fccf839df
1493662790338,1493663501527,1000,,903d185fccf839df
1493662790338,1493663502148,1001,,903d185fccf839df
1493662790338,1493663502900,1002,,903d185fccf839df
1493662790338,1493663503570,1003,,903d185fccf839df
1493662790338,1493663504230,1004,,903d185fccf839df
1493662790338,1493663504767,1005,,903d185fccf839df
1493662790338,1493663505369,1006,,903d185fccf839df
1493662790338,1493663505896,1007,,903d185fccf839df
1493662790338,1493663506488,1008,,903d185fccf839df
1493662790338,1493663507007,1009,,903d185fccf839df
1493662790338,1493663507610,1010,,903d185fccf839df
1493662790338,1493663508130,1011,,903d185fccf839df
1493662790338,1493663508708,1012,,903d185fccf839df
1493662790338,1493663509229,1013,,903d185fccf839df
1493662790338,1493663509828,1014,,903d185fccf839df
1493662790338,1493663510348,1015,,903d185fccf839df
1493662790338,1493663510989,1016,,903d185fccf839df
1493662790338,1493663511488,1017,,903d185fccf839df
1493662790338,1493663512127,1018,,903d185fccf839df
1493662790338,1493663512633,1019,,903d185fccf839df
1493662790338,1493663513007,1020,,903d185fccf839df
1493662790338,1493663513335,1021,,903d185fccf839df
1493662790338,1493663513811,1022,,903d185fccf839df
1493662790338,1493663514353,1023,,903d185fccf839df
1493662790338,1493663514910,1024,,903d185fccf839df
1493662790338,1493663515455,1025,,903d185fccf839df
1493662790338,1493663516022,1026,,903d185fccf839df
1493662790338,1493663516577,1027,,903d185fccf839df
1493662790338,1493663517217,1028,,903d185fccf839df
1493662790338,1493663517776,1029,,903d185fccf839df
1493662790338,1493663518373,1030,,903d185fccf839df
1493662790338,1493663518827,1031,,903d185fccf839df
1493662790338,1493663519469,1032,,903d185fccf839df
1493662790338,1493663519947,1033,,903d185fccf839df
1493662790338,1493663520630,1034,,903d185fccf839df
1493662790338,1493663521067,1035,,903d185fccf839df
1493662790338,1493663521708,1036,,903d185fccf839df
1493662790338,1493663522167,1037,,903d185fccf839df
1493662790338,1493663522849,1038,,903d185fccf839df
1493662790338,1493663523290,1039,,903d185fccf839df
1493662790338,1493663523967,1040,,903d185fccf839df
1493662790338,1493663524448,1041,,903d185fccf839df
1493662790338,1493663525089,1042,,903d185fccf839df
1493662790338,1493663525527,1043,,903d185fccf839df
1493662790338,1493663526075,1044,,903d185fccf839df
1493662790338,1493663526348,1045,,903d185fccf839df
1493662790338,1493663526709,1046,,903d185fccf839df
1493662790338,1493663527234,1047,,903d185fccf839df
1493662790338,1493663527769,1048,,903d185fccf839df
1493662790338,1493663528353,1049,,903d185fccf839df
1493662790338,1493663528848,1050,,903d185fccf839df
1493662790338,1493663529428,1051,,903d185fccf839df
1493662790338,1493663529930,1052,,903d185fccf839df
1493662790338,1493663530533,1053,,903d185fccf839df
1493662790338,1493663531008,1054,,903d185fccf839df
1493662790338,1493663531629,1055,,903d185fccf839df
1493662790338,1493663532128,1056,,903d185fccf839df
1493662790338,1493663532708,1057,,903d185fccf839df
1493662790338,1493663533210,1058,,903d185fccf839df
1493662790338,1493663533810,1059,,903d185fccf839df
1493662790338,1493663534288,1060,,903d185fccf839df
1493662790338,1493663534939,1061,,903d185fccf839df
1493662790338,1493663535409,1062,,903d185fccf839df
1493662790338,1493663535811,1063,,903d185fccf839df
1493662790338,1493663536511,1064,,903d185fccf839df
1493662790338,1493663536928,1065,,903d185fccf839df
1493662790338,1493663537591,1066,,903d185fccf839df
1493662790338,1493663538208,1067,,903d185fccf839df
1493662790338,1493663538728,1068,,903d185fccf839df
1493662790338,1493663539309,1069,,903d185fccf839df
1493662790338,1493663539799,1070,,903d185fccf839df
1493662790338,1493663540409,1071,,903d185fccf839df
1493662790338,1493663540890,1072,,903d185fccf839df
1493662790338,1493663541449,1073,,903d185fccf839df
1493662790338,1493663541933,1074,,903d185fccf839df
1493662790338,1493663542569,1075,,903d185fccf839df
1493662790338,1493663543170,1076,,903d185fccf839df
1493662790338,1493663543709,1077,,903d185fccf839df
1493662790338,1493663544460,1078,,903d185fccf839df
1493662790338,1493663544830,1079,,903d185fccf839df
1493662790338,1493663545450,1080,,903d185fccf839df
1493662790338,1493663545990,1081,,903d185fccf839df
1493662790338,1493663546811,1082,,903d185fccf839df
1493662790338,1493663547577,1083,,903d185fccf839df
1493662790338,1493663548189,1084,,903d185fccf839df
1493662790338,1493663548732,1085,,903d185fccf839df
1493662790338,1493663549268,1086,,903d185fccf839df
1493662790338,1493663549829,1087,,903d185fccf839df
1493662790338,1493663550408,1088,,903d185fccf839df
1493662790338,1493663550718,1089,,903d185fccf839df
1493662790338,1493663551035,1090,,903d185fccf839df
1493662790338,1493663551650,1092,,903d185fccf839df
1493662790338,1493663552113,1093,,903d185fccf839df
1493662790338,1493663552608,1094,,903d185fccf839df
1493662790338,1493663553203,1095,,903d185fccf839df
1493662790338,1493663553730,1096,,903d185fccf839df
1493662790338,1493663554329,1097,,903d185fccf839df
1493662790338,1493663554872,1098,,903d185fccf839df
1493662790338,1493663555477,1099,,903d185fccf839df
1493662790338,1493663556018,1100,,903d185fccf839df
1493662790338,1493663556637,1101,,903d185fccf839df
1493662790338,1493663557173,1102,,903d185fccf839df
1493662790338,1493663557770,1103,,903d185fccf839df
1493662790338,1493663558317,1104,,903d185fccf839df
1493662790338,1493663558930,1105,,903d185fccf839df
1493662790338,1493663559450,1106,,903d185fccf839df
1493662790338,1493663560096,1107,,903d185fccf839df
1493662790338,1493663560611,1108,,903d185fccf839df
1493662790338,1493663561209,1109,,903d185fccf839df
1493662790338,1493663561775,1110,,903d185fccf839df
1493662790338,1493663562353,1111,,903d185fccf839df
1493662790338,1493663562898,1112,,903d185fccf839df
1493662790338,1493663563492,1113,,903d185fccf839df
1493662790338,1493663564029,1114,,903d185fccf839df
1493662790338,1493663564656,1115,,903d185fccf839df
1493662790338,1493663565171,1116,,903d185fccf839df
1493662790338,1493663565793,1117,,903d185fccf839df
1493662790338,1493663566311,1118,,903d185fccf839df
1493662790338,1493663566911,1119,,903d185fccf839df
1493662790338,1493663567472,1120,,903d185fccf839df
1493662790338,1493663568071,1121,,903d185fccf839df
1493662790338,1493663568626,1122,,903d185fccf839df
1493662790338,1493663569212,1123,,903d185fccf839df
1493662790338,1493663569767,1124,,903d185fccf839df
1493662790338,1493663570350,1125,,903d185fccf839df
1493662790338,1493663570916,1126,,903d185fccf839df
1493662790338,1493663571531,1127,,903d185fccf839df
1493662790338,1493663572056,1128,,903d185fccf839df
1493662790338,1493663572630,1129,,903d185fccf839df
1493662790338,1493663573193,1130,,903d185fccf839df
1493662790338,1493663573772,1131,,903d185fccf839df
1493662790338,1493663574314,1132,,903d185fccf839df
1493662790338,1493663574920,1133,,903d185fccf839df
1493662790338,1493663575474,1134,,903d185fccf839df
1493662790338,1493663576073,1135,,903d185fccf839df
1493662790338,1493663576639,1136,,903d185fccf839df
1493662790338,1493663577252,1137,,903d185fccf839df
1493662790338,1493663577791,1138,,903d185fccf839df
1493662790338,1493663578371,1139,,903d185fccf839df
1493662790338,1493663578892,1140,,903d185fccf839df
1493662790338,1493663579491,1141,,903d185fccf839df
1493662790338,1493663580050,1142,,903d185fccf839df
1493662790338,1493663580643,1143,,903d185fccf839df
1493662790338,1493663581172,1144,,903d185fccf839df
1493662790338,1493663581772,1145,,903d185fccf839df
1493662790338,1493663582314,1146,,903d185fccf839df
1493662790338,1493663582911,1147,,903d185fccf839df
1493662790338,1493663583450,1148,,903d185fccf839df
1493662790338,1493663584051,1149,,903d185fccf839df
1493662790338,1493663584590,1150,,903d185fccf839df
1493662790338,1493663585170,1151,,903d185fccf839df
1493662790338,1493663585713,1152,,903d185fccf839df
1493662790338,1493663586293,1153,,903d185fccf839df
1493662790338,1493663586831,1154,,903d185fccf839df
1493662790338,1493663587420,1155,,903d185fccf839df
1493662790338,1493663587950,1156,,903d185fccf839df
1493662790338,1493663588553,1157,,903d185fccf839df
1493662790338,1493663589090,1158,,903d185fccf839df
1493662790338,1493663589690,1159,,903d185fccf839df
1493662790338,1493663590250,1160,,903d185fccf839df
1493662790338,1493663590791,1161,,903d185fccf839df
1493662790338,1493663591551,1162,,903d185fccf839df
1493662790338,1493663592030,1163,,903d185fccf839df
1493662790338,1493663592518,1164,,903d185fccf839df
1493662790338,1493663593050,1165,,903d185fccf839df
1493662790338,1493663593631,1166,,903d185fccf839df
1493662790338,1493663594170,1167,,903d185fccf839df
1493662790338,1493663594850,1168,,903d185fccf839df
1493662790338,1493663595874,1169,,903d185fccf839df
1493662790338,1493663596492,1170,,903d185fccf839df
1493662790338,1493663596991,1171,,903d185fccf839df
1493662790338,1493663597571,1172,,903d185fccf839df
1493662790338,1493663598172,1173,,903d185fccf839df
1493662790338,1493663598897,1174,,903d185fccf839df
1493662790338,1493663599279,1175,,903d185fccf839df
1493662790338,1493663599970,1176,,903d185fccf839df
1493662790338,1493663600610,1177,,903d185fccf839df
1493662790338,1493663601310,1178,,903d185fccf839df
1493662790338,1493663601613,1179,,903d185fccf839df
1493662790338,1493663602001,1180,,903d185fccf839df
1493662790338,1493663602352,1181,,903d185fccf839df
1493662790338,1493663602854,1182,,903d185fccf839df
1493662790338,1493663603272,1183,,903d185fccf839df
1493662790338,1493663603832,1184,,903d185fccf839df
1493662790338,1493663604434,1185,,903d185fccf839df
1493662790338,1493663605193,1186,,903d185fccf839df
1493662790338,1493663605772,1187,,903d185fccf839df
1493662790338,1493663606351,1188,,903d185fccf839df
1493662790338,1493663606953,1189,,903d185fccf839df
1493662790338,1493663607728,1190,,903d185fccf839df
1493662790338,1493663608251,1191,,903d185fccf839df
1493662790338,1493663608932,1192,,903d185fccf839df
1493662790338,1493663609654,1193,,903d185fccf839df
1493662790338,1493663610252,1194,,903d185fccf839df
1493662790338,1493663610934,1195,,903d185fccf839df
1493662790338,1493663611616,1196,,903d185fccf839df
1493662790338,1493663612255,1197,,903d185fccf839df
1493662790338,1493663612854,1198,,903d185fccf839df
1493662790338,1493663613535,1199,,903d185fccf839df
1493662790338,1493663614192,1200,,903d185fccf839df
1493662790338,1493663614802,1201,,903d185fccf839df
1493662790338,1493663615573,1202,,903d185fccf839df
1493662790338,1493663616313,1203,,903d185fccf839df
1493662790338,1493663616834,1204,,903d185fccf839df
1493662790338,1493663617711,1205,,903d185fccf839df
1493662790338,1493663618151,1206,,903d185fccf839df
1493662790338,1493663618617,1207,,903d185fccf839df
1493662790338,1493663619093,1208,,903d185fccf839df
1493662790338,1493663619813,1210,,903d185fccf839df
1493662790338,1493663620413,1212,,903d185fccf839df
1493662790338,1493663620973,1213,,903d185fccf839df
1493662790338,1493663621555,1214,,903d185fccf839df
1493662790338,1493663621913,1215,,903d185fccf839df
1493662790338,1493663622452,1216,,903d185fccf839df
1493662790338,1493663623872,1217,,903d185fccf839df
1493662790338,1493663624231,1218,,903d185fccf839df
1493662790338,1493663624601,1219,,903d185fccf839df
1493662790338,1493663625113,1220,,903d185fccf839df
1493662790338,1493663625391,1221,,903d185fccf839df
1493662790338,1493663625672,1222,,903d185fccf839df
1493662790338,1493663626034,1223,,903d185fccf839df
1493662790338,1493663627193,1224,,903d185fccf839df
1493662790338,1493663627512,1225,,903d185fccf839df
1493662790338,1493663629032,1226,,903d185fccf839df
1493662790338,1493663629434,1227,,903d185fccf839df
1493662790338,1493663629871,1228,,903d185fccf839df
1493662790338,1493663630535,1230,,903d185fccf839df
1493662790338,1493663630771,1231,,903d185fccf839df
1493662790338,1493663631394,1232,,903d185fccf839df
1493662790338,1493663632377,1233,,903d185fccf839df
1493662790338,1493663633316,1234,,903d185fccf839df
1493662790338,1493663633954,1235,,903d185fccf839df
1493662790338,1493663634753,1236,,903d185fccf839df
1493662790338,1493663635277,1237,,903d185fccf839df
1493662790338,1493663635993,1238,,903d185fccf839df
1493662790338,1493663636553,1239,,903d185fccf839df
1493662790338,1493663637014,1240,,903d185fccf839df
1493662790338,1493663637375,1241,,903d185fccf839df
1493662790338,1493663637854,1242,,903d185fccf839df
1493662790338,1493663638352,1243,,903d185fccf839df
1493662790338,1493663638960,1244,,903d185fccf839df
1493662790338,1493663639414,1245,,903d185fccf839df
1493662790338,1493663640054,1246,,903d185fccf839df
1493662790338,1493663640795,1247,,903d185fccf839df
1493662790338,1493663641433,1248,,903d185fccf839df
1493662790338,1493663642213,1249,,903d185fccf839df
1493662790338,1493663642872,1250,,903d185fccf839df
1493662790338,1493663643692,1251,,903d185fccf839df
1493662790338,1493663644315,1252,,903d185fccf839df
1493662790338,1493663644873,1253,,903d185fccf839df
1493662790338,1493663645854,1254,,903d185fccf839df
1493662790338,1493663646432,1255,,903d185fccf839df
1493662790338,1493663647034,1256,,903d185fccf839df
1493662790338,1493663647692,1257,,903d185fccf839df
1493662790338,1493663648273,1258,,903d185fccf839df
1493662790338,1493663649052,1259,,903d185fccf839df
1493662790338,1493663649835,1260,,903d185fccf839df
1493662790338,1493663650573,1261,,903d185fccf839df
1493662790338,1493663650972,1262,,903d185fccf839df
1493662790338,1493663651378,1263,,903d185fccf839df
1493662790338,1493663651853,1264,,903d185fccf839df
1493662790338,1493663652192,1265,,903d185fccf839df
1493662790338,1493663652673,1266,,903d185fccf839df
1493662790338,1493663652957,1267,,903d185fccf839df
1493662790338,1493663653386,1268,,903d185fccf839df
1493662790338,1493663654036,1269,,903d185fccf839df
1493662790338,1493663654712,1270,,903d185fccf839df
1493662790338,1493663655072,1271,,903d185fccf839df
1493662790338,1493663655836,1272,,903d185fccf839df
1493662790338,1493663656278,1273,,903d185fccf839df
1493662790338,1493663657134,1274,,903d185fccf839df
1493662790338,1493663657444,1275,,903d185fccf839df
1493662790338,1493663658197,1276,,903d185fccf839df
1493662790338,1493663658535,1277,,903d185fccf839df
1493662790338,1493663658978,1278,,903d185fccf839df
1493662790338,1493663659236,1279,,903d185fccf839df
1493662790338,1493663659741,1280,,903d185fccf839df
1493662790338,1493663660544,1281,,903d185fccf839df
1493662790338,1493663661215,1282,,903d185fccf839df
1493662790338,1493663662393,1283,,903d185fccf839df
1493662790338,1493663662995,1284,,903d185fccf839df
1493662790338,1493663663654,1285,,903d185fccf839df
1493662790338,1493663664034,1286,,903d185fccf839df
1493662790338,1493663664415,1287,,903d185fccf839df
1493662790338,1493663664713,1288,,903d185fccf839df
