prediction, timestamp 
sitting,1491593581242
sitting,1491593582575
sitting,1491593584076
sitting,1491593585581
sitting,1491593587141
sitting,1491593588592
sitting,1491593590091
sitting,1491593591596
sitting,1491593593065
sitting,1491593594570
sitting,1491593596078
sitting,1491593597568
sitting,1491593599090
sitting,1491593600611
sitting,1491593602092
sitting,1491593603567
sitting,1491593605079
sitting,1491593606562
sitting,1491593608080
sitting,1491593609557
sitting,1491593611074
sitting,1491593612571
sitting,1491593614038
sitting,1491593615544
sitting,1491593617073
sitting,1491593618563
sitting,1491593620076
sitting,1491593621555
sitting,1491593623067
sitting,1491593624572
sitting,1491593626080
sitting,1491593627569
sitting,1491593629214
sitting,1491593630579
sitting,1491593632064
sitting,1491593633573
sitting,1491593635058
sitting,1491593636555
sitting,1491593638064
sitting,1491593639586
sitting,1491593641104
sitting,1491593642565
sitting,1491593644057
sitting,1491593645576
sitting,1491593647066
sitting,1491593648558
sitting,1491593650073
sitting,1491593651574
sitting,1491593653454
sitting,1491593654578
sitting,1491593656135
sitting,1491593657561
sitting,1491593659068
sitting,1491593660573
sitting,1491593662077
sitting,1491593663576
sitting,1491593665121
sitting,1491593666565
sitting,1491593668062
sitting,1491593669581
sitting,1491593671518
sitting,1491593672577
sitting,1491593674088
sitting,1491593675570
sitting,1491593677076
sitting,1491593678578
sitting,1491593680065
sitting,1491593681555
sitting,1491593683087
sitting,1491593684605
sitting,1491593686074
sitting,1491593687560
sitting,1491593689072
sitting,1491593690583
sitting,1491593692067
sitting,1491593693557
sitting,1491593695075
sitting,1491593696562
sitting,1491593698094
sitting,1491593699561
sitting,1491593701066
sitting,1491593702611
sitting,1491593704079
sitting,1491593705577
sitting,1491593707068
sitting,1491593708552
sitting,1491593710060
sitting,1491593713392
sitting,1491593713464
sitting,1491593714571
sitting,1491593716071
sitting,1491593717601
sitting,1491593719086
sitting,1491593720609
sitting,1491593722063
sitting,1491593723565
sitting,1491593725070
sitting,1491593726558
sitting,1491593728068
sitting,1491593729565
sitting,1491593731085
sitting,1491593732626
sitting,1491593734861
sitting,1491593735568
sitting,1491593737062
sitting,1491593738557
sitting,1491593740090
sitting,1491593741565
sitting,1491593743062
sitting,1491593744583
sitting,1491593746106
sitting,1491593747583
sitting,1491593749055
sitting,1491593750588
sitting,1491593752077
sitting,1491593753560
sitting,1491593755058
sitting,1491593756581
sitting,1491593758075
sitting,1491593759606
sitting,1491593761129
sitting,1491593762560
sitting,1491593764062
sitting,1491593765581
sitting,1491593767079
sitting,1491593768562
sitting,1491593770086
sitting,1491593771563
sitting,1491593773064
sitting,1491593774577
sitting,1491593776128
sitting,1491593777579
sitting,1491593779099
sitting,1491593780563
sitting,1491593782062
sitting,1491593783561
sitting,1491593785040
sitting,1491593786594
sitting,1491593788040
sitting,1491593789974
sitting,1491593791086
sitting,1491593792572
sitting,1491593794080
sitting,1491593795539
sitting,1491593797081
sitting,1491593798563
sitting,1491593800112
sitting,1491593801573
sitting,1491593803086
sitting,1491593804569
sitting,1491593806076
sitting,1491593807594
sitting,1491593809075
sitting,1491593810560
sitting,1491593812079
sitting,1491593813641
sitting,1491593815062
sitting,1491593816586
sitting,1491593818081
sitting,1491593819578
sitting,1491593821090
sitting,1491593822566
sitting,1491593824076
sitting,1491593825599
sitting,1491593827062
sitting,1491593828633
sitting,1491593830069
sitting,1491593831595
sitting,1491593833066
sitting,1491593834580
sitting,1491593836112
sitting,1491593837569
sitting,1491593839073
sitting,1491593840620
sitting,1491593842138
sitting,1491593843560
sitting,1491593845099
sitting,1491593848909
sitting,1491593849575
sitting,1491593851109
sitting,1491593852565
sitting,1491593854070
sitting,1491593855567
sitting,1491593857071
sitting,1491593858614
sitting,1491593860069
sitting,1491593861573
sitting,1491593863089
sitting,1491593864582
sitting,1491593866080
sitting,1491593867575
sitting,1491593869062
sitting,1491593870584
sitting,1491593872064
sitting,1491593873597
sitting,1491593875127
sitting,1491593876568
sitting,1491593878069
sitting,1491593879574
sitting,1491593881065
sitting,1491593882565
sitting,1491593884078
sitting,1491593885597
sitting,1491593887074
sitting,1491593888576
sitting,1491593890167
sitting,1491593891569
sitting,1491593893128
sitting,1491593894565
sitting,1491593896079
sitting,1491593897580
sitting,1491593899065
sitting,1491593900562
sitting,1491593902081
sitting,1491593903564
sitting,1491593905120
sitting,1491593906567
sitting,1491593908076
sitting,1491593909576
sitting,1491593911066
sitting,1491593912567
sitting,1491593914076
sitting,1491593915574
sitting,1491593917066
sitting,1491593918577
sitting,1491593920114
sitting,1491593921564
sitting,1491593923076
sitting,1491593924551
sitting,1491593926062
sitting,1491593927571
sitting,1491593929061
sitting,1491593930558
sitting,1491593932083
sitting,1491593933602
sitting,1491593935141
sitting,1491593936571
sitting,1491593938078
sitting,1491593939576
sitting,1491593941060
sitting,1491593942572
sitting,1491593944076
sitting,1491593945562
sitting,1491593947073
sitting,1491593948583
sitting,1491593950088
sitting,1491593951565
sitting,1491593953043
sitting,1491593954550
