timestamp, lastAccessTime, proximity, UUID 
1493660544988,1493660587315,far,,903d185fccf839df
1493660544988,1493660587409,far,,903d185fccf839df
1493660544988,1493660587425,far,,903d185fccf839df
1493660544988,1493660587480,far,,903d185fccf839df
1493660544988,1493660587486,far,,903d185fccf839df
1493660544988,1493660587570,far,,903d185fccf839df
1493660544988,1493660587573,far,,903d185fccf839df
1493660544988,1493660587699,far,,903d185fccf839df
1493660544988,1493660587702,far,,903d185fccf839df
1493660544988,1493660587724,far,,903d185fccf839df
1493660544988,1493660587726,far,,903d185fccf839df
1493660544988,1493660587746,far,,903d185fccf839df
1493660544988,1493660587749,far,,903d185fccf839df
1493660544988,1493660587784,far,,903d185fccf839df
1493660544988,1493660587816,far,,903d185fccf839df
1493660544988,1493660587843,far,,903d185fccf839df
1493660544988,1493660587873,far,,903d185fccf839df
1493660544988,1493660587915,far,,903d185fccf839df
1493660544988,1493660587944,far,,903d185fccf839df
1493660544988,1493660587956,far,,903d185fccf839df
1493660544988,1493660587989,far,,903d185fccf839df
1493660544988,1493660588033,far,,903d185fccf839df
1493660544988,1493660588068,far,,903d185fccf839df
1493660544988,1493660588091,far,,903d185fccf839df
1493660544988,1493660588137,far,,903d185fccf839df
1493660544988,1493660588162,far,,903d185fccf839df
1493660544988,1493660588210,far,,903d185fccf839df
1493660544988,1493660588237,far,,903d185fccf839df
1493660544988,1493660588265,far,,903d185fccf839df
1493660544988,1493660588281,far,,903d185fccf839df
1493660544988,1493660588336,far,,903d185fccf839df
1493660544988,1493660588350,far,,903d185fccf839df
1493660544988,1493660588366,far,,903d185fccf839df
1493660544988,1493660588412,far,,903d185fccf839df
1493660544988,1493660588431,far,,903d185fccf839df
1493660544988,1493660588457,far,,903d185fccf839df
1493660544988,1493660588481,far,,903d185fccf839df
1493660544988,1493660588531,far,,903d185fccf839df
1493660544988,1493660588542,far,,903d185fccf839df
1493660544988,1493660588567,far,,903d185fccf839df
1493660544988,1493660588584,far,,903d185fccf839df
1493660544988,1493660588638,far,,903d185fccf839df
1493660544988,1493660588642,far,,903d185fccf839df
1493660544988,1493660588691,far,,903d185fccf839df
1493660544988,1493660588695,far,,903d185fccf839df
1493660544988,1493660588727,far,,903d185fccf839df
1493660544988,1493660588731,far,,903d185fccf839df
1493660544988,1493660588776,far,,903d185fccf839df
1493660544988,1493660588779,far,,903d185fccf839df
1493660544988,1493660588828,far,,903d185fccf839df
1493660544988,1493660588832,far,,903d185fccf839df
1493660544988,1493660588858,far,,903d185fccf839df
1493660544988,1493660588862,far,,903d185fccf839df
1493660544988,1493660588910,far,,903d185fccf839df
1493660544988,1493660588914,far,,903d185fccf839df
1493660544988,1493660588940,far,,903d185fccf839df
1493660544988,1493660588944,far,,903d185fccf839df
1493660544988,1493660588992,far,,903d185fccf839df
1493660544988,1493660588998,far,,903d185fccf839df
1493660544988,1493660589027,far,,903d185fccf839df
1493660544988,1493660589047,far,,903d185fccf839df
1493660544988,1493660589076,far,,903d185fccf839df
1493660544988,1493660589116,far,,903d185fccf839df
1493660544988,1493660589135,far,,903d185fccf839df
1493660544988,1493660589144,far,,903d185fccf839df
1493660544988,1493660589154,far,,903d185fccf839df
1493660544988,1493660589177,far,,903d185fccf839df
1493660544988,1493660589196,far,,903d185fccf839df
1493660544988,1493660589208,far,,903d185fccf839df
1493660544988,1493660589220,far,,903d185fccf839df
1493660544988,1493660589232,far,,903d185fccf839df
1493660544988,1493660589242,far,,903d185fccf839df
1493660544988,1493660589253,far,,903d185fccf839df
1493660544988,1493660589278,far,,903d185fccf839df
1493660544988,1493660589300,far,,903d185fccf839df
1493660544988,1493660589313,far,,903d185fccf839df
1493660544988,1493660589338,far,,903d185fccf839df
1493660544988,1493660589345,far,,903d185fccf839df
1493660544988,1493660589390,far,,903d185fccf839df
1493660544988,1493660589394,far,,903d185fccf839df
1493660544988,1493660589431,far,,903d185fccf839df
1493660544988,1493660589434,far,,903d185fccf839df
1493660544988,1493660589458,far,,903d185fccf839df
1493660544988,1493660589463,far,,903d185fccf839df
1493660544988,1493660589510,far,,903d185fccf839df
1493660544988,1493660589519,far,,903d185fccf839df
1493660544988,1493660589552,far,,903d185fccf839df
1493660544988,1493660589559,far,,903d185fccf839df
1493660544988,1493660589615,far,,903d185fccf839df
1493660544988,1493660589627,far,,903d185fccf839df
1493660544988,1493660589668,far,,903d185fccf839df
1493660544988,1493660589698,far,,903d185fccf839df
1493660544988,1493660589744,far,,903d185fccf839df
1493660544988,1493660589749,far,,903d185fccf839df
1493660544988,1493660589782,far,,903d185fccf839df
1493660544988,1493660589803,far,,903d185fccf839df
1493660544988,1493660589826,far,,903d185fccf839df
1493660544988,1493660589837,far,,903d185fccf839df
1493660544988,1493660589860,far,,903d185fccf839df
1493660544988,1493660589863,far,,903d185fccf839df
1493660544988,1493660589911,far,,903d185fccf839df
1493660544988,1493660589913,far,,903d185fccf839df
1493660544988,1493660589959,far,,903d185fccf839df
1493660544988,1493660589962,far,,903d185fccf839df
1493660544988,1493660590055,far,,903d185fccf839df
1493660544988,1493660590058,far,,903d185fccf839df
1493660544988,1493660590112,far,,903d185fccf839df
1493660544988,1493660590120,far,,903d185fccf839df
1493660590122,1493660590141,near,,903d185fccf839df
1493660590122,1493660590150,near,,903d185fccf839df
1493660590122,1493660590187,near,,903d185fccf839df
1493660590122,1493660590218,near,,903d185fccf839df
1493660590122,1493660590229,near,,903d185fccf839df
1493660590122,1493660590273,near,,903d185fccf839df
1493660590122,1493660590292,near,,903d185fccf839df
1493660590122,1493660590365,near,,903d185fccf839df
1493660590122,1493660590373,near,,903d185fccf839df
1493660590122,1493660590432,near,,903d185fccf839df
1493660590122,1493660590438,near,,903d185fccf839df
1493660590122,1493660590495,near,,903d185fccf839df
1493660590122,1493660590526,near,,903d185fccf839df
1493660590122,1493660590556,near,,903d185fccf839df
1493660590122,1493660590587,near,,903d185fccf839df
1493660590122,1493660590628,near,,903d185fccf839df
1493660590122,1493660590634,near,,903d185fccf839df
1493660590122,1493660590649,near,,903d185fccf839df
1493660590122,1493660590657,near,,903d185fccf839df
1493660590122,1493660590698,near,,903d185fccf839df
1493660590122,1493660590710,near,,903d185fccf839df
1493660590122,1493660590731,near,,903d185fccf839df
1493660590122,1493660590734,near,,903d185fccf839df
1493660590122,1493660590757,near,,903d185fccf839df
1493660590122,1493660590759,near,,903d185fccf839df
1493660590122,1493660590787,near,,903d185fccf839df
1493660590122,1493660590790,near,,903d185fccf839df
1493660590122,1493660590809,near,,903d185fccf839df
1493660590122,1493660590813,near,,903d185fccf839df
1493660590122,1493660590840,near,,903d185fccf839df
1493660590122,1493660590842,near,,903d185fccf839df
1493660590122,1493660590880,near,,903d185fccf839df
1493660590122,1493660590883,near,,903d185fccf839df
1493660590122,1493660590915,near,,903d185fccf839df
1493660590122,1493660590919,near,,903d185fccf839df
1493660590122,1493660590938,near,,903d185fccf839df
1493660590122,1493660590949,near,,903d185fccf839df
1493660590122,1493660590978,near,,903d185fccf839df
1493660590122,1493660590994,near,,903d185fccf839df
1493660590122,1493660591014,near,,903d185fccf839df
1493660590122,1493660591020,near,,903d185fccf839df
1493660590122,1493660591037,near,,903d185fccf839df
1493660590122,1493660591044,near,,903d185fccf839df
1493660590122,1493660591081,near,,903d185fccf839df
1493660590122,1493660591083,near,,903d185fccf839df
1493660590122,1493660591105,near,,903d185fccf839df
1493660590122,1493660591107,near,,903d185fccf839df
1493660590122,1493660591123,near,,903d185fccf839df
1493660590122,1493660591135,near,,903d185fccf839df
1493660590122,1493660591142,near,,903d185fccf839df
1493660590122,1493660591160,near,,903d185fccf839df
1493660590122,1493660591170,near,,903d185fccf839df
1493660590122,1493660591190,near,,903d185fccf839df
1493660590122,1493660591199,near,,903d185fccf839df
1493660590122,1493660591217,near,,903d185fccf839df
1493660590122,1493660591221,near,,903d185fccf839df
1493660590122,1493660591234,near,,903d185fccf839df
1493660590122,1493660591236,near,,903d185fccf839df
1493660590122,1493660591247,near,,903d185fccf839df
1493660590122,1493660591267,near,,903d185fccf839df
1493660590122,1493660591282,near,,903d185fccf839df
1493660590122,1493660591292,near,,903d185fccf839df
1493660590122,1493660591302,near,,903d185fccf839df
1493660590122,1493660591311,near,,903d185fccf839df
1493660590122,1493660591315,near,,903d185fccf839df
1493660590122,1493660591325,near,,903d185fccf839df
1493660590122,1493660591327,near,,903d185fccf839df
1493660590122,1493660591333,near,,903d185fccf839df
1493660590122,1493660591348,near,,903d185fccf839df
1493660590122,1493660591350,near,,903d185fccf839df
1493660590122,1493660591385,near,,903d185fccf839df
1493660590122,1493660591392,near,,903d185fccf839df
1493660590122,1493660591404,near,,903d185fccf839df
1493660590122,1493660591415,near,,903d185fccf839df
1493660590122,1493660591427,near,,903d185fccf839df
1493660590122,1493660591442,near,,903d185fccf839df
1493660590122,1493660591464,near,,903d185fccf839df
1493660590122,1493660591481,near,,903d185fccf839df
1493660590122,1493660591505,near,,903d185fccf839df
1493660590122,1493660591514,near,,903d185fccf839df
1493660590122,1493660591524,near,,903d185fccf839df
1493660590122,1493660591538,near,,903d185fccf839df
1493660590122,1493660591545,near,,903d185fccf839df
1493660590122,1493660591573,near,,903d185fccf839df
1493660590122,1493660591574,near,,903d185fccf839df
1493660590122,1493660591597,near,,903d185fccf839df
1493660590122,1493660591600,near,,903d185fccf839df
1493660590122,1493660591618,near,,903d185fccf839df
1493660590122,1493660591623,near,,903d185fccf839df
1493660590122,1493660591644,near,,903d185fccf839df
1493660590122,1493660591647,near,,903d185fccf839df
1493660590122,1493660591692,near,,903d185fccf839df
1493660590122,1493660591702,near,,903d185fccf839df
1493660590122,1493660591714,near,,903d185fccf839df
1493660590122,1493660591723,near,,903d185fccf839df
1493660590122,1493660591734,near,,903d185fccf839df
1493660590122,1493660591743,near,,903d185fccf839df
1493660590122,1493660591765,near,,903d185fccf839df
1493660590122,1493660591788,near,,903d185fccf839df
1493660590122,1493660591807,near,,903d185fccf839df
1493660590122,1493660591816,near,,903d185fccf839df
1493660590122,1493660591823,near,,903d185fccf839df
1493660590122,1493660591825,near,,903d185fccf839df
1493660590122,1493660591831,near,,903d185fccf839df
1493660590122,1493660591835,near,,903d185fccf839df
1493660590122,1493660591845,near,,903d185fccf839df
1493660590122,1493660591848,near,,903d185fccf839df
1493660590122,1493660591863,near,,903d185fccf839df
1493660590122,1493660591878,near,,903d185fccf839df
1493660590122,1493660591884,near,,903d185fccf839df
1493660590122,1493660591902,near,,903d185fccf839df
1493660590122,1493660591907,near,,903d185fccf839df
1493660590122,1493660591919,near,,903d185fccf839df
1493660590122,1493660591927,near,,903d185fccf839df
1493660590122,1493660591935,near,,903d185fccf839df
1493660590122,1493660591948,near,,903d185fccf839df
1493660590122,1493660591950,near,,903d185fccf839df
1493660590122,1493660591981,near,,903d185fccf839df
1493660590122,1493660591983,near,,903d185fccf839df
1493660590122,1493660592002,near,,903d185fccf839df
1493660590122,1493660592004,near,,903d185fccf839df
1493660590122,1493660592025,near,,903d185fccf839df
1493660590122,1493660592027,near,,903d185fccf839df
1493660590122,1493660592041,near,,903d185fccf839df
1493660590122,1493660592060,near,,903d185fccf839df
1493660590122,1493660592077,near,,903d185fccf839df
1493660590122,1493660592089,near,,903d185fccf839df
1493660590122,1493660592098,near,,903d185fccf839df
1493660590122,1493660592113,near,,903d185fccf839df
1493660590122,1493660592118,near,,903d185fccf839df
1493660590122,1493660592133,near,,903d185fccf839df
1493660590122,1493660592141,near,,903d185fccf839df
1493660590122,1493660592156,near,,903d185fccf839df
1493660590122,1493660592175,near,,903d185fccf839df
1493660590122,1493660592199,near,,903d185fccf839df
1493660590122,1493660592210,near,,903d185fccf839df
1493660590122,1493660592239,near,,903d185fccf839df
1493660590122,1493660592246,near,,903d185fccf839df
1493660590122,1493660592287,near,,903d185fccf839df
1493660590122,1493660592306,near,,903d185fccf839df
1493660590122,1493660592329,near,,903d185fccf839df
1493660590122,1493660592355,near,,903d185fccf839df
1493660590122,1493660592393,near,,903d185fccf839df
1493660590122,1493660592440,near,,903d185fccf839df
1493660590122,1493660592469,near,,903d185fccf839df
1493660590122,1493660592504,near,,903d185fccf839df
1493660590122,1493660592538,near,,903d185fccf839df
1493660590122,1493660592550,near,,903d185fccf839df
1493660590122,1493660592588,near,,903d185fccf839df
1493660590122,1493660592614,near,,903d185fccf839df
1493660590122,1493660592634,near,,903d185fccf839df
1493660590122,1493660592653,near,,903d185fccf839df
1493660590122,1493660592685,near,,903d185fccf839df
1493660590122,1493660592745,near,,903d185fccf839df
1493660590122,1493660592764,near,,903d185fccf839df
1493660590122,1493660592817,near,,903d185fccf839df
1493660590122,1493660592839,near,,903d185fccf839df
1493660590122,1493660592857,near,,903d185fccf839df
1493660590122,1493660592896,near,,903d185fccf839df
1493660590122,1493660592924,near,,903d185fccf839df
1493660590122,1493660592932,near,,903d185fccf839df
1493660590122,1493660592963,near,,903d185fccf839df
1493660590122,1493660592978,near,,903d185fccf839df
1493660590122,1493660593049,near,,903d185fccf839df
1493660590122,1493660593060,near,,903d185fccf839df
1493660590122,1493660593131,near,,903d185fccf839df
1493660590122,1493660593141,near,,903d185fccf839df
1493660590122,1493660593172,near,,903d185fccf839df
1493660590122,1493660593198,near,,903d185fccf839df
1493660590122,1493660593233,near,,903d185fccf839df
1493660590122,1493660593254,near,,903d185fccf839df
1493660590122,1493660593281,near,,903d185fccf839df
1493660590122,1493660593331,near,,903d185fccf839df
1493660590122,1493660593355,near,,903d185fccf839df
1493660590122,1493660593369,near,,903d185fccf839df
1493660590122,1493660593421,near,,903d185fccf839df
1493660590122,1493660593430,near,,903d185fccf839df
1493660590122,1493660593456,near,,903d185fccf839df
1493660590122,1493660593464,near,,903d185fccf839df
1493660590122,1493660593510,near,,903d185fccf839df
1493660590122,1493660593514,near,,903d185fccf839df
1493660590122,1493660593547,near,,903d185fccf839df
1493660590122,1493660593555,near,,903d185fccf839df
1493660590122,1493660593689,near,,903d185fccf839df
1493660590122,1493660593693,near,,903d185fccf839df
1493660590122,1493660593771,near,,903d185fccf839df
1493660590122,1493660593776,near,,903d185fccf839df
1493660590122,1493660593860,near,,903d185fccf839df
1493660590122,1493660593866,near,,903d185fccf839df
1493660590122,1493660593960,near,,903d185fccf839df
1493660590122,1493660593965,near,,903d185fccf839df
1493660590122,1493660594029,near,,903d185fccf839df
1493660590122,1493660594042,near,,903d185fccf839df
1493660590122,1493660594056,near,,903d185fccf839df
1493660590122,1493660594078,near,,903d185fccf839df
1493660590122,1493660594093,near,,903d185fccf839df
1493660590122,1493660594099,near,,903d185fccf839df
1493660590122,1493660594105,near,,903d185fccf839df
1493660590122,1493660594118,near,,903d185fccf839df
1493660590122,1493660594120,near,,903d185fccf839df
1493660590122,1493660594133,near,,903d185fccf839df
1493660590122,1493660594141,near,,903d185fccf839df
1493660590122,1493660594167,near,,903d185fccf839df
1493660590122,1493660594184,near,,903d185fccf839df
1493660590122,1493660594198,near,,903d185fccf839df
1493660590122,1493660594209,near,,903d185fccf839df
1493660590122,1493660594214,near,,903d185fccf839df
1493660590122,1493660594221,near,,903d185fccf839df
1493660590122,1493660594224,near,,903d185fccf839df
1493660590122,1493660594231,near,,903d185fccf839df
1493660590122,1493660594235,near,,903d185fccf839df
1493660590122,1493660594262,near,,903d185fccf839df
1493660590122,1493660594264,near,,903d185fccf839df
1493660590122,1493660594310,near,,903d185fccf839df
1493660590122,1493660594313,near,,903d185fccf839df
1493660590122,1493660594334,near,,903d185fccf839df
1493660590122,1493660594337,near,,903d185fccf839df
1493660590122,1493660594348,near,,903d185fccf839df
1493660590122,1493660594374,near,,903d185fccf839df
1493660590122,1493660594385,near,,903d185fccf839df
1493660590122,1493660594393,near,,903d185fccf839df
1493660590122,1493660594395,near,,903d185fccf839df
1493660590122,1493660594400,near,,903d185fccf839df
1493660590122,1493660594402,near,,903d185fccf839df
1493660590122,1493660594416,near,,903d185fccf839df
1493660590122,1493660594418,near,,903d185fccf839df
1493660590122,1493660594427,near,,903d185fccf839df
1493660590122,1493660594428,near,,903d185fccf839df
1493660590122,1493660594443,near,,903d185fccf839df
1493660590122,1493660594446,near,,903d185fccf839df
1493660590122,1493660594461,near,,903d185fccf839df
1493660590122,1493660594481,near,,903d185fccf839df
1493660590122,1493660594486,near,,903d185fccf839df
1493660590122,1493660594497,near,,903d185fccf839df
1493660590122,1493660594502,near,,903d185fccf839df
1493660590122,1493660594511,near,,903d185fccf839df
1493660590122,1493660594512,near,,903d185fccf839df
1493660590122,1493660594519,near,,903d185fccf839df
1493660590122,1493660594521,near,,903d185fccf839df
1493660590122,1493660594530,near,,903d185fccf839df
1493660590122,1493660594532,near,,903d185fccf839df
1493660590122,1493660594538,near,,903d185fccf839df
1493660590122,1493660594542,near,,903d185fccf839df
1493660590122,1493660594557,near,,903d185fccf839df
1493660590122,1493660594558,near,,903d185fccf839df
1493660590122,1493660594575,near,,903d185fccf839df
1493660590122,1493660594578,near,,903d185fccf839df
1493660590122,1493660594581,near,,903d185fccf839df
1493660590122,1493660594600,near,,903d185fccf839df
1493660590122,1493660594601,near,,903d185fccf839df
1493660590122,1493660594610,near,,903d185fccf839df
1493660590122,1493660594612,near,,903d185fccf839df
1493660590122,1493660594618,near,,903d185fccf839df
1493660590122,1493660594620,near,,903d185fccf839df
1493660590122,1493660594626,near,,903d185fccf839df
1493660590122,1493660594628,near,,903d185fccf839df
1493660590122,1493660594640,near,,903d185fccf839df
1493660590122,1493660594642,near,,903d185fccf839df
1493660590122,1493660594658,near,,903d185fccf839df
1493660590122,1493660594660,near,,903d185fccf839df
1493660590122,1493660594675,near,,903d185fccf839df
1493660590122,1493660594677,near,,903d185fccf839df
1493660590122,1493660594685,near,,903d185fccf839df
1493660590122,1493660594689,near,,903d185fccf839df
1493660590122,1493660594691,near,,903d185fccf839df
1493660590122,1493660594701,near,,903d185fccf839df
1493660590122,1493660594705,near,,903d185fccf839df
1493660590122,1493660594723,near,,903d185fccf839df
1493660590122,1493660594726,near,,903d185fccf839df
1493660590122,1493660594741,near,,903d185fccf839df
1493660590122,1493660594743,near,,903d185fccf839df
1493660590122,1493660594791,near,,903d185fccf839df
1493660590122,1493660594794,near,,903d185fccf839df
1493660590122,1493660594821,near,,903d185fccf839df
1493660590122,1493660594824,near,,903d185fccf839df
1493660590122,1493660594841,near,,903d185fccf839df
1493660590122,1493660594843,near,,903d185fccf839df
1493660590122,1493660594870,near,,903d185fccf839df
1493660590122,1493660594873,near,,903d185fccf839df
1493660590122,1493660594900,near,,903d185fccf839df
1493660590122,1493660594903,near,,903d185fccf839df
1493660590122,1493660594920,near,,903d185fccf839df
1493660590122,1493660594924,near,,903d185fccf839df
1493660590122,1493660594944,near,,903d185fccf839df
1493660590122,1493660594951,near,,903d185fccf839df
1493660590122,1493660594977,near,,903d185fccf839df
1493660590122,1493660594991,near,,903d185fccf839df
1493660590122,1493660595007,near,,903d185fccf839df
1493660590122,1493660595012,near,,903d185fccf839df
1493660590122,1493660595037,near,,903d185fccf839df
1493660590122,1493660595040,near,,903d185fccf839df
1493660590122,1493660595074,near,,903d185fccf839df
1493660590122,1493660595077,near,,903d185fccf839df
1493660590122,1493660595099,near,,903d185fccf839df
1493660590122,1493660595103,near,,903d185fccf839df
1493660590122,1493660595116,near,,903d185fccf839df
1493660590122,1493660595119,near,,903d185fccf839df
1493660590122,1493660595137,near,,903d185fccf839df
1493660590122,1493660595140,near,,903d185fccf839df
1493660590122,1493660595164,near,,903d185fccf839df
1493660590122,1493660595169,near,,903d185fccf839df
1493660590122,1493660595194,near,,903d185fccf839df
1493660590122,1493660595200,near,,903d185fccf839df
1493660590122,1493660595212,near,,903d185fccf839df
1493660590122,1493660595222,near,,903d185fccf839df
1493660590122,1493660595232,near,,903d185fccf839df
1493660590122,1493660595240,near,,903d185fccf839df
1493660590122,1493660595251,near,,903d185fccf839df
1493660590122,1493660595299,near,,903d185fccf839df
1493660590122,1493660595320,near,,903d185fccf839df
1493660590122,1493660595345,near,,903d185fccf839df
1493660590122,1493660595358,near,,903d185fccf839df
1493660590122,1493660595394,near,,903d185fccf839df
1493660590122,1493660595409,near,,903d185fccf839df
1493660590122,1493660595423,near,,903d185fccf839df
1493660590122,1493660595430,near,,903d185fccf839df
1493660590122,1493660595440,near,,903d185fccf839df
1493660590122,1493660595454,near,,903d185fccf839df
1493660590122,1493660595474,near,,903d185fccf839df
1493660590122,1493660595491,near,,903d185fccf839df
1493660590122,1493660595500,near,,903d185fccf839df
1493660590122,1493660595512,near,,903d185fccf839df
1493660590122,1493660595521,near,,903d185fccf839df
1493660590122,1493660595534,near,,903d185fccf839df
1493660590122,1493660595543,near,,903d185fccf839df
1493660590122,1493660595554,near,,903d185fccf839df
1493660590122,1493660595582,near,,903d185fccf839df
1493660590122,1493660595631,near,,903d185fccf839df
1493660590122,1493660595644,near,,903d185fccf839df
1493660590122,1493660595671,near,,903d185fccf839df
1493660590122,1493660595704,near,,903d185fccf839df
1493660590122,1493660595751,near,,903d185fccf839df
1493660590122,1493660595774,near,,903d185fccf839df
1493660590122,1493660595839,near,,903d185fccf839df
1493660590122,1493660595859,near,,903d185fccf839df
1493660590122,1493660595900,near,,903d185fccf839df
1493660590122,1493660595912,near,,903d185fccf839df
1493660590122,1493660595943,near,,903d185fccf839df
1493660590122,1493660595955,near,,903d185fccf839df
1493660590122,1493660595996,near,,903d185fccf839df
1493660590122,1493660596040,near,,903d185fccf839df
1493660590122,1493660596060,near,,903d185fccf839df
1493660590122,1493660596090,near,,903d185fccf839df
1493660590122,1493660596109,near,,903d185fccf839df
1493660590122,1493660596123,near,,903d185fccf839df
1493660590122,1493660596135,near,,903d185fccf839df
1493660590122,1493660596144,near,,903d185fccf839df
1493660590122,1493660596156,near,,903d185fccf839df
1493660590122,1493660596174,near,,903d185fccf839df
1493660590122,1493660596191,near,,903d185fccf839df
1493660590122,1493660596210,near,,903d185fccf839df
1493660590122,1493660596220,near,,903d185fccf839df
1493660590122,1493660596246,near,,903d185fccf839df
1493660590122,1493660596254,near,,903d185fccf839df
1493660590122,1493660596507,near,,903d185fccf839df
1493660590122,1493660596537,near,,903d185fccf839df
1493660590122,1493660596592,near,,903d185fccf839df
1493660590122,1493660596615,near,,903d185fccf839df
1493660590122,1493660596648,near,,903d185fccf839df
1493660590122,1493660596666,near,,903d185fccf839df
1493660590122,1493660596740,near,,903d185fccf839df
1493660590122,1493660596746,near,,903d185fccf839df
1493660590122,1493660596842,near,,903d185fccf839df
1493660590122,1493660596864,near,,903d185fccf839df
1493660590122,1493660596991,near,,903d185fccf839df
1493660590122,1493660597036,near,,903d185fccf839df
1493660590122,1493660597091,near,,903d185fccf839df
1493660590122,1493660597101,near,,903d185fccf839df
1493660590122,1493660597152,near,,903d185fccf839df
1493660590122,1493660597171,near,,903d185fccf839df
1493660590122,1493660597234,near,,903d185fccf839df
1493660590122,1493660597245,near,,903d185fccf839df
1493660590122,1493660597269,near,,903d185fccf839df
1493660590122,1493660597316,near,,903d185fccf839df
1493660590122,1493660597375,near,,903d185fccf839df
1493660590122,1493660597393,near,,903d185fccf839df
1493660590122,1493660597470,near,,903d185fccf839df
1493660590122,1493660597479,near,,903d185fccf839df
1493660590122,1493660597869,near,,903d185fccf839df
1493660590122,1493660597880,near,,903d185fccf839df
1493660590122,1493660598088,near,,903d185fccf839df
1493660590122,1493660598093,near,,903d185fccf839df
1493660590122,1493660598139,near,,903d185fccf839df
1493660590122,1493660598142,near,,903d185fccf839df
1493660590122,1493660598173,near,,903d185fccf839df
1493660590122,1493660598175,near,,903d185fccf839df
1493660590122,1493660598200,near,,903d185fccf839df
1493660590122,1493660598203,near,,903d185fccf839df
1493660590122,1493660598218,near,,903d185fccf839df
1493660590122,1493660598224,near,,903d185fccf839df
1493660590122,1493660598237,near,,903d185fccf839df
1493660590122,1493660598239,near,,903d185fccf839df
1493660590122,1493660598281,near,,903d185fccf839df
1493660590122,1493660598286,near,,903d185fccf839df
1493660590122,1493660598316,near,,903d185fccf839df
1493660590122,1493660598320,near,,903d185fccf839df
1493660590122,1493660598336,near,,903d185fccf839df
1493660590122,1493660598344,near,,903d185fccf839df
1493660590122,1493660598357,near,,903d185fccf839df
1493660590122,1493660598380,near,,903d185fccf839df
1493660590122,1493660598399,near,,903d185fccf839df
1493660590122,1493660598409,near,,903d185fccf839df
1493660590122,1493660598421,near,,903d185fccf839df
1493660590122,1493660598430,near,,903d185fccf839df
1493660590122,1493660598435,near,,903d185fccf839df
1493660590122,1493660598446,near,,903d185fccf839df
1493660590122,1493660598449,near,,903d185fccf839df
1493660590122,1493660598484,near,,903d185fccf839df
1493660590122,1493660598487,near,,903d185fccf839df
1493660590122,1493660598503,near,,903d185fccf839df
1493660590122,1493660598513,near,,903d185fccf839df
1493660590122,1493660598520,near,,903d185fccf839df
1493660590122,1493660598531,near,,903d185fccf839df
1493660590122,1493660598543,near,,903d185fccf839df
1493660590122,1493660598551,near,,903d185fccf839df
1493660590122,1493660598575,near,,903d185fccf839df
1493660590122,1493660598589,near,,903d185fccf839df
1493660590122,1493660598602,near,,903d185fccf839df
1493660590122,1493660598613,near,,903d185fccf839df
1493660590122,1493660598629,near,,903d185fccf839df
1493660590122,1493660598642,near,,903d185fccf839df
1493660590122,1493660598660,near,,903d185fccf839df
1493660590122,1493660598680,near,,903d185fccf839df
1493660590122,1493660598702,near,,903d185fccf839df
1493660590122,1493660598714,near,,903d185fccf839df
1493660590122,1493660598726,near,,903d185fccf839df
1493660590122,1493660598741,near,,903d185fccf839df
1493660590122,1493660598749,near,,903d185fccf839df
1493660590122,1493660598777,near,,903d185fccf839df
1493660590122,1493660598797,near,,903d185fccf839df
1493660590122,1493660598824,near,,903d185fccf839df
1493660590122,1493660598835,near,,903d185fccf839df
1493660590122,1493660598859,near,,903d185fccf839df
1493660590122,1493660598890,near,,903d185fccf839df
1493660590122,1493660598969,near,,903d185fccf839df
1493660590122,1493660599003,near,,903d185fccf839df
1493660590122,1493660599299,near,,903d185fccf839df
1493660590122,1493660599312,near,,903d185fccf839df
1493660590122,1493660599732,near,,903d185fccf839df
1493660590122,1493660599747,near,,903d185fccf839df
1493660590122,1493660599898,near,,903d185fccf839df
1493660590122,1493660599917,near,,903d185fccf839df
1493660590122,1493660599992,near,,903d185fccf839df
1493660590122,1493660599998,near,,903d185fccf839df
1493660590122,1493660600076,near,,903d185fccf839df
1493660590122,1493660600084,near,,903d185fccf839df
1493660590122,1493660600189,near,,903d185fccf839df
1493660590122,1493660600209,near,,903d185fccf839df
1493660590122,1493660600288,near,,903d185fccf839df
1493660590122,1493660600300,near,,903d185fccf839df
1493660590122,1493660600363,near,,903d185fccf839df
1493660590122,1493660600372,near,,903d185fccf839df
1493660590122,1493660600481,near,,903d185fccf839df
1493660590122,1493660600490,near,,903d185fccf839df
1493660590122,1493660600675,near,,903d185fccf839df
1493660590122,1493660600681,near,,903d185fccf839df
1493660590122,1493660600734,near,,903d185fccf839df
1493660590122,1493660600738,near,,903d185fccf839df
1493660590122,1493660600792,near,,903d185fccf839df
1493660590122,1493660600887,near,,903d185fccf839df
1493660590122,1493660600911,near,,903d185fccf839df
1493660590122,1493660600961,near,,903d185fccf839df
1493660590122,1493660600972,near,,903d185fccf839df
1493660590122,1493660602158,near,,903d185fccf839df
1493660590122,1493660602182,near,,903d185fccf839df
1493660590122,1493660602363,near,,903d185fccf839df
1493660590122,1493660602375,near,,903d185fccf839df
1493660590122,1493660602744,near,,903d185fccf839df
1493660590122,1493660602750,near,,903d185fccf839df
1493660590122,1493660602875,near,,903d185fccf839df
1493660590122,1493660602912,near,,903d185fccf839df
1493660590122,1493660603022,near,,903d185fccf839df
1493660590122,1493660603034,near,,903d185fccf839df
1493660590122,1493660603101,near,,903d185fccf839df
1493660590122,1493660603108,near,,903d185fccf839df
1493660590122,1493660603176,near,,903d185fccf839df
1493660590122,1493660603194,near,,903d185fccf839df
1493660590122,1493660603326,near,,903d185fccf839df
1493660590122,1493660603337,near,,903d185fccf839df
1493660590122,1493660603402,near,,903d185fccf839df
1493660590122,1493660603414,near,,903d185fccf839df
1493660590122,1493660603493,near,,903d185fccf839df
1493660590122,1493660603499,near,,903d185fccf839df
1493660590122,1493660603811,near,,903d185fccf839df
1493660590122,1493660603821,near,,903d185fccf839df
1493660590122,1493660604197,near,,903d185fccf839df
1493660590122,1493660604201,near,,903d185fccf839df
1493660590122,1493660605137,near,,903d185fccf839df
1493660590122,1493660605157,near,,903d185fccf839df
1493660590122,1493660606139,near,,903d185fccf839df
1493660590122,1493660606154,near,,903d185fccf839df
1493660590122,1493660607135,near,,903d185fccf839df
1493660590122,1493660607148,near,,903d185fccf839df
1493660590122,1493660608130,near,,903d185fccf839df
1493660590122,1493660608143,near,,903d185fccf839df
1493660590122,1493660609129,near,,903d185fccf839df
1493660590122,1493660609137,near,,903d185fccf839df
1493660590122,1493660610123,near,,903d185fccf839df
1493660590122,1493660610132,near,,903d185fccf839df
1493660590122,1493660611124,near,,903d185fccf839df
1493660590122,1493660611154,near,,903d185fccf839df
1493660590122,1493660612119,near,,903d185fccf839df
1493660590122,1493660612148,near,,903d185fccf839df
1493660590122,1493660613116,near,,903d185fccf839df
1493660590122,1493660613122,near,,903d185fccf839df
1493660590122,1493660614121,near,,903d185fccf839df
1493660590122,1493660614142,near,,903d185fccf839df
1493660590122,1493660615121,near,,903d185fccf839df
1493660590122,1493660615140,near,,903d185fccf839df
1493660590122,1493660616118,near,,903d185fccf839df
1493660590122,1493660616138,near,,903d185fccf839df
1493660590122,1493660617117,near,,903d185fccf839df
1493660590122,1493660617126,near,,903d185fccf839df
1493660590122,1493660618118,near,,903d185fccf839df
1493660590122,1493660618130,near,,903d185fccf839df
1493660590122,1493660619118,near,,903d185fccf839df
1493660590122,1493660619143,near,,903d185fccf839df
1493660590122,1493660620504,near,,903d185fccf839df
1493660590122,1493660620512,near,,903d185fccf839df
1493660590122,1493660621159,near,,903d185fccf839df
1493660590122,1493660621172,near,,903d185fccf839df
1493660590122,1493660623307,near,,903d185fccf839df
1493660590122,1493660623344,near,,903d185fccf839df
1493660590122,1493660623514,near,,903d185fccf839df
1493660590122,1493660624124,near,,903d185fccf839df
1493660590122,1493660624376,near,,903d185fccf839df
1493660590122,1493660625123,near,,903d185fccf839df
1493660590122,1493660625202,near,,903d185fccf839df
1493660590122,1493660626129,near,,903d185fccf839df
1493660590122,1493660626181,near,,903d185fccf839df
1493660590122,1493660627128,near,,903d185fccf839df
1493660590122,1493660627159,near,,903d185fccf839df
1493660590122,1493660628126,near,,903d185fccf839df
1493660590122,1493660628145,near,,903d185fccf839df
1493660590122,1493660629127,near,,903d185fccf839df
1493660590122,1493660629150,near,,903d185fccf839df
1493660590122,1493660630123,near,,903d185fccf839df
1493660590122,1493660630148,near,,903d185fccf839df
1493660590122,1493660631120,near,,903d185fccf839df
1493660590122,1493660631133,near,,903d185fccf839df
1493660590122,1493660632124,near,,903d185fccf839df
1493660590122,1493660632146,near,,903d185fccf839df
1493660590122,1493660633123,near,,903d185fccf839df
1493660590122,1493660633141,near,,903d185fccf839df
1493660590122,1493660634124,near,,903d185fccf839df
1493660590122,1493660634138,near,,903d185fccf839df
1493660590122,1493660635125,near,,903d185fccf839df
1493660590122,1493660635142,near,,903d185fccf839df
1493660590122,1493660636123,near,,903d185fccf839df
1493660590122,1493660636151,near,,903d185fccf839df
1493660590122,1493660637122,near,,903d185fccf839df
1493660590122,1493660637141,near,,903d185fccf839df
1493660590122,1493660638125,near,,903d185fccf839df
1493660590122,1493660638148,near,,903d185fccf839df
1493660590122,1493660639124,near,,903d185fccf839df
1493660590122,1493660639149,near,,903d185fccf839df
1493660590122,1493660640128,near,,903d185fccf839df
1493660590122,1493660640151,near,,903d185fccf839df
1493660590122,1493660641122,near,,903d185fccf839df
1493660590122,1493660641144,near,,903d185fccf839df
1493660590122,1493660642123,near,,903d185fccf839df
1493660590122,1493660642146,near,,903d185fccf839df
1493660590122,1493660643126,near,,903d185fccf839df
1493660590122,1493660643148,near,,903d185fccf839df
1493660590122,1493660644148,near,,903d185fccf839df
1493660590122,1493660644173,near,,903d185fccf839df
1493660590122,1493660645141,near,,903d185fccf839df
1493660590122,1493660645158,near,,903d185fccf839df
1493660590122,1493660646126,near,,903d185fccf839df
1493660590122,1493660646133,near,,903d185fccf839df
1493660590122,1493660647132,near,,903d185fccf839df
1493660590122,1493660647139,near,,903d185fccf839df
1493660590122,1493660648189,near,,903d185fccf839df
1493660590122,1493660648210,near,,903d185fccf839df
1493660590122,1493660649126,near,,903d185fccf839df
1493660590122,1493660649132,near,,903d185fccf839df
1493660590122,1493660650121,near,,903d185fccf839df
1493660590122,1493660650127,near,,903d185fccf839df
1493660590122,1493660651122,near,,903d185fccf839df
1493660590122,1493660651135,near,,903d185fccf839df
1493660590122,1493660652125,near,,903d185fccf839df
1493660590122,1493660652145,near,,903d185fccf839df
1493660590122,1493660655237,near,,903d185fccf839df
1493660590122,1493660655242,near,,903d185fccf839df
1493660590122,1493660655982,near,,903d185fccf839df
1493660590122,1493660655989,near,,903d185fccf839df
1493660590122,1493660656978,near,,903d185fccf839df
1493660590122,1493660657017,near,,903d185fccf839df
1493660590122,1493660657977,near,,903d185fccf839df
1493660590122,1493660658005,near,,903d185fccf839df
1493660590122,1493660658977,near,,903d185fccf839df
1493660590122,1493660658989,near,,903d185fccf839df
1493660590122,1493660659977,near,,903d185fccf839df
1493660590122,1493660659988,near,,903d185fccf839df
1493660590122,1493660660977,near,,903d185fccf839df
1493660590122,1493660660989,near,,903d185fccf839df
1493660590122,1493660661977,near,,903d185fccf839df
1493660590122,1493660662007,near,,903d185fccf839df
1493660590122,1493660662977,near,,903d185fccf839df
1493660590122,1493660663049,near,,903d185fccf839df
1493660590122,1493660663981,near,,903d185fccf839df
1493660590122,1493660664058,near,,903d185fccf839df
1493660590122,1493660664977,near,,903d185fccf839df
1493660590122,1493660665070,near,,903d185fccf839df
1493660590122,1493660665976,near,,903d185fccf839df
1493660590122,1493660666001,near,,903d185fccf839df
1493660590122,1493660666976,near,,903d185fccf839df
1493660590122,1493660666998,near,,903d185fccf839df
1493660590122,1493660667976,near,,903d185fccf839df
1493660590122,1493660667991,near,,903d185fccf839df
1493660590122,1493660668990,near,,903d185fccf839df
1493660590122,1493660669012,near,,903d185fccf839df
1493660590122,1493660670113,near,,903d185fccf839df
1493660590122,1493660670139,near,,903d185fccf839df
1493660590122,1493660670976,near,,903d185fccf839df
1493660590122,1493660671021,near,,903d185fccf839df
1493660590122,1493660671980,near,,903d185fccf839df
1493660590122,1493660672001,near,,903d185fccf839df
1493660590122,1493660673017,near,,903d185fccf839df
1493660590122,1493660673045,near,,903d185fccf839df
1493660590122,1493660673978,near,,903d185fccf839df
1493660590122,1493660674003,near,,903d185fccf839df
1493660590122,1493660674989,near,,903d185fccf839df
1493660590122,1493660675083,near,,903d185fccf839df
1493660590122,1493660675976,near,,903d185fccf839df
1493660590122,1493660676000,near,,903d185fccf839df
1493660590122,1493660676981,near,,903d185fccf839df
1493660590122,1493660677002,near,,903d185fccf839df
1493660590122,1493660677976,near,,903d185fccf839df
1493660590122,1493660677994,near,,903d185fccf839df
1493660590122,1493660678990,near,,903d185fccf839df
1493660590122,1493660679040,near,,903d185fccf839df
1493660590122,1493660679978,near,,903d185fccf839df
1493660590122,1493660680010,near,,903d185fccf839df
1493660590122,1493660680976,near,,903d185fccf839df
1493660590122,1493660680993,near,,903d185fccf839df
1493660590122,1493660681989,near,,903d185fccf839df
1493660590122,1493660682028,near,,903d185fccf839df
1493660590122,1493660682986,near,,903d185fccf839df
1493660590122,1493660683002,near,,903d185fccf839df
1493660590122,1493660683976,near,,903d185fccf839df
1493660590122,1493660684002,near,,903d185fccf839df
1493660590122,1493660684978,near,,903d185fccf839df
1493660590122,1493660685012,near,,903d185fccf839df
1493660590122,1493660685977,near,,903d185fccf839df
1493660590122,1493660686000,near,,903d185fccf839df
1493660590122,1493660687000,near,,903d185fccf839df
1493660590122,1493660687079,near,,903d185fccf839df
1493660590122,1493660687980,near,,903d185fccf839df
1493660590122,1493660687996,near,,903d185fccf839df
1493660590122,1493660688976,near,,903d185fccf839df
1493660590122,1493660689008,near,,903d185fccf839df
1493660590122,1493660689978,near,,903d185fccf839df
1493660590122,1493660690003,near,,903d185fccf839df
1493660590122,1493660690976,near,,903d185fccf839df
1493660590122,1493660691000,near,,903d185fccf839df
1493660590122,1493660691983,near,,903d185fccf839df
1493660590122,1493660692119,near,,903d185fccf839df
1493660590122,1493660692990,near,,903d185fccf839df
1493660590122,1493660693101,near,,903d185fccf839df
1493660590122,1493660693990,near,,903d185fccf839df
1493660590122,1493660694102,near,,903d185fccf839df
1493660590122,1493660694976,near,,903d185fccf839df
1493660590122,1493660695033,near,,903d185fccf839df
1493660590122,1493660695975,near,,903d185fccf839df
1493660590122,1493660695994,near,,903d185fccf839df
1493660590122,1493660696976,near,,903d185fccf839df
1493660590122,1493660696996,near,,903d185fccf839df
1493660590122,1493660697976,near,,903d185fccf839df
1493660590122,1493660697993,near,,903d185fccf839df
1493660590122,1493660698976,near,,903d185fccf839df
1493660590122,1493660699002,near,,903d185fccf839df
1493660590122,1493660699989,near,,903d185fccf839df
1493660590122,1493660700050,near,,903d185fccf839df
1493660590122,1493660700986,near,,903d185fccf839df
1493660590122,1493660701021,near,,903d185fccf839df
1493660590122,1493660701975,near,,903d185fccf839df
1493660590122,1493660701980,near,,903d185fccf839df
1493660590122,1493660702976,near,,903d185fccf839df
1493660590122,1493660702989,near,,903d185fccf839df
1493660590122,1493660703978,near,,903d185fccf839df
1493660590122,1493660703990,near,,903d185fccf839df
1493660590122,1493660704982,near,,903d185fccf839df
1493660590122,1493660705033,near,,903d185fccf839df
1493660590122,1493660705976,near,,903d185fccf839df
1493660590122,1493660705991,near,,903d185fccf839df
1493660590122,1493660706977,near,,903d185fccf839df
1493660590122,1493660707013,near,,903d185fccf839df
1493660590122,1493660707975,near,,903d185fccf839df
1493660590122,1493660707985,near,,903d185fccf839df
1493660590122,1493660708976,near,,903d185fccf839df
1493660590122,1493660708993,near,,903d185fccf839df
1493660590122,1493660709978,near,,903d185fccf839df
1493660590122,1493660709996,near,,903d185fccf839df
1493660590122,1493660710977,near,,903d185fccf839df
1493660590122,1493660710992,near,,903d185fccf839df
1493660590122,1493660711976,near,,903d185fccf839df
1493660590122,1493660711985,near,,903d185fccf839df
1493660590122,1493660712978,near,,903d185fccf839df
1493660590122,1493660713179,near,,903d185fccf839df
1493660590122,1493660713978,near,,903d185fccf839df
1493660590122,1493660714016,near,,903d185fccf839df
1493660590122,1493660714977,near,,903d185fccf839df
1493660590122,1493660714994,near,,903d185fccf839df
1493660590122,1493660715976,near,,903d185fccf839df
1493660590122,1493660715989,near,,903d185fccf839df
1493660590122,1493660716980,near,,903d185fccf839df
1493660590122,1493660717007,near,,903d185fccf839df
1493660590122,1493660717976,near,,903d185fccf839df
1493660590122,1493660717999,near,,903d185fccf839df
1493660590122,1493660718977,near,,903d185fccf839df
1493660590122,1493660718995,near,,903d185fccf839df
1493660590122,1493660719976,near,,903d185fccf839df
1493660590122,1493660719996,near,,903d185fccf839df
1493660590122,1493660720985,near,,903d185fccf839df
1493660590122,1493660721013,near,,903d185fccf839df
1493660590122,1493660721976,near,,903d185fccf839df
1493660590122,1493660721993,near,,903d185fccf839df
1493660590122,1493660722977,near,,903d185fccf839df
1493660590122,1493660723000,near,,903d185fccf839df
1493660590122,1493660723997,near,,903d185fccf839df
1493660590122,1493660724105,near,,903d185fccf839df
1493660590122,1493660724977,near,,903d185fccf839df
1493660590122,1493660725061,near,,903d185fccf839df
1493660590122,1493660725976,near,,903d185fccf839df
1493660590122,1493660725998,near,,903d185fccf839df
1493660590122,1493660727001,near,,903d185fccf839df
1493660590122,1493660727052,near,,903d185fccf839df
1493660590122,1493660728315,near,,903d185fccf839df
1493660590122,1493660728325,near,,903d185fccf839df
1493660590122,1493660729059,near,,903d185fccf839df
1493660590122,1493660729069,near,,903d185fccf839df
1493660590122,1493660729976,near,,903d185fccf839df
1493660590122,1493660729992,near,,903d185fccf839df
1493660590122,1493660730977,near,,903d185fccf839df
1493660590122,1493660731002,near,,903d185fccf839df
1493660590122,1493660731979,near,,903d185fccf839df
1493660590122,1493660732068,near,,903d185fccf839df
1493660590122,1493660732977,near,,903d185fccf839df
1493660590122,1493660733003,near,,903d185fccf839df
1493660590122,1493660733976,near,,903d185fccf839df
1493660590122,1493660733992,near,,903d185fccf839df
1493660590122,1493660734979,near,,903d185fccf839df
1493660590122,1493660735000,near,,903d185fccf839df
1493660590122,1493660735985,near,,903d185fccf839df
1493660590122,1493660736021,near,,903d185fccf839df
1493660590122,1493660736983,near,,903d185fccf839df
1493660590122,1493660737090,near,,903d185fccf839df
1493660590122,1493660737991,near,,903d185fccf839df
1493660590122,1493660738069,near,,903d185fccf839df
1493660590122,1493660738976,near,,903d185fccf839df
1493660590122,1493660738984,near,,903d185fccf839df
1493660590122,1493660739976,near,,903d185fccf839df
1493660590122,1493660739989,near,,903d185fccf839df
1493660590122,1493660740976,near,,903d185fccf839df
1493660590122,1493660741000,near,,903d185fccf839df
1493660590122,1493660741976,near,,903d185fccf839df
1493660590122,1493660741994,near,,903d185fccf839df
1493660590122,1493660742983,near,,903d185fccf839df
1493660590122,1493660743090,near,,903d185fccf839df
1493660590122,1493660743979,near,,903d185fccf839df
1493660590122,1493660744004,near,,903d185fccf839df
1493660590122,1493660744976,near,,903d185fccf839df
1493660590122,1493660744994,near,,903d185fccf839df
1493660590122,1493660745999,near,,903d185fccf839df
1493660590122,1493660746101,near,,903d185fccf839df
1493660590122,1493660746979,near,,903d185fccf839df
1493660590122,1493660747003,near,,903d185fccf839df
1493660590122,1493660747153,near,,903d185fccf839df
1493660590122,1493660747188,near,,903d185fccf839df
1493660590122,1493660748148,near,,903d185fccf839df
1493660590122,1493660748174,near,,903d185fccf839df
1493660590122,1493660749155,near,,903d185fccf839df
1493660590122,1493660749172,near,,903d185fccf839df
1493660590122,1493660750204,near,,903d185fccf839df
1493660590122,1493660750213,near,,903d185fccf839df
1493660590122,1493660751151,near,,903d185fccf839df
1493660590122,1493660751179,near,,903d185fccf839df
1493660590122,1493660752153,near,,903d185fccf839df
1493660590122,1493660752181,near,,903d185fccf839df
1493660590122,1493660753148,near,,903d185fccf839df
1493660590122,1493660753170,near,,903d185fccf839df
1493660590122,1493660754149,near,,903d185fccf839df
1493660590122,1493660754178,near,,903d185fccf839df
1493660590122,1493660755150,near,,903d185fccf839df
1493660590122,1493660755175,near,,903d185fccf839df
1493660590122,1493660756156,near,,903d185fccf839df
1493660590122,1493660756271,near,,903d185fccf839df
1493660590122,1493660757150,near,,903d185fccf839df
1493660590122,1493660757178,near,,903d185fccf839df
1493660590122,1493660758161,near,,903d185fccf839df
1493660590122,1493660758197,near,,903d185fccf839df
1493660590122,1493660759150,near,,903d185fccf839df
1493660590122,1493660759173,near,,903d185fccf839df
1493660590122,1493660760164,near,,903d185fccf839df
1493660590122,1493660760272,near,,903d185fccf839df
1493660590122,1493660761154,near,,903d185fccf839df
1493660590122,1493660761182,near,,903d185fccf839df
1493660590122,1493660762156,near,,903d185fccf839df
1493660590122,1493660762185,near,,903d185fccf839df
1493660590122,1493660763166,near,,903d185fccf839df
1493660590122,1493660763291,near,,903d185fccf839df
1493660590122,1493660764149,near,,903d185fccf839df
1493660590122,1493660764171,near,,903d185fccf839df
1493660590122,1493660765150,near,,903d185fccf839df
1493660590122,1493660765176,near,,903d185fccf839df
1493660590122,1493660766747,near,,903d185fccf839df
1493660590122,1493660766775,near,,903d185fccf839df
1493660590122,1493660767747,near,,903d185fccf839df
1493660590122,1493660767771,near,,903d185fccf839df
1493660590122,1493660768825,near,,903d185fccf839df
1493660590122,1493660768833,near,,903d185fccf839df
1493660590122,1493660769748,near,,903d185fccf839df
1493660590122,1493660769764,near,,903d185fccf839df
1493660590122,1493660770762,near,,903d185fccf839df
1493660590122,1493660770848,near,,903d185fccf839df
1493660590122,1493660771781,near,,903d185fccf839df
1493660590122,1493660771841,near,,903d185fccf839df
1493660590122,1493660772744,near,,903d185fccf839df
1493660590122,1493660772762,near,,903d185fccf839df
1493660590122,1493660773746,near,,903d185fccf839df
1493660590122,1493660773775,near,,903d185fccf839df
1493660590122,1493660774745,near,,903d185fccf839df
1493660590122,1493660774762,near,,903d185fccf839df
1493660590122,1493660775745,near,,903d185fccf839df
1493660590122,1493660775761,near,,903d185fccf839df
1493660590122,1493660776745,near,,903d185fccf839df
1493660590122,1493660776760,near,,903d185fccf839df
1493660590122,1493660777748,near,,903d185fccf839df
1493660590122,1493660777769,near,,903d185fccf839df
1493660590122,1493660778746,near,,903d185fccf839df
1493660590122,1493660778779,near,,903d185fccf839df
1493660590122,1493660779745,near,,903d185fccf839df
1493660590122,1493660779772,near,,903d185fccf839df
1493660590122,1493660780745,near,,903d185fccf839df
1493660590122,1493660780756,near,,903d185fccf839df
1493660590122,1493660781748,near,,903d185fccf839df
1493660590122,1493660781770,near,,903d185fccf839df
1493660590122,1493660782747,near,,903d185fccf839df
1493660590122,1493660782770,near,,903d185fccf839df
1493660590122,1493660784043,near,,903d185fccf839df
1493660590122,1493660784061,near,,903d185fccf839df
1493660590122,1493660785052,near,,903d185fccf839df
1493660590122,1493660785147,near,,903d185fccf839df
1493660590122,1493660786037,near,,903d185fccf839df
1493660590122,1493660786058,near,,903d185fccf839df
1493660590122,1493660787256,near,,903d185fccf839df
1493660590122,1493660787292,near,,903d185fccf839df
1493660590122,1493660788051,near,,903d185fccf839df
1493660590122,1493660788078,near,,903d185fccf839df
1493660590122,1493660789058,near,,903d185fccf839df
1493660590122,1493660789112,near,,903d185fccf839df
1493660590122,1493660790325,near,,903d185fccf839df
1493660590122,1493660790352,near,,903d185fccf839df
1493660590122,1493660791144,near,,903d185fccf839df
1493660590122,1493660791179,near,,903d185fccf839df
1493660590122,1493660792036,near,,903d185fccf839df
1493660590122,1493660792067,near,,903d185fccf839df
1493660590122,1493660793041,near,,903d185fccf839df
1493660590122,1493660793064,near,,903d185fccf839df
1493660590122,1493660794040,near,,903d185fccf839df
1493660590122,1493660794063,near,,903d185fccf839df
1493660590122,1493660795139,near,,903d185fccf839df
1493660590122,1493660795350,near,,903d185fccf839df
1493660590122,1493660796046,near,,903d185fccf839df
1493660590122,1493660796170,near,,903d185fccf839df
1493660590122,1493660797037,near,,903d185fccf839df
1493660590122,1493660797102,near,,903d185fccf839df
1493660590122,1493660798043,near,,903d185fccf839df
1493660590122,1493660798083,near,,903d185fccf839df
1493660590122,1493660799037,near,,903d185fccf839df
1493660590122,1493660799044,near,,903d185fccf839df
1493660590122,1493660800036,near,,903d185fccf839df
1493660590122,1493660800048,near,,903d185fccf839df
1493660590122,1493660801038,near,,903d185fccf839df
1493660590122,1493660801050,near,,903d185fccf839df
1493660590122,1493660802040,near,,903d185fccf839df
1493660590122,1493660802062,near,,903d185fccf839df
1493660590122,1493660803038,near,,903d185fccf839df
1493660590122,1493660803061,near,,903d185fccf839df
1493660590122,1493660804055,near,,903d185fccf839df
1493660590122,1493660804171,near,,903d185fccf839df
1493660590122,1493660805043,near,,903d185fccf839df
1493660590122,1493660805075,near,,903d185fccf839df
1493660590122,1493660806048,near,,903d185fccf839df
1493660590122,1493660806166,near,,903d185fccf839df
1493660590122,1493660807037,near,,903d185fccf839df
1493660590122,1493660807135,near,,903d185fccf839df
1493660590122,1493660808040,near,,903d185fccf839df
1493660590122,1493660808064,near,,903d185fccf839df
1493660590122,1493660809040,near,,903d185fccf839df
1493660590122,1493660809066,near,,903d185fccf839df
1493660590122,1493660810109,near,,903d185fccf839df
1493660590122,1493660810163,near,,903d185fccf839df
1493660590122,1493660811037,near,,903d185fccf839df
1493660590122,1493660811068,near,,903d185fccf839df
1493660590122,1493660812045,near,,903d185fccf839df
1493660590122,1493660812123,near,,903d185fccf839df
1493660590122,1493660813039,near,,903d185fccf839df
1493660590122,1493660813064,near,,903d185fccf839df
1493660590122,1493660814039,near,,903d185fccf839df
1493660590122,1493660814069,near,,903d185fccf839df
1493660590122,1493660815044,near,,903d185fccf839df
1493660590122,1493660815197,near,,903d185fccf839df
1493660590122,1493660816038,near,,903d185fccf839df
1493660590122,1493660816064,near,,903d185fccf839df
1493660590122,1493660817040,near,,903d185fccf839df
1493660590122,1493660817064,near,,903d185fccf839df
1493660590122,1493660818083,near,,903d185fccf839df
1493660590122,1493660818174,near,,903d185fccf839df
1493660590122,1493660819045,near,,903d185fccf839df
1493660590122,1493660819074,near,,903d185fccf839df
1493660590122,1493660820045,near,,903d185fccf839df
1493660590122,1493660820067,near,,903d185fccf839df
1493660590122,1493660823305,near,,903d185fccf839df
1493660590122,1493660823312,near,,903d185fccf839df
1493660590122,1493660824330,near,,903d185fccf839df
1493660590122,1493660824404,near,,903d185fccf839df
1493660590122,1493660825306,near,,903d185fccf839df
1493660590122,1493660825321,near,,903d185fccf839df
1493660590122,1493660826317,near,,903d185fccf839df
1493660590122,1493660826466,near,,903d185fccf839df
1493660590122,1493660827306,near,,903d185fccf839df
1493660590122,1493660827371,near,,903d185fccf839df
1493660590122,1493660828309,near,,903d185fccf839df
1493660590122,1493660828380,near,,903d185fccf839df
1493660590122,1493660829266,near,,903d185fccf839df
1493660590122,1493660829288,near,,903d185fccf839df
1493660590122,1493660830948,near,,903d185fccf839df
1493660590122,1493660830982,near,,903d185fccf839df
1493660590122,1493660831939,near,,903d185fccf839df
1493660590122,1493660831955,near,,903d185fccf839df
1493660590122,1493660832940,near,,903d185fccf839df
1493660590122,1493660832959,near,,903d185fccf839df
1493660590122,1493660833942,near,,903d185fccf839df
1493660590122,1493660833958,near,,903d185fccf839df
1493660590122,1493660834939,near,,903d185fccf839df
1493660590122,1493660834955,near,,903d185fccf839df
1493660590122,1493660835942,near,,903d185fccf839df
1493660590122,1493660835964,near,,903d185fccf839df
1493660590122,1493660836939,near,,903d185fccf839df
1493660590122,1493660836959,near,,903d185fccf839df
1493660590122,1493660837939,near,,903d185fccf839df
1493660590122,1493660837959,near,,903d185fccf839df
1493660590122,1493660838942,near,,903d185fccf839df
1493660590122,1493660838962,near,,903d185fccf839df
1493660590122,1493660839952,near,,903d185fccf839df
1493660590122,1493660840016,near,,903d185fccf839df
1493660590122,1493660840941,near,,903d185fccf839df
1493660590122,1493660840964,near,,903d185fccf839df
1493660590122,1493660841939,near,,903d185fccf839df
1493660590122,1493660841958,near,,903d185fccf839df
1493660590122,1493660842939,near,,903d185fccf839df
1493660590122,1493660842963,near,,903d185fccf839df
1493660590122,1493660843940,near,,903d185fccf839df
1493660590122,1493660843961,near,,903d185fccf839df
1493660590122,1493660844940,near,,903d185fccf839df
1493660590122,1493660844962,near,,903d185fccf839df
1493660590122,1493660845939,near,,903d185fccf839df
1493660590122,1493660845975,near,,903d185fccf839df
1493660590122,1493660846939,near,,903d185fccf839df
1493660590122,1493660846976,near,,903d185fccf839df
1493660590122,1493660847940,near,,903d185fccf839df
1493660590122,1493660847981,near,,903d185fccf839df
1493660590122,1493660848940,near,,903d185fccf839df
1493660590122,1493660848959,near,,903d185fccf839df
1493660590122,1493660849947,near,,903d185fccf839df
1493660590122,1493660849985,near,,903d185fccf839df
1493660590122,1493660850949,near,,903d185fccf839df
1493660590122,1493660850969,near,,903d185fccf839df
1493660590122,1493660851940,near,,903d185fccf839df
1493660590122,1493660851960,near,,903d185fccf839df
1493660590122,1493660852954,near,,903d185fccf839df
1493660590122,1493660853025,near,,903d185fccf839df
1493660590122,1493660853940,near,,903d185fccf839df
1493660590122,1493660853956,near,,903d185fccf839df
1493660590122,1493660854939,near,,903d185fccf839df
1493660590122,1493660854962,near,,903d185fccf839df
1493660590122,1493660855939,near,,903d185fccf839df
1493660590122,1493660855961,near,,903d185fccf839df
1493660590122,1493660856939,near,,903d185fccf839df
1493660590122,1493660857014,near,,903d185fccf839df
1493660590122,1493660857939,near,,903d185fccf839df
1493660590122,1493660857960,near,,903d185fccf839df
1493660590122,1493660858939,near,,903d185fccf839df
1493660590122,1493660858959,near,,903d185fccf839df
1493660590122,1493660859957,near,,903d185fccf839df
1493660590122,1493660860025,near,,903d185fccf839df
1493660590122,1493660860948,near,,903d185fccf839df
1493660590122,1493660861043,near,,903d185fccf839df
1493660590122,1493660861947,near,,903d185fccf839df
1493660590122,1493660861961,near,,903d185fccf839df
1493660590122,1493660865507,near,,903d185fccf839df
1493660590122,1493660866073,near,,903d185fccf839df
1493660590122,1493660873048,near,,903d185fccf839df
1493660590122,1493660873186,near,,903d185fccf839df
1493660590122,1493660875353,near,,903d185fccf839df
1493660590122,1493660875379,near,,903d185fccf839df
1493660590122,1493660875947,near,,903d185fccf839df
1493660590122,1493660876066,near,,903d185fccf839df
1493660590122,1493660876925,near,,903d185fccf839df
1493660590122,1493660876959,near,,903d185fccf839df
1493660590122,1493660877927,near,,903d185fccf839df
1493660590122,1493660877990,near,,903d185fccf839df
1493660590122,1493660878925,near,,903d185fccf839df
1493660590122,1493660878944,near,,903d185fccf839df
1493660590122,1493660879933,near,,903d185fccf839df
1493660590122,1493660879979,near,,903d185fccf839df
1493660590122,1493660880931,near,,903d185fccf839df
1493660590122,1493660881017,near,,903d185fccf839df
1493660590122,1493660881925,near,,903d185fccf839df
1493660590122,1493660881951,near,,903d185fccf839df
1493660590122,1493660882953,near,,903d185fccf839df
1493660590122,1493660883011,near,,903d185fccf839df
1493660590122,1493660884244,near,,903d185fccf839df
1493660590122,1493660884266,near,,903d185fccf839df
1493660590122,1493660885243,near,,903d185fccf839df
1493660590122,1493660885263,near,,903d185fccf839df
1493660590122,1493660886242,near,,903d185fccf839df
1493660590122,1493660886259,near,,903d185fccf839df
1493660590122,1493660887244,near,,903d185fccf839df
1493660590122,1493660887269,near,,903d185fccf839df
1493660590122,1493660888243,near,,903d185fccf839df
1493660590122,1493660888262,near,,903d185fccf839df
1493660590122,1493660889243,near,,903d185fccf839df
1493660590122,1493660889274,near,,903d185fccf839df
1493660590122,1493660890273,near,,903d185fccf839df
1493660590122,1493660890357,near,,903d185fccf839df
1493660590122,1493660891248,near,,903d185fccf839df
1493660590122,1493660891265,near,,903d185fccf839df
1493660590122,1493660892245,near,,903d185fccf839df
1493660590122,1493660892274,near,,903d185fccf839df
1493660590122,1493660893258,near,,903d185fccf839df
1493660590122,1493660893296,near,,903d185fccf839df
1493660590122,1493660894244,near,,903d185fccf839df
1493660590122,1493660894271,near,,903d185fccf839df
1493660590122,1493660895243,near,,903d185fccf839df
1493660590122,1493660895259,near,,903d185fccf839df
1493660590122,1493660896298,near,,903d185fccf839df
1493660590122,1493660896347,near,,903d185fccf839df
1493660590122,1493660897255,near,,903d185fccf839df
1493660590122,1493660897273,near,,903d185fccf839df
1493660590122,1493660898181,near,,903d185fccf839df
1493660590122,1493660898203,near,,903d185fccf839df
1493660590122,1493660899063,near,,903d185fccf839df
1493660590122,1493660899071,near,,903d185fccf839df
1493660590122,1493660899899,near,,903d185fccf839df
1493660590122,1493660899914,near,,903d185fccf839df
1493660590122,1493660900871,near,,903d185fccf839df
1493660590122,1493660900948,near,,903d185fccf839df
1493660590122,1493660902150,near,,903d185fccf839df
1493660590122,1493660902192,near,,903d185fccf839df
1493660590122,1493660902923,near,,903d185fccf839df
1493660590122,1493660903012,near,,903d185fccf839df
1493660590122,1493660903869,near,,903d185fccf839df
1493660590122,1493660903903,near,,903d185fccf839df
1493660590122,1493660904868,near,,903d185fccf839df
1493660590122,1493660904886,near,,903d185fccf839df
1493660590122,1493660905868,near,,903d185fccf839df
1493660590122,1493660905883,near,,903d185fccf839df
1493660590122,1493660906895,near,,903d185fccf839df
1493660590122,1493660906953,near,,903d185fccf839df
1493660590122,1493660907869,near,,903d185fccf839df
1493660590122,1493660907897,near,,903d185fccf839df
1493660590122,1493660908869,near,,903d185fccf839df
1493660590122,1493660908887,near,,903d185fccf839df
1493660590122,1493660909869,near,,903d185fccf839df
1493660590122,1493660909889,near,,903d185fccf839df
1493660590122,1493660910868,near,,903d185fccf839df
1493660590122,1493660910884,near,,903d185fccf839df
1493660590122,1493660911886,near,,903d185fccf839df
1493660590122,1493660911947,near,,903d185fccf839df
1493660590122,1493660912868,near,,903d185fccf839df
1493660590122,1493660912885,near,,903d185fccf839df
1493660590122,1493660913877,near,,903d185fccf839df
1493660590122,1493660913896,near,,903d185fccf839df
1493660590122,1493660914870,near,,903d185fccf839df
1493660590122,1493660914895,near,,903d185fccf839df
1493660590122,1493660915874,near,,903d185fccf839df
1493660590122,1493660915909,near,,903d185fccf839df
1493660590122,1493660916870,near,,903d185fccf839df
1493660590122,1493660916895,near,,903d185fccf839df
1493660590122,1493660917872,near,,903d185fccf839df
1493660590122,1493660917894,near,,903d185fccf839df
1493660590122,1493660918884,near,,903d185fccf839df
1493660590122,1493660918971,near,,903d185fccf839df
1493660590122,1493660919901,near,,903d185fccf839df
1493660590122,1493660919937,near,,903d185fccf839df
1493660590122,1493660920872,near,,903d185fccf839df
1493660590122,1493660920888,near,,903d185fccf839df
1493660590122,1493660921869,near,,903d185fccf839df
1493660590122,1493660921889,near,,903d185fccf839df
1493660590122,1493660922869,near,,903d185fccf839df
1493660590122,1493660922894,near,,903d185fccf839df
1493660590122,1493660923886,near,,903d185fccf839df
1493660590122,1493660923949,near,,903d185fccf839df
1493660590122,1493660924874,near,,903d185fccf839df
1493660590122,1493660924933,near,,903d185fccf839df
1493660590122,1493660925869,near,,903d185fccf839df
1493660590122,1493660925894,near,,903d185fccf839df
1493660590122,1493660926869,near,,903d185fccf839df
1493660590122,1493660926888,near,,903d185fccf839df
1493660590122,1493660927884,near,,903d185fccf839df
1493660590122,1493660927972,near,,903d185fccf839df
1493660590122,1493660928871,near,,903d185fccf839df
1493660590122,1493660928898,near,,903d185fccf839df
1493660590122,1493660929869,near,,903d185fccf839df
1493660590122,1493660929890,near,,903d185fccf839df
1493660590122,1493660930872,near,,903d185fccf839df
1493660590122,1493660930893,near,,903d185fccf839df
1493660590122,1493660931868,near,,903d185fccf839df
1493660590122,1493660931886,near,,903d185fccf839df
1493660590122,1493660932868,near,,903d185fccf839df
1493660590122,1493660932888,near,,903d185fccf839df
1493660590122,1493660933872,near,,903d185fccf839df
1493660590122,1493660933896,near,,903d185fccf839df
1493660590122,1493660934889,near,,903d185fccf839df
1493660590122,1493660934916,near,,903d185fccf839df
1493660590122,1493660935869,near,,903d185fccf839df
1493660590122,1493660935890,near,,903d185fccf839df
1493660590122,1493660936869,near,,903d185fccf839df
1493660590122,1493660936889,near,,903d185fccf839df
1493660590122,1493660937869,near,,903d185fccf839df
1493660590122,1493660937891,near,,903d185fccf839df
1493660590122,1493660938892,near,,903d185fccf839df
1493660590122,1493660938929,near,,903d185fccf839df
1493660590122,1493660939885,near,,903d185fccf839df
1493660590122,1493660939965,near,,903d185fccf839df
1493660590122,1493660940869,near,,903d185fccf839df
1493660590122,1493660940940,near,,903d185fccf839df
1493660590122,1493660941880,near,,903d185fccf839df
1493660590122,1493660941973,near,,903d185fccf839df
1493660590122,1493660942871,near,,903d185fccf839df
1493660590122,1493660942989,near,,903d185fccf839df
1493660590122,1493660943870,near,,903d185fccf839df
1493660590122,1493660943894,near,,903d185fccf839df
1493660590122,1493660944870,near,,903d185fccf839df
1493660590122,1493660944888,near,,903d185fccf839df
1493660590122,1493660945893,near,,903d185fccf839df
1493660590122,1493660945921,near,,903d185fccf839df
1493660590122,1493660946882,near,,903d185fccf839df
1493660590122,1493660947239,near,,903d185fccf839df
1493660590122,1493660948093,near,,903d185fccf839df
1493660590122,1493660948171,near,,903d185fccf839df
1493660590122,1493660948880,near,,903d185fccf839df
1493660590122,1493660948932,near,,903d185fccf839df
1493660590122,1493660949871,near,,903d185fccf839df
1493660590122,1493660949885,near,,903d185fccf839df
1493660590122,1493660950883,near,,903d185fccf839df
1493660590122,1493660950984,near,,903d185fccf839df
1493660590122,1493660952176,near,,903d185fccf839df
1493660590122,1493660952211,near,,903d185fccf839df
1493660590122,1493660952941,near,,903d185fccf839df
1493660590122,1493660952977,near,,903d185fccf839df
1493660590122,1493660953869,near,,903d185fccf839df
1493660590122,1493660953894,near,,903d185fccf839df
1493660590122,1493660954868,near,,903d185fccf839df
1493660590122,1493660954895,near,,903d185fccf839df
1493660590122,1493660955879,near,,903d185fccf839df
1493660590122,1493660955920,near,,903d185fccf839df
1493660590122,1493660956872,near,,903d185fccf839df
1493660590122,1493660956890,near,,903d185fccf839df
1493660590122,1493660957921,near,,903d185fccf839df
1493660590122,1493660957937,near,,903d185fccf839df
1493660590122,1493660958986,near,,903d185fccf839df
1493660590122,1493660959028,near,,903d185fccf839df
1493660590122,1493660959923,near,,903d185fccf839df
1493660590122,1493660959953,near,,903d185fccf839df
1493660590122,1493660962598,near,,903d185fccf839df
1493660590122,1493660962608,near,,903d185fccf839df
1493660590122,1493660963158,near,,903d185fccf839df
1493660590122,1493660963521,near,,903d185fccf839df
1493660590122,1493660963938,near,,903d185fccf839df
1493660590122,1493660964308,near,,903d185fccf839df
1493660590122,1493660965093,near,,903d185fccf839df
1493660590122,1493660965189,near,,903d185fccf839df
1493660590122,1493660965920,near,,903d185fccf839df
1493660590122,1493660965939,near,,903d185fccf839df
1493660590122,1493660966931,near,,903d185fccf839df
1493660590122,1493660967032,near,,903d185fccf839df
1493660590122,1493660967937,near,,903d185fccf839df
1493660590122,1493660968076,near,,903d185fccf839df
1493660590122,1493660968920,near,,903d185fccf839df
1493660590122,1493660968945,near,,903d185fccf839df
1493660590122,1493660969925,near,,903d185fccf839df
1493660590122,1493660969947,near,,903d185fccf839df
1493660590122,1493660971306,near,,903d185fccf839df
1493660590122,1493660971327,near,,903d185fccf839df
1493660590122,1493660972305,near,,903d185fccf839df
1493660590122,1493660972333,near,,903d185fccf839df
1493660590122,1493660975062,near,,903d185fccf839df
1493660590122,1493660975086,near,,903d185fccf839df
1493660590122,1493660976049,near,,903d185fccf839df
1493660590122,1493660976092,near,,903d185fccf839df
1493660590122,1493660980155,near,,903d185fccf839df
1493660590122,1493660980173,near,,903d185fccf839df
1493660590122,1493660981351,near,,903d185fccf839df
1493660590122,1493660981455,near,,903d185fccf839df
1493660590122,1493660982532,near,,903d185fccf839df
1493660590122,1493660982562,near,,903d185fccf839df
1493660590122,1493660983555,near,,903d185fccf839df
1493660590122,1493660983711,near,,903d185fccf839df
1493660590122,1493660984528,near,,903d185fccf839df
1493660590122,1493660984568,near,,903d185fccf839df
1493660590122,1493660985524,near,,903d185fccf839df
1493660590122,1493660985539,near,,903d185fccf839df
1493660590122,1493660986545,near,,903d185fccf839df
1493660590122,1493660986683,near,,903d185fccf839df
1493660590122,1493660987531,near,,903d185fccf839df
1493660590122,1493660987556,near,,903d185fccf839df
1493660590122,1493660988524,near,,903d185fccf839df
1493660590122,1493660988537,near,,903d185fccf839df
1493660590122,1493660989525,near,,903d185fccf839df
1493660590122,1493660989612,near,,903d185fccf839df
1493660590122,1493660990524,near,,903d185fccf839df
1493660590122,1493660990538,near,,903d185fccf839df
1493660590122,1493660991555,near,,903d185fccf839df
1493660590122,1493660991621,near,,903d185fccf839df
1493660590122,1493660992523,near,,903d185fccf839df
1493660590122,1493660992546,near,,903d185fccf839df
1493660590122,1493660993535,near,,903d185fccf839df
1493660590122,1493660993655,near,,903d185fccf839df
1493660590122,1493660994523,near,,903d185fccf839df
1493660590122,1493660994592,near,,903d185fccf839df
1493660590122,1493660995529,near,,903d185fccf839df
1493660590122,1493660995622,near,,903d185fccf839df
1493660590122,1493660996524,near,,903d185fccf839df
1493660590122,1493660996537,near,,903d185fccf839df
1493660590122,1493660997525,near,,903d185fccf839df
1493660590122,1493660997539,near,,903d185fccf839df
1493660590122,1493660998525,near,,903d185fccf839df
1493660590122,1493660998545,near,,903d185fccf839df
1493660590122,1493660999544,near,,903d185fccf839df
1493660590122,1493660999664,near,,903d185fccf839df
1493660590122,1493661000555,near,,903d185fccf839df
1493660590122,1493661000654,near,,903d185fccf839df
1493660590122,1493661001524,near,,903d185fccf839df
1493660590122,1493661001543,near,,903d185fccf839df
1493660590122,1493661002538,near,,903d185fccf839df
1493660590122,1493661002624,near,,903d185fccf839df
1493660590122,1493661003523,near,,903d185fccf839df
1493660590122,1493661003552,near,,903d185fccf839df
1493660590122,1493661004524,near,,903d185fccf839df
1493660590122,1493661004542,near,,903d185fccf839df
1493660590122,1493661005550,near,,903d185fccf839df
1493660590122,1493661005624,near,,903d185fccf839df
1493660590122,1493661006524,near,,903d185fccf839df
1493660590122,1493661006533,near,,903d185fccf839df
1493660590122,1493661007522,near,,903d185fccf839df
1493660590122,1493661007531,near,,903d185fccf839df
1493660590122,1493661008522,near,,903d185fccf839df
1493660590122,1493661008535,near,,903d185fccf839df
1493660590122,1493661009522,near,,903d185fccf839df
1493660590122,1493661009542,near,,903d185fccf839df
1493660590122,1493661010522,near,,903d185fccf839df
1493660590122,1493661010544,near,,903d185fccf839df
1493660590122,1493661011532,near,,903d185fccf839df
1493660590122,1493661011552,near,,903d185fccf839df
1493660590122,1493661012531,near,,903d185fccf839df
1493660590122,1493661012556,near,,903d185fccf839df
1493660590122,1493661013607,near,,903d185fccf839df
1493660590122,1493661013636,near,,903d185fccf839df
1493660590122,1493661014595,near,,903d185fccf839df
1493660590122,1493661014617,near,,903d185fccf839df
1493660590122,1493661015596,near,,903d185fccf839df
1493660590122,1493661015619,near,,903d185fccf839df
1493660590122,1493661016621,near,,903d185fccf839df
1493660590122,1493661016668,near,,903d185fccf839df
1493660590122,1493661017595,near,,903d185fccf839df
1493660590122,1493661017610,near,,903d185fccf839df
1493660590122,1493661018597,near,,903d185fccf839df
1493660590122,1493661018613,near,,903d185fccf839df
1493660590122,1493661019646,near,,903d185fccf839df
1493660590122,1493661019677,near,,903d185fccf839df
1493660590122,1493661020594,near,,903d185fccf839df
1493660590122,1493661020613,near,,903d185fccf839df
1493660590122,1493661021593,near,,903d185fccf839df
1493660590122,1493661021609,near,,903d185fccf839df
1493660590122,1493661022596,near,,903d185fccf839df
1493660590122,1493661022616,near,,903d185fccf839df
1493660590122,1493661023594,near,,903d185fccf839df
1493660590122,1493661023612,near,,903d185fccf839df
1493660590122,1493661024626,near,,903d185fccf839df
1493660590122,1493661024723,near,,903d185fccf839df
1493660590122,1493661025617,near,,903d185fccf839df
1493660590122,1493661025685,near,,903d185fccf839df
1493660590122,1493661026593,near,,903d185fccf839df
1493660590122,1493661026633,near,,903d185fccf839df
1493660590122,1493661027607,near,,903d185fccf839df
1493660590122,1493661027679,near,,903d185fccf839df
1493660590122,1493661028594,near,,903d185fccf839df
1493660590122,1493661028621,near,,903d185fccf839df
1493660590122,1493661029594,near,,903d185fccf839df
1493660590122,1493661029621,near,,903d185fccf839df
1493660590122,1493661030594,near,,903d185fccf839df
1493660590122,1493661030618,near,,903d185fccf839df
1493660590122,1493661031617,near,,903d185fccf839df
1493660590122,1493661031726,near,,903d185fccf839df
1493660590122,1493661034528,near,,903d185fccf839df
1493660590122,1493661034539,near,,903d185fccf839df
1493660590122,1493661034661,near,,903d185fccf839df
1493660590122,1493661034689,near,,903d185fccf839df
1493660590122,1493661035622,near,,903d185fccf839df
1493660590122,1493661035638,near,,903d185fccf839df
1493660590122,1493661036632,near,,903d185fccf839df
1493660590122,1493661036656,near,,903d185fccf839df
1493660590122,1493661037616,near,,903d185fccf839df
1493660590122,1493661037629,near,,903d185fccf839df
1493660590122,1493661038617,near,,903d185fccf839df
1493660590122,1493661038632,near,,903d185fccf839df
1493660590122,1493661039613,near,,903d185fccf839df
1493660590122,1493661039627,near,,903d185fccf839df
1493660590122,1493661040611,near,,903d185fccf839df
1493660590122,1493661040717,near,,903d185fccf839df
1493660590122,1493661041599,near,,903d185fccf839df
1493660590122,1493661041631,near,,903d185fccf839df
1493660590122,1493661042654,near,,903d185fccf839df
1493660590122,1493661042684,near,,903d185fccf839df
1493660590122,1493661043654,near,,903d185fccf839df
1493660590122,1493661043704,near,,903d185fccf839df
1493660590122,1493661045331,near,,903d185fccf839df
1493660590122,1493661045339,near,,903d185fccf839df
1493660590122,1493661045678,near,,903d185fccf839df
1493660590122,1493661045711,near,,903d185fccf839df
1493660590122,1493661046660,near,,903d185fccf839df
1493660590122,1493661046698,near,,903d185fccf839df
1493660590122,1493661047654,near,,903d185fccf839df
1493660590122,1493661047864,near,,903d185fccf839df
1493660590122,1493661048653,near,,903d185fccf839df
1493660590122,1493661048681,near,,903d185fccf839df
1493660590122,1493661049655,near,,903d185fccf839df
1493660590122,1493661049671,near,,903d185fccf839df
1493660590122,1493661050662,near,,903d185fccf839df
1493660590122,1493661050674,near,,903d185fccf839df
1493660590122,1493661051659,near,,903d185fccf839df
1493660590122,1493661051677,near,,903d185fccf839df
1493660590122,1493661052673,near,,903d185fccf839df
1493660590122,1493661052713,near,,903d185fccf839df
1493660590122,1493661053665,near,,903d185fccf839df
1493660590122,1493661053691,near,,903d185fccf839df
1493660590122,1493661054660,near,,903d185fccf839df
1493660590122,1493661054680,near,,903d185fccf839df
1493660590122,1493661056319,near,,903d185fccf839df
1493660590122,1493661056332,near,,903d185fccf839df
1493660590122,1493661056696,near,,903d185fccf839df
1493660590122,1493661056724,near,,903d185fccf839df
1493660590122,1493661057678,near,,903d185fccf839df
1493660590122,1493661057691,near,,903d185fccf839df
1493660590122,1493661058687,near,,903d185fccf839df
1493660590122,1493661058713,near,,903d185fccf839df
1493660590122,1493661059665,near,,903d185fccf839df
1493660590122,1493661059697,near,,903d185fccf839df
1493660590122,1493661060654,near,,903d185fccf839df
1493660590122,1493661060676,near,,903d185fccf839df
1493660590122,1493661061731,near,,903d185fccf839df
1493660590122,1493661061772,near,,903d185fccf839df
1493660590122,1493661062665,near,,903d185fccf839df
1493660590122,1493661062680,near,,903d185fccf839df
1493660590122,1493661063657,near,,903d185fccf839df
1493660590122,1493661063688,near,,903d185fccf839df
1493660590122,1493661064654,near,,903d185fccf839df
1493660590122,1493661064668,near,,903d185fccf839df
1493660590122,1493661065654,near,,903d185fccf839df
1493660590122,1493661065679,near,,903d185fccf839df
1493660590122,1493661066653,near,,903d185fccf839df
1493660590122,1493661066659,near,,903d185fccf839df
1493660590122,1493661067655,near,,903d185fccf839df
1493660590122,1493661067668,near,,903d185fccf839df
1493660590122,1493661068658,near,,903d185fccf839df
1493660590122,1493661068690,near,,903d185fccf839df
1493660590122,1493661069662,near,,903d185fccf839df
1493660590122,1493661069683,near,,903d185fccf839df
1493660590122,1493661070653,near,,903d185fccf839df
1493660590122,1493661070669,near,,903d185fccf839df
1493660590122,1493661071672,near,,903d185fccf839df
1493660590122,1493661071794,near,,903d185fccf839df
1493660590122,1493661072654,near,,903d185fccf839df
1493660590122,1493661072720,near,,903d185fccf839df
1493660590122,1493661073678,near,,903d185fccf839df
1493660590122,1493661073713,near,,903d185fccf839df
1493660590122,1493661074654,near,,903d185fccf839df
1493660590122,1493661074676,near,,903d185fccf839df
1493660590122,1493661075654,near,,903d185fccf839df
1493660590122,1493661075681,near,,903d185fccf839df
1493660590122,1493661076658,near,,903d185fccf839df
1493660590122,1493661076692,near,,903d185fccf839df
1493660590122,1493661077654,near,,903d185fccf839df
1493660590122,1493661077665,near,,903d185fccf839df
1493660590122,1493661078657,near,,903d185fccf839df
1493660590122,1493661078672,near,,903d185fccf839df
1493660590122,1493661079653,near,,903d185fccf839df
1493660590122,1493661079664,near,,903d185fccf839df
1493660590122,1493661080653,near,,903d185fccf839df
1493660590122,1493661080664,near,,903d185fccf839df
1493660590122,1493661081654,near,,903d185fccf839df
1493660590122,1493661081670,near,,903d185fccf839df
1493660590122,1493661082659,near,,903d185fccf839df
1493660590122,1493661082714,near,,903d185fccf839df
1493660590122,1493661083656,near,,903d185fccf839df
1493660590122,1493661083685,near,,903d185fccf839df
1493660590122,1493661084655,near,,903d185fccf839df
1493660590122,1493661084673,near,,903d185fccf839df
1493660590122,1493661085659,near,,903d185fccf839df
1493660590122,1493661085674,near,,903d185fccf839df
1493660590122,1493661086655,near,,903d185fccf839df
1493660590122,1493661086673,near,,903d185fccf839df
1493660590122,1493661087654,near,,903d185fccf839df
1493660590122,1493661087696,near,,903d185fccf839df
1493660590122,1493661088656,near,,903d185fccf839df
1493660590122,1493661088680,near,,903d185fccf839df
1493660590122,1493661089654,near,,903d185fccf839df
1493660590122,1493661089671,near,,903d185fccf839df
1493660590122,1493661090678,near,,903d185fccf839df
1493660590122,1493661090799,near,,903d185fccf839df
1493660590122,1493661091660,near,,903d185fccf839df
1493660590122,1493661091788,near,,903d185fccf839df
1493660590122,1493661092661,near,,903d185fccf839df
1493660590122,1493661092700,near,,903d185fccf839df
1493660590122,1493661093656,near,,903d185fccf839df
1493660590122,1493661093793,near,,903d185fccf839df
1493660590122,1493661094653,near,,903d185fccf839df
1493660590122,1493661094670,near,,903d185fccf839df
1493660590122,1493661095665,near,,903d185fccf839df
1493660590122,1493661095691,near,,903d185fccf839df
1493660590122,1493661096655,near,,903d185fccf839df
1493660590122,1493661096674,near,,903d185fccf839df
1493660590122,1493661097679,near,,903d185fccf839df
1493660590122,1493661097798,near,,903d185fccf839df
1493660590122,1493661098654,near,,903d185fccf839df
1493660590122,1493661098671,near,,903d185fccf839df
1493660590122,1493661099654,near,,903d185fccf839df
1493660590122,1493661099676,near,,903d185fccf839df
1493660590122,1493661100671,near,,903d185fccf839df
1493660590122,1493661100758,near,,903d185fccf839df
1493660590122,1493661101666,near,,903d185fccf839df
1493660590122,1493661101750,near,,903d185fccf839df
1493660590122,1493661102678,near,,903d185fccf839df
1493660590122,1493661102765,near,,903d185fccf839df
1493660590122,1493661103656,near,,903d185fccf839df
1493660590122,1493661103680,near,,903d185fccf839df
1493660590122,1493661104689,near,,903d185fccf839df
1493660590122,1493661104760,near,,903d185fccf839df
1493660590122,1493661105661,near,,903d185fccf839df
1493660590122,1493661105688,near,,903d185fccf839df
1493660590122,1493661106654,near,,903d185fccf839df
1493660590122,1493661106673,near,,903d185fccf839df
1493660590122,1493661107676,near,,903d185fccf839df
1493660590122,1493661107709,near,,903d185fccf839df
1493660590122,1493661108670,near,,903d185fccf839df
1493660590122,1493661108729,near,,903d185fccf839df
1493660590122,1493661109660,near,,903d185fccf839df
1493660590122,1493661109772,near,,903d185fccf839df
1493660590122,1493661110887,near,,903d185fccf839df
1493660590122,1493661110927,near,,903d185fccf839df
1493660590122,1493661111654,near,,903d185fccf839df
1493660590122,1493661111670,near,,903d185fccf839df
1493660590122,1493661112668,near,,903d185fccf839df
1493660590122,1493661112692,near,,903d185fccf839df
1493660590122,1493661113686,near,,903d185fccf839df
1493660590122,1493661113799,near,,903d185fccf839df
1493660590122,1493661114666,near,,903d185fccf839df
1493660590122,1493661115136,near,,903d185fccf839df
1493660590122,1493661122047,near,,903d185fccf839df
1493660590122,1493661122135,near,,903d185fccf839df
1493660590122,1493661123046,near,,903d185fccf839df
1493660590122,1493661123089,near,,903d185fccf839df
1493660590122,1493661125244,near,,903d185fccf839df
1493660590122,1493661125281,near,,903d185fccf839df
1493660590122,1493661126263,near,,903d185fccf839df
1493660590122,1493661126403,near,,903d185fccf839df
1493660590122,1493661127586,near,,903d185fccf839df
1493660590122,1493661127621,near,,903d185fccf839df
1493660590122,1493661128340,near,,903d185fccf839df
1493660590122,1493661128370,near,,903d185fccf839df
1493660590122,1493661129243,near,,903d185fccf839df
1493660590122,1493661129277,near,,903d185fccf839df
1493660590122,1493661130242,near,,903d185fccf839df
1493660590122,1493661130267,near,,903d185fccf839df
1493660590122,1493661131474,near,,903d185fccf839df
1493660590122,1493661131510,near,,903d185fccf839df
1493660590122,1493661132268,near,,903d185fccf839df
1493660590122,1493661132295,near,,903d185fccf839df
1493661132923,1493661133246,far,,903d185fccf839df
1493661132923,1493661133270,far,,903d185fccf839df
1493661132923,1493661134240,far,,903d185fccf839df
1493661132923,1493661134246,far,,903d185fccf839df
1493661132923,1493661135243,far,,903d185fccf839df
1493661132923,1493661135247,far,,903d185fccf839df
1493661132923,1493661136240,far,,903d185fccf839df
1493661132923,1493661136249,far,,903d185fccf839df
1493661132923,1493661137242,far,,903d185fccf839df
1493661132923,1493661137258,far,,903d185fccf839df
1493661132923,1493661138241,far,,903d185fccf839df
1493661132923,1493661138249,far,,903d185fccf839df
1493661132923,1493661139242,far,,903d185fccf839df
1493661132923,1493661139253,far,,903d185fccf839df
1493661132923,1493661140240,far,,903d185fccf839df
1493661132923,1493661140246,far,,903d185fccf839df
1493661132923,1493661141240,far,,903d185fccf839df
1493661132923,1493661141247,far,,903d185fccf839df
1493661132923,1493661142251,far,,903d185fccf839df
1493661132923,1493661142269,far,,903d185fccf839df
1493661132923,1493661143243,far,,903d185fccf839df
1493661132923,1493661143253,far,,903d185fccf839df
1493661132923,1493661144241,far,,903d185fccf839df
1493661132923,1493661144247,far,,903d185fccf839df
1493661132923,1493661145240,far,,903d185fccf839df
1493661132923,1493661145246,far,,903d185fccf839df
1493661132923,1493661146240,far,,903d185fccf839df
1493661132923,1493661146248,far,,903d185fccf839df
1493661132923,1493661147242,far,,903d185fccf839df
1493661132923,1493661147262,far,,903d185fccf839df
1493661132923,1493661148240,far,,903d185fccf839df
1493661132923,1493661148252,far,,903d185fccf839df
1493661132923,1493661148755,far,,903d185fccf839df
1493661132923,1493661148761,far,,903d185fccf839df
1493661132923,1493661148905,far,,903d185fccf839df
1493661132923,1493661148913,far,,903d185fccf839df
1493661132923,1493661148956,far,,903d185fccf839df
1493661132923,1493661148961,far,,903d185fccf839df
1493661132923,1493661148997,far,,903d185fccf839df
1493661132923,1493661149002,far,,903d185fccf839df
1493661132923,1493661149043,far,,903d185fccf839df
1493661132923,1493661149047,far,,903d185fccf839df
1493661132923,1493661149060,far,,903d185fccf839df
1493661132923,1493661149070,far,,903d185fccf839df
1493661132923,1493661149080,far,,903d185fccf839df
1493661132923,1493661149106,far,,903d185fccf839df
1493661132923,1493661149114,far,,903d185fccf839df
1493661132923,1493661149128,far,,903d185fccf839df
1493661132923,1493661149132,far,,903d185fccf839df
1493661132923,1493661149144,far,,903d185fccf839df
1493661132923,1493661149151,far,,903d185fccf839df
1493661132923,1493661149158,far,,903d185fccf839df
1493661132923,1493661149163,far,,903d185fccf839df
1493661132923,1493661149167,far,,903d185fccf839df
1493661132923,1493661149193,far,,903d185fccf839df
1493661132923,1493661149196,far,,903d185fccf839df
1493661132923,1493661149212,far,,903d185fccf839df
1493661132923,1493661149214,far,,903d185fccf839df
1493661132923,1493661149227,far,,903d185fccf839df
1493661132923,1493661149238,far,,903d185fccf839df
1493661132923,1493661149252,far,,903d185fccf839df
1493661132923,1493661149265,far,,903d185fccf839df
1493661132923,1493661149277,far,,903d185fccf839df
1493661132923,1493661149295,far,,903d185fccf839df
1493661132923,1493661149304,far,,903d185fccf839df
1493661132923,1493661149314,far,,903d185fccf839df
1493661132923,1493661149319,far,,903d185fccf839df
1493661132923,1493661149332,far,,903d185fccf839df
1493661132923,1493661149349,far,,903d185fccf839df
1493661132923,1493661149360,far,,903d185fccf839df
1493661132923,1493661149373,far,,903d185fccf839df
1493661132923,1493661149380,far,,903d185fccf839df
1493661132923,1493661149421,far,,903d185fccf839df
1493661132923,1493661149424,far,,903d185fccf839df
1493661132923,1493661149438,far,,903d185fccf839df
1493661132923,1493661149444,far,,903d185fccf839df
1493661132923,1493661149451,far,,903d185fccf839df
1493661132923,1493661149464,far,,903d185fccf839df
1493661132923,1493661149467,far,,903d185fccf839df
1493661132923,1493661149492,far,,903d185fccf839df
1493661132923,1493661149494,far,,903d185fccf839df
1493661132923,1493661149514,far,,903d185fccf839df
1493661132923,1493661149521,far,,903d185fccf839df
1493661132923,1493661149539,far,,903d185fccf839df
1493661132923,1493661149542,far,,903d185fccf839df
1493661132923,1493661149562,far,,903d185fccf839df
1493661132923,1493661149564,far,,903d185fccf839df
1493661132923,1493661149614,far,,903d185fccf839df
1493661132923,1493661149616,far,,903d185fccf839df
1493661132923,1493661149639,far,,903d185fccf839df
1493661132923,1493661149644,far,,903d185fccf839df
1493661132923,1493661149658,far,,903d185fccf839df
1493661132923,1493661149661,far,,903d185fccf839df
1493661132923,1493661149683,far,,903d185fccf839df
1493661132923,1493661149686,far,,903d185fccf839df
1493661132923,1493661149758,far,,903d185fccf839df
1493661132923,1493661149767,far,,903d185fccf839df
1493661132923,1493661149794,far,,903d185fccf839df
1493661132923,1493661149818,far,,903d185fccf839df
1493661132923,1493661149860,far,,903d185fccf839df
1493661132923,1493661149867,far,,903d185fccf839df
1493661132923,1493661149908,far,,903d185fccf839df
1493661132923,1493661149957,far,,903d185fccf839df
1493661132923,1493661149985,far,,903d185fccf839df
1493661132923,1493661149992,far,,903d185fccf839df
1493661132923,1493661150033,far,,903d185fccf839df
1493661132923,1493661150036,far,,903d185fccf839df
1493661132923,1493661150061,far,,903d185fccf839df
1493661132923,1493661150068,far,,903d185fccf839df
1493661132923,1493661150085,far,,903d185fccf839df
1493661132923,1493661150116,far,,903d185fccf839df
1493661132923,1493661150143,far,,903d185fccf839df
