timestamp, pressure, UUID 
1491900131231,961.417724609375,903d185fccf839df
1491900131589,961.40283203125,903d185fccf839df
1491900131769,961.3935546875,903d185fccf839df
1491900131947,961.395263671875,903d185fccf839df
1491900132128,961.394287109375,903d185fccf839df
1491900132308,961.38427734375,903d185fccf839df
1491900132488,961.37451171875,903d185fccf839df
1491900132668,961.3740234375,903d185fccf839df
1491900132848,961.376953125,903d185fccf839df
1491900133034,961.3798828125,903d185fccf839df
1491900133208,961.39111328125,903d185fccf839df
1491900133390,961.414306640625,903d185fccf839df
1491900133572,961.427490234375,903d185fccf839df
1491900133747,961.425537109375,903d185fccf839df
1491900133928,961.43408203125,903d185fccf839df
1491900134108,961.4375,903d185fccf839df
1491900134291,961.43896484375,903d185fccf839df
1491900134467,961.435302734375,903d185fccf839df
1491900134650,961.429931640625,903d185fccf839df
1491900134831,961.4384765625,903d185fccf839df
1491900135008,961.4580078125,903d185fccf839df
1491900135188,961.4755859375,903d185fccf839df
1491900135370,961.494873046875,903d185fccf839df
1491900135550,961.501953125,903d185fccf839df
1491900135728,961.50927734375,903d185fccf839df
1491900135910,961.5244140625,903d185fccf839df
1491900136089,961.5166015625,903d185fccf839df
1491900136273,961.51953125,903d185fccf839df
1491900136452,961.513916015625,903d185fccf839df
1491900136633,961.516357421875,903d185fccf839df
1491900136810,961.521240234375,903d185fccf839df
1491900136988,961.52587890625,903d185fccf839df
1491900137168,961.530029296875,903d185fccf839df
1491900137351,961.53857421875,903d185fccf839df
1491900137527,961.533447265625,903d185fccf839df
1491900137708,961.520263671875,903d185fccf839df
1491900137890,961.5224609375,903d185fccf839df
1491900138069,961.5068359375,903d185fccf839df
1491900138249,961.503662109375,903d185fccf839df
1491900138435,961.498779296875,903d185fccf839df
1491900138608,961.4970703125,903d185fccf839df
1491900138788,961.4775390625,903d185fccf839df
1491900138967,961.474609375,903d185fccf839df
1491900139149,961.47021484375,903d185fccf839df
1491900139330,961.4619140625,903d185fccf839df
1491900139512,961.449462890625,903d185fccf839df
1491900139694,961.452392578125,903d185fccf839df
1491900139868,961.438720703125,903d185fccf839df
1491900140049,961.45068359375,903d185fccf839df
1491900140230,961.466796875,903d185fccf839df
1491900140408,961.45654296875,903d185fccf839df
1491900140587,961.45361328125,903d185fccf839df
1491900140772,961.44775390625,903d185fccf839df
1491900140949,961.435546875,903d185fccf839df
1491900141128,961.442626953125,903d185fccf839df
1491900141308,961.441650390625,903d185fccf839df
1491900141488,961.4296875,903d185fccf839df
1491900141674,961.4267578125,903d185fccf839df
1491900141848,961.429443359375,903d185fccf839df
1491900142028,961.437255859375,903d185fccf839df
1491900142209,961.44775390625,903d185fccf839df
1491900142388,961.447998046875,903d185fccf839df
1491900142574,961.448974609375,903d185fccf839df
1491900142752,961.447021484375,903d185fccf839df
1491900142929,961.448974609375,903d185fccf839df
1491900143110,961.4521484375,903d185fccf839df
1491900143291,961.4560546875,903d185fccf839df
1491900143476,961.448974609375,903d185fccf839df
1491900143648,961.442138671875,903d185fccf839df
1491900143830,961.440673828125,903d185fccf839df
1491900144014,961.440673828125,903d185fccf839df
1491900144188,961.43359375,903d185fccf839df
1491900144371,961.437744140625,903d185fccf839df
1491900144558,961.433837890625,903d185fccf839df
1491900144729,961.443603515625,903d185fccf839df
1491900144949,961.459228515625,903d185fccf839df
1491900145097,961.46728515625,903d185fccf839df
1491900145269,961.46826171875,903d185fccf839df
1491900145448,961.4658203125,903d185fccf839df
1491900145628,961.469970703125,903d185fccf839df
1491900145812,961.46875,903d185fccf839df
1491900145990,961.470703125,903d185fccf839df
1491900146172,961.468017578125,903d185fccf839df
1491900146348,961.466552734375,903d185fccf839df
1491900146529,961.465576171875,903d185fccf839df
1491900146708,961.47119140625,903d185fccf839df
1491900146889,961.4833984375,903d185fccf839df
1491900147069,961.486572265625,903d185fccf839df
1491900147249,961.47314453125,903d185fccf839df
1491900147429,961.464599609375,903d185fccf839df
1491900147608,961.468017578125,903d185fccf839df
1491900147790,961.4609375,903d185fccf839df
1491900147970,961.4677734375,903d185fccf839df
1491900148149,961.46533203125,903d185fccf839df
1491900148329,961.46435546875,903d185fccf839df
1491900148515,961.47021484375,903d185fccf839df
1491900148689,961.46044921875,903d185fccf839df
1491900148868,961.45458984375,903d185fccf839df
1491900149049,961.44287109375,903d185fccf839df
1491900149227,961.418701171875,903d185fccf839df
1491900149408,961.401123046875,903d185fccf839df
1491900149595,961.384521484375,903d185fccf839df
1491900149770,961.3828125,903d185fccf839df
1491900149949,961.3955078125,903d185fccf839df
1491900150133,961.400634765625,903d185fccf839df
1491900150309,961.418701171875,903d185fccf839df
1491900150494,961.437744140625,903d185fccf839df
1491900150669,961.44287109375,903d185fccf839df
1491900150854,961.44921875,903d185fccf839df
1491900151028,961.455810546875,903d185fccf839df
1491900151213,961.457275390625,903d185fccf839df
1491900151401,961.441650390625,903d185fccf839df
1491900151568,961.440185546875,903d185fccf839df
1491900151749,961.429931640625,903d185fccf839df
1491900151930,961.437744140625,903d185fccf839df
1491900152109,961.44921875,903d185fccf839df
1491900152290,961.452880859375,903d185fccf839df
1491900152472,961.44580078125,903d185fccf839df
1491900152650,961.4462890625,903d185fccf839df
1491900152829,961.444091796875,903d185fccf839df
1491900153009,961.4521484375,903d185fccf839df
1491900153189,961.45556640625,903d185fccf839df
1491900153373,961.442138671875,903d185fccf839df
1491900153553,961.44580078125,903d185fccf839df
1491900153728,961.447509765625,903d185fccf839df
1491900153911,961.4453125,903d185fccf839df
1491900154089,961.456298828125,903d185fccf839df
1491900154273,961.453125,903d185fccf839df
1491900154448,961.45654296875,903d185fccf839df
1491900154638,961.45703125,903d185fccf839df
1491900154809,961.452880859375,903d185fccf839df
1491900154988,961.450927734375,903d185fccf839df
1491900155171,961.455078125,903d185fccf839df
1491900155356,961.461181640625,903d185fccf839df
1491900155529,961.44970703125,903d185fccf839df
1491900155709,961.46728515625,903d185fccf839df
1491900155890,961.45263671875,903d185fccf839df
1491900156069,961.45654296875,903d185fccf839df
1491900156257,961.459228515625,903d185fccf839df
1491900156428,961.454833984375,903d185fccf839df
1491900156608,961.45703125,903d185fccf839df
1491900156800,961.455078125,903d185fccf839df
1491900156971,961.45849609375,903d185fccf839df
1491900157150,961.46728515625,903d185fccf839df
1491900157335,961.47021484375,903d185fccf839df
1491900157509,961.464599609375,903d185fccf839df
1491900157689,961.47119140625,903d185fccf839df
1491900157869,961.475830078125,903d185fccf839df
1491900158048,961.4501953125,903d185fccf839df
1491900158229,961.43603515625,903d185fccf839df
1491900158411,961.4326171875,903d185fccf839df
1491900158591,961.4267578125,903d185fccf839df
1491900158768,961.412841796875,903d185fccf839df
1491900158949,961.39990234375,903d185fccf839df
1491900159129,961.38818359375,903d185fccf839df
1491900159309,961.3896484375,903d185fccf839df
1491900159491,961.391357421875,903d185fccf839df
1491900159668,961.3818359375,903d185fccf839df
1491900159849,961.37158203125,903d185fccf839df
1491900160029,961.377685546875,903d185fccf839df
1491900160209,961.395263671875,903d185fccf839df
1491900160389,961.3974609375,903d185fccf839df
1491900160573,961.405029296875,903d185fccf839df
1491900160750,961.40576171875,903d185fccf839df
1491900160929,961.4140625,903d185fccf839df
1491900161112,961.416259765625,903d185fccf839df
1491900161290,961.415771484375,903d185fccf839df
1491900161470,961.402587890625,903d185fccf839df
1491900161650,961.399169921875,903d185fccf839df
1491900161828,961.390869140625,903d185fccf839df
1491900162009,961.390869140625,903d185fccf839df
1491900162190,961.3857421875,903d185fccf839df
1491900162371,961.39306640625,903d185fccf839df
1491900162551,961.41064453125,903d185fccf839df
1491900162730,961.416748046875,903d185fccf839df
1491900162910,961.419189453125,903d185fccf839df
1491900163091,961.410400390625,903d185fccf839df
1491900163269,961.40625,903d185fccf839df
1491900163448,961.38720703125,903d185fccf839df
1491900163629,961.380615234375,903d185fccf839df
1491900163809,961.347412109375,903d185fccf839df
1491900163989,961.336669921875,903d185fccf839df
1491900164170,961.330078125,903d185fccf839df
1491900164350,961.313232421875,903d185fccf839df
1491900164531,961.311767578125,903d185fccf839df
1491900164889,961.32568359375,903d185fccf839df
1491900165069,961.334716796875,903d185fccf839df
1491900165248,961.34130859375,903d185fccf839df
1491900165429,961.334716796875,903d185fccf839df
1491900165611,961.342529296875,903d185fccf839df
1491900165789,961.34619140625,903d185fccf839df
1491900165969,961.349609375,903d185fccf839df
1491900166149,961.336669921875,903d185fccf839df
1491900166332,961.326904296875,903d185fccf839df
1491900166509,961.330322265625,903d185fccf839df
1491900166691,961.333740234375,903d185fccf839df
1491900166869,961.32763671875,903d185fccf839df
1491900167052,961.326416015625,903d185fccf839df
1491900167231,961.34375,903d185fccf839df
1491900167409,961.352783203125,903d185fccf839df
1491900167590,961.36279296875,903d185fccf839df
1491900167768,961.3720703125,903d185fccf839df
1491900167949,961.372802734375,903d185fccf839df
1491900168129,961.381591796875,903d185fccf839df
1491900168309,961.382080078125,903d185fccf839df
1491900168492,961.38671875,903d185fccf839df
1491900168672,961.381103515625,903d185fccf839df
1491900168855,961.368408203125,903d185fccf839df
1491900169029,961.37646484375,903d185fccf839df
1491900169216,961.36669921875,903d185fccf839df
1491900169391,961.36572265625,903d185fccf839df
1491900169570,961.359619140625,903d185fccf839df
1491900169752,961.351806640625,903d185fccf839df
1491900169930,961.345703125,903d185fccf839df
1491900170108,961.335205078125,903d185fccf839df
1491900170289,961.3408203125,903d185fccf839df
1491900170478,961.319091796875,903d185fccf839df
1491900170656,961.30859375,903d185fccf839df
1491900170828,961.29248046875,903d185fccf839df
1491900171009,961.302490234375,903d185fccf839df
1491900171189,961.302978515625,903d185fccf839df
1491900171372,961.309326171875,903d185fccf839df
1491900171552,961.310546875,903d185fccf839df
1491900171730,961.30712890625,903d185fccf839df
1491900171909,961.3193359375,903d185fccf839df
1491900172088,961.320556640625,903d185fccf839df
1491900172268,961.31787109375,903d185fccf839df
1491900172452,961.310791015625,903d185fccf839df
1491900172630,961.30224609375,903d185fccf839df
1491900172809,961.29345703125,903d185fccf839df
1491900172990,961.284423828125,903d185fccf839df
1491900173172,961.292236328125,903d185fccf839df
1491900173353,961.297119140625,903d185fccf839df
1491900173529,961.305908203125,903d185fccf839df
1491900173711,961.307373046875,903d185fccf839df
1491900173892,961.3115234375,903d185fccf839df
1491900174069,961.327392578125,903d185fccf839df
1491900174251,961.34326171875,903d185fccf839df
1491900174428,961.35205078125,903d185fccf839df
1491900174610,961.366943359375,903d185fccf839df
1491900174790,961.35791015625,903d185fccf839df
1491900174968,961.355224609375,903d185fccf839df
1491900175149,961.371337890625,903d185fccf839df
1491900175330,961.3720703125,903d185fccf839df
1491900175509,961.371337890625,903d185fccf839df
1491900175695,961.372314453125,903d185fccf839df
1491900175870,961.37841796875,903d185fccf839df
1491900176052,961.37939453125,903d185fccf839df
1491900176230,961.394775390625,903d185fccf839df
1491900176418,961.40185546875,903d185fccf839df
1491900176589,961.402099609375,903d185fccf839df
1491900176773,961.409423828125,903d185fccf839df
1491900176949,961.406982421875,903d185fccf839df
1491900177129,961.405029296875,903d185fccf839df
1491900177312,961.4091796875,903d185fccf839df
1491900177491,961.4013671875,903d185fccf839df
1491900177672,961.405517578125,903d185fccf839df
1491900177849,961.4111328125,903d185fccf839df
1491900178030,961.412841796875,903d185fccf839df
1491900178211,961.412109375,903d185fccf839df
1491900178398,961.42626953125,903d185fccf839df
1491900178572,961.425048828125,903d185fccf839df
1491900178749,961.430908203125,903d185fccf839df
1491900178933,961.438720703125,903d185fccf839df
1491900179111,961.437255859375,903d185fccf839df
1491900179293,961.44482421875,903d185fccf839df
1491900179469,961.449951171875,903d185fccf839df
1491900179654,961.459228515625,903d185fccf839df
1491900179832,961.458251953125,903d185fccf839df
1491900180021,961.451171875,903d185fccf839df
1491900180193,961.457763671875,903d185fccf839df
1491900180372,961.457763671875,903d185fccf839df
1491900180909,961.449951171875,903d185fccf839df
1491900181273,961.4599609375,903d185fccf839df
1491900181449,961.471435546875,903d185fccf839df
1491900181809,961.47265625,903d185fccf839df
1491900181989,961.46728515625,903d185fccf839df
1491900182173,961.468994140625,903d185fccf839df
1491900182368,961.466796875,903d185fccf839df
1491900182530,961.46533203125,903d185fccf839df
1491900182722,961.4609375,903d185fccf839df
1491900182892,961.466552734375,903d185fccf839df
1491900183074,961.46875,903d185fccf839df
1491900183250,961.465087890625,903d185fccf839df
1491900183432,961.473388671875,903d185fccf839df
1491900183610,961.47216796875,903d185fccf839df
1491900183790,961.471923828125,903d185fccf839df
1491900183972,961.4765625,903d185fccf839df
1491900184156,961.47509765625,903d185fccf839df
1491900184330,961.466064453125,903d185fccf839df
1491900184510,961.469970703125,903d185fccf839df
1491900184690,961.458740234375,903d185fccf839df
1491900184870,961.45361328125,903d185fccf839df
1491900185051,961.457763671875,903d185fccf839df
1491900185240,961.453369140625,903d185fccf839df
1491900185411,961.450439453125,903d185fccf839df
1491900185590,961.4541015625,903d185fccf839df
1491900185769,961.445068359375,903d185fccf839df
1491900185950,961.4638671875,903d185fccf839df
1491900186132,961.4609375,903d185fccf839df
1491900186308,961.45849609375,903d185fccf839df
1491900186489,961.447509765625,903d185fccf839df
1491900186674,961.4609375,903d185fccf839df
1491900186850,961.441650390625,903d185fccf839df
1491900187030,961.43994140625,903d185fccf839df
1491900187222,961.446533203125,903d185fccf839df
1491900187394,961.444091796875,903d185fccf839df
1491900187570,961.437744140625,903d185fccf839df
1491900187752,961.443603515625,903d185fccf839df
1491900187929,961.447265625,903d185fccf839df
1491900188110,961.466064453125,903d185fccf839df
1491900188291,961.4775390625,903d185fccf839df
1491900188469,961.47314453125,903d185fccf839df
1491900188650,961.47021484375,903d185fccf839df
1491900188829,961.47314453125,903d185fccf839df
1491900189010,961.486572265625,903d185fccf839df
1491900189191,961.486083984375,903d185fccf839df
1491900189372,961.4765625,903d185fccf839df
1491900189558,961.4794921875,903d185fccf839df
1491900189729,961.479736328125,903d185fccf839df
1491900189918,961.480224609375,903d185fccf839df
1491900190095,961.48974609375,903d185fccf839df
1491900190274,961.4921875,903d185fccf839df
1491900190451,961.487060546875,903d185fccf839df
1491900190811,961.50927734375,903d185fccf839df
1491900191171,961.511474609375,903d185fccf839df
1491900191351,961.50048828125,903d185fccf839df
1491900191533,961.482666015625,903d185fccf839df
1491900191710,961.4794921875,903d185fccf839df
1491900191891,961.472900390625,903d185fccf839df
1491900192071,961.455810546875,903d185fccf839df
1491900192255,961.46533203125,903d185fccf839df
1491900192430,961.46044921875,903d185fccf839df
1491900192610,961.448974609375,903d185fccf839df
1491900192796,961.448486328125,903d185fccf839df
1491900192970,961.457275390625,903d185fccf839df
1491900193151,961.447998046875,903d185fccf839df
1491900193337,961.44970703125,903d185fccf839df
1491900193511,961.439453125,903d185fccf839df
1491900193689,961.42626953125,903d185fccf839df
1491900193879,961.4169921875,903d185fccf839df
1491900194055,961.4130859375,903d185fccf839df
1491900194229,961.393310546875,903d185fccf839df
1491900194414,961.38525390625,903d185fccf839df
1491900194590,961.376953125,903d185fccf839df
1491900194769,961.363037109375,903d185fccf839df
1491900194950,961.368896484375,903d185fccf839df
1491900195131,961.360595703125,903d185fccf839df
1491900195319,961.3564453125,903d185fccf839df
1491900195494,961.361328125,903d185fccf839df
1491900195671,961.355224609375,903d185fccf839df
1491900195860,961.341796875,903d185fccf839df
1491900196030,961.33740234375,903d185fccf839df
1491900196209,961.328369140625,903d185fccf839df
1491900196393,961.319580078125,903d185fccf839df
1491900196570,961.314453125,903d185fccf839df
1491900196750,961.295654296875,903d185fccf839df
1491900196931,961.299072265625,903d185fccf839df
1491900197112,961.30078125,903d185fccf839df
1491900197289,961.299560546875,903d185fccf839df
1491900197470,961.291748046875,903d185fccf839df
1491900197651,961.281494140625,903d185fccf839df
1491900197831,961.278076171875,903d185fccf839df
1491900198014,961.2861328125,903d185fccf839df
1491900198194,961.269775390625,903d185fccf839df
1491900198375,961.260986328125,903d185fccf839df
1491900198551,961.25,903d185fccf839df
1491900198733,961.23388671875,903d185fccf839df
1491900198911,961.224853515625,903d185fccf839df
1491900199090,961.216796875,903d185fccf839df
1491900199270,961.19482421875,903d185fccf839df
1491900199452,961.182861328125,903d185fccf839df
1491900199631,961.1748046875,903d185fccf839df
1491900199812,961.163818359375,903d185fccf839df
1491900199995,961.15380859375,903d185fccf839df
1491900200170,961.15283203125,903d185fccf839df
1491900200350,961.131591796875,903d185fccf839df
1491900200530,961.113037109375,903d185fccf839df
1491900200710,961.10302734375,903d185fccf839df
1491900200890,961.09228515625,903d185fccf839df
1491900201071,961.0712890625,903d185fccf839df
1491900201249,961.056396484375,903d185fccf839df
1491900201430,961.0400390625,903d185fccf839df
1491900201611,961.048095703125,903d185fccf839df
1491900201790,961.062255859375,903d185fccf839df
1491900201970,961.07373046875,903d185fccf839df
1491900202330,961.07373046875,903d185fccf839df
1491900202690,961.08154296875,903d185fccf839df
1491900202869,961.07373046875,903d185fccf839df
1491900203052,961.064453125,903d185fccf839df
1491900203230,961.059814453125,903d185fccf839df
1491900203413,961.044677734375,903d185fccf839df
1491900203591,961.02734375,903d185fccf839df
1491900203778,961.028564453125,903d185fccf839df
1491900203950,961.011962890625,903d185fccf839df
1491900204134,960.993896484375,903d185fccf839df
1491900204311,960.980712890625,903d185fccf839df
1491900204490,960.974609375,903d185fccf839df
1491900204670,960.94970703125,903d185fccf839df
1491900204851,960.95947265625,903d185fccf839df
1491900205030,960.958740234375,903d185fccf839df
1491900205211,960.955322265625,903d185fccf839df
1491900205391,960.961181640625,903d185fccf839df
1491900205573,960.957275390625,903d185fccf839df
1491900205751,960.952880859375,903d185fccf839df
1491900205931,960.955078125,903d185fccf839df
1491900206112,960.94921875,903d185fccf839df
1491900206291,960.939208984375,903d185fccf839df
1491900206471,960.941162109375,903d185fccf839df
1491900206665,960.939697265625,903d185fccf839df
1491900206831,960.9384765625,903d185fccf839df
1491900207010,960.9375,903d185fccf839df
1491900207191,960.94091796875,903d185fccf839df
1491900207373,960.949462890625,903d185fccf839df
1491900207553,960.957275390625,903d185fccf839df
1491900207730,960.94970703125,903d185fccf839df
1491900207912,960.941650390625,903d185fccf839df
1491900208090,960.939453125,903d185fccf839df
1491900208272,960.947509765625,903d185fccf839df
1491900208451,960.947265625,903d185fccf839df
1491900208633,960.937255859375,903d185fccf839df
1491900208811,960.93359375,903d185fccf839df
1491900208994,960.931640625,903d185fccf839df
1491900209170,960.9306640625,903d185fccf839df
1491900209352,960.929443359375,903d185fccf839df
1491900209533,960.93017578125,903d185fccf839df
1491900209710,960.939697265625,903d185fccf839df
1491900209891,960.954345703125,903d185fccf839df
1491900210071,960.95166015625,903d185fccf839df
1491900210253,960.9638671875,903d185fccf839df
1491900210430,960.974853515625,903d185fccf839df
1491900210611,960.97216796875,903d185fccf839df
1491900210791,960.9599609375,903d185fccf839df
1491900210974,960.959716796875,903d185fccf839df
1491900211156,960.94189453125,903d185fccf839df
1491900211330,960.9443359375,903d185fccf839df
1491900211515,960.9443359375,903d185fccf839df
1491900211690,960.931640625,903d185fccf839df
1491900211871,960.942626953125,903d185fccf839df
1491900212061,960.9384765625,903d185fccf839df
1491900212230,960.93408203125,903d185fccf839df
1491900212410,960.935302734375,903d185fccf839df
1491900212594,960.9453125,903d185fccf839df
1491900212770,960.943603515625,903d185fccf839df
1491900212952,960.9462890625,903d185fccf839df
1491900213141,960.93212890625,903d185fccf839df
1491900213311,960.93505859375,903d185fccf839df
1491900213490,960.933837890625,903d185fccf839df
1491900213671,960.9306640625,903d185fccf839df
1491900213852,960.921142578125,903d185fccf839df
1491900214030,960.926025390625,903d185fccf839df
1491900214210,960.93310546875,903d185fccf839df
1491900214390,960.933349609375,903d185fccf839df
1491900214571,960.926025390625,903d185fccf839df
1491900214753,960.92822265625,903d185fccf839df
1491900214932,960.92626953125,903d185fccf839df
1491900215111,960.93017578125,903d185fccf839df
1491900215292,960.938232421875,903d185fccf839df
1491900215471,960.93603515625,903d185fccf839df
1491900215654,960.937744140625,903d185fccf839df
1491900215833,960.9384765625,903d185fccf839df
1491900216011,960.945068359375,903d185fccf839df
1491900216194,960.959228515625,903d185fccf839df
1491900216372,960.966064453125,903d185fccf839df
1491900216563,960.949462890625,903d185fccf839df
1491900216731,960.95361328125,903d185fccf839df
1491900216912,960.949951171875,903d185fccf839df
1491900217091,960.937255859375,903d185fccf839df
1491900217270,960.9443359375,903d185fccf839df
1491900217453,960.923095703125,903d185fccf839df
1491900217631,960.92138671875,903d185fccf839df
1491900217810,960.91845703125,903d185fccf839df
1491900217991,960.921875,903d185fccf839df
1491900218171,960.925048828125,903d185fccf839df
1491900218352,960.9267578125,903d185fccf839df
1491900218530,960.9296875,903d185fccf839df
1491900218716,960.928466796875,903d185fccf839df
1491900220152,960.947265625,903d185fccf839df
1491900220331,960.939697265625,903d185fccf839df
1491900220511,960.94189453125,903d185fccf839df
1491900220695,960.93701171875,903d185fccf839df
1491900220870,960.941650390625,903d185fccf839df
1491900221056,960.950927734375,903d185fccf839df
1491900221233,960.94189453125,903d185fccf839df
1491900221411,960.94189453125,903d185fccf839df
1491900221591,960.945556640625,903d185fccf839df
1491900221771,960.950439453125,903d185fccf839df
1491900221960,960.951904296875,903d185fccf839df
1491900222137,960.954345703125,903d185fccf839df
1491900222310,960.96044921875,903d185fccf839df
1491900222491,960.97119140625,903d185fccf839df
1491900222683,960.970458984375,903d185fccf839df
1491900222852,960.969482421875,903d185fccf839df
1491900223030,960.97314453125,903d185fccf839df
1491900223213,960.97119140625,903d185fccf839df
1491900223406,960.9638671875,903d185fccf839df
1491900223572,960.96435546875,903d185fccf839df
1491900223753,960.9560546875,903d185fccf839df
1491900223931,960.955078125,903d185fccf839df
1491900224112,960.95556640625,903d185fccf839df
1491900224290,960.954833984375,903d185fccf839df
1491900224471,960.949951171875,903d185fccf839df
1491900224655,960.961181640625,903d185fccf839df
1491900224832,960.9697265625,903d185fccf839df
1491900225011,960.957275390625,903d185fccf839df
1491900225190,960.94580078125,903d185fccf839df
1491900225370,960.951171875,903d185fccf839df
1491900225551,960.936279296875,903d185fccf839df
1491900225731,960.922119140625,903d185fccf839df
1491900225925,960.9052734375,903d185fccf839df
1491900226091,960.89013671875,903d185fccf839df
1491900226276,960.890625,903d185fccf839df
1491900227892,960.966064453125,903d185fccf839df
1491900228071,960.970458984375,903d185fccf839df
1491900228259,960.962158203125,903d185fccf839df
1491900228431,960.94873046875,903d185fccf839df
1491900228611,960.933837890625,903d185fccf839df
1491900228792,960.93896484375,903d185fccf839df
1491900228973,960.94140625,903d185fccf839df
1491900229156,960.934326171875,903d185fccf839df
1491900229331,960.93505859375,903d185fccf839df
1491900229513,960.93359375,903d185fccf839df
1491900229698,960.931640625,903d185fccf839df
1491900229871,960.939453125,903d185fccf839df
1491900230057,960.93017578125,903d185fccf839df
1491900230231,960.927734375,903d185fccf839df
1491900230411,960.92626953125,903d185fccf839df
1491900230594,960.92578125,903d185fccf839df
1491900230772,960.9306640625,903d185fccf839df
1491900230952,960.92529296875,903d185fccf839df
1491900231132,960.9296875,903d185fccf839df
1491900231312,960.93505859375,903d185fccf839df
1491900231491,960.92919921875,903d185fccf839df
1491900231677,960.921875,903d185fccf839df
1491900231853,960.916748046875,903d185fccf839df
1491900232032,960.91796875,903d185fccf839df
1491900232211,960.919677734375,903d185fccf839df
1491900232391,960.917724609375,903d185fccf839df
1491900232571,960.908203125,903d185fccf839df
1491900232753,960.9208984375,903d185fccf839df
1491900232934,960.92578125,903d185fccf839df
1491900233113,960.928466796875,903d185fccf839df
1491900233291,960.94189453125,903d185fccf839df
1491900233471,960.950927734375,903d185fccf839df
1491900233652,960.95458984375,903d185fccf839df
1491900233831,960.95849609375,903d185fccf839df
1491900234010,960.975341796875,903d185fccf839df
1491900234191,960.978759765625,903d185fccf839df
1491900234372,960.98828125,903d185fccf839df
1491900234551,960.99462890625,903d185fccf839df
1491900234734,960.9990234375,903d185fccf839df
1491900234911,961.00927734375,903d185fccf839df
1491900235091,961.023681640625,903d185fccf839df
1491900235274,961.0244140625,903d185fccf839df
1491900235452,961.02099609375,903d185fccf839df
1491900235634,961.01611328125,903d185fccf839df
1491900235814,961.00927734375,903d185fccf839df
1491900235991,961.0048828125,903d185fccf839df
1491900236184,960.99658203125,903d185fccf839df
1491900236354,960.99951171875,903d185fccf839df
1491900236531,960.998046875,903d185fccf839df
1491900236716,961.00146484375,903d185fccf839df
1491900236891,960.997802734375,903d185fccf839df
1491900237071,961.005126953125,903d185fccf839df
1491900237250,961.014404296875,903d185fccf839df
1491900237434,961.006591796875,903d185fccf839df
1491900237611,960.99853515625,903d185fccf839df
1491900237792,960.995361328125,903d185fccf839df
1491900237972,960.973876953125,903d185fccf839df
1491900238151,960.97119140625,903d185fccf839df
1491900238333,960.96435546875,903d185fccf839df
1491900238513,960.950927734375,903d185fccf839df
1491900238691,960.95361328125,903d185fccf839df
1491900238871,960.9521484375,903d185fccf839df
1491900239051,960.95556640625,903d185fccf839df
1491900239237,960.9609375,903d185fccf839df
1491900239412,960.95703125,903d185fccf839df
1491900239591,960.948974609375,903d185fccf839df
1491900239772,960.94775390625,903d185fccf839df
1491900239959,960.9404296875,903d185fccf839df
1491900240131,960.9443359375,903d185fccf839df
1491900240315,960.93408203125,903d185fccf839df
1491900240494,960.927978515625,903d185fccf839df
1491900240675,960.92626953125,903d185fccf839df
1491900240855,960.931396484375,903d185fccf839df
1491900241032,960.924072265625,903d185fccf839df
1491900241211,960.918701171875,903d185fccf839df
1491900241391,960.918701171875,903d185fccf839df
1491900241571,960.91796875,903d185fccf839df
1491900241753,960.915283203125,903d185fccf839df
1491900241943,960.92138671875,903d185fccf839df
1491900242115,960.91943359375,903d185fccf839df
1491900242293,960.9267578125,903d185fccf839df
1491900242477,960.94140625,903d185fccf839df
1491900242652,960.93994140625,903d185fccf839df
1491900242832,960.943603515625,903d185fccf839df
1491900243011,960.947021484375,903d185fccf839df
1491900243192,960.96337890625,903d185fccf839df
1491900243372,960.972900390625,903d185fccf839df
1491900243554,960.989990234375,903d185fccf839df
1491900243735,960.988037109375,903d185fccf839df
1491900243914,960.986083984375,903d185fccf839df
1491900244092,960.98779296875,903d185fccf839df
1491900244272,960.97412109375,903d185fccf839df
1491900244453,960.97802734375,903d185fccf839df
1491900244632,960.977294921875,903d185fccf839df
1491900244814,960.97607421875,903d185fccf839df
1491900244991,960.965576171875,903d185fccf839df
1491900245172,960.96533203125,903d185fccf839df
1491900245366,960.95458984375,903d185fccf839df
1491900245531,960.96630859375,903d185fccf839df
1491900245713,960.962890625,903d185fccf839df
1491900245892,960.9609375,903d185fccf839df
1491900246072,960.957275390625,903d185fccf839df
1491900246254,960.957763671875,903d185fccf839df
1491900246433,960.963134765625,903d185fccf839df
1491900246612,960.97802734375,903d185fccf839df
1491900246798,960.986083984375,903d185fccf839df
1491900246973,960.990966796875,903d185fccf839df
1491900247153,960.989990234375,903d185fccf839df
1491900247332,960.984375,903d185fccf839df
1491900247513,960.970703125,903d185fccf839df
1491900247698,960.96533203125,903d185fccf839df
1491900247875,960.965576171875,903d185fccf839df
1491900248053,960.947265625,903d185fccf839df
1491900248231,960.94384765625,903d185fccf839df
1491900248417,960.947021484375,903d185fccf839df
1491900248592,960.941650390625,903d185fccf839df
1491900248774,960.949462890625,903d185fccf839df
1491900248953,960.953369140625,903d185fccf839df
1491900249135,960.951171875,903d185fccf839df
1491900249315,960.94140625,903d185fccf839df
1491900249493,960.94482421875,903d185fccf839df
1491900249673,960.947021484375,903d185fccf839df
1491900249854,960.94091796875,903d185fccf839df
1491900250034,960.9345703125,903d185fccf839df
1491900250211,960.926025390625,903d185fccf839df
1491900250395,960.917236328125,903d185fccf839df
1491900252194,960.949462890625,903d185fccf839df
1491900252379,960.9716796875,903d185fccf839df
1491900252552,960.981689453125,903d185fccf839df
1491900252733,960.98388671875,903d185fccf839df
1491900252912,960.97119140625,903d185fccf839df
1491900253093,960.96337890625,903d185fccf839df
1491900253274,960.954833984375,903d185fccf839df
1491900253451,960.95849609375,903d185fccf839df
1491900253641,960.95068359375,903d185fccf839df
1491900253811,960.94580078125,903d185fccf839df
1491900253992,960.940185546875,903d185fccf839df
1491900254172,960.9365234375,903d185fccf839df
1491900254357,960.947998046875,903d185fccf839df
1491900254532,960.9384765625,903d185fccf839df
1491900254712,960.932861328125,903d185fccf839df
1491900254893,960.9140625,903d185fccf839df
1491900255072,960.9169921875,903d185fccf839df
1491900255260,960.911865234375,903d185fccf839df
1491900255432,960.91552734375,903d185fccf839df
1491900255613,960.91259765625,903d185fccf839df
1491900255799,960.915771484375,903d185fccf839df
1491900255972,960.912841796875,903d185fccf839df
1491900256155,960.920654296875,903d185fccf839df
1491900256337,960.9248046875,903d185fccf839df
1491900256511,960.91552734375,903d185fccf839df
1491900256692,960.909912109375,903d185fccf839df
1491900256873,960.908935546875,903d185fccf839df
1491900257054,960.913330078125,903d185fccf839df
1491900257231,960.929931640625,903d185fccf839df
1491900257415,960.934814453125,903d185fccf839df
1491900257597,960.933837890625,903d185fccf839df
1491900257773,960.93212890625,903d185fccf839df
1491900257954,960.947021484375,903d185fccf839df
1491900258135,960.94775390625,903d185fccf839df
1491900258318,960.94775390625,903d185fccf839df
1491900258491,960.9296875,903d185fccf839df
1491900258673,960.923583984375,903d185fccf839df
1491900258852,960.919189453125,903d185fccf839df
1491900259032,960.931884765625,903d185fccf839df
1491900259214,960.9345703125,903d185fccf839df
1491900259394,960.923828125,903d185fccf839df
1491900259571,960.92626953125,903d185fccf839df
1491900259754,960.923583984375,903d185fccf839df
1491900259934,960.933837890625,903d185fccf839df
1491900260113,960.939453125,903d185fccf839df
1491900260292,960.94921875,903d185fccf839df
1491900260472,960.927490234375,903d185fccf839df
1491900260652,960.932373046875,903d185fccf839df
1491900260836,960.940185546875,903d185fccf839df
1491900261012,960.94140625,903d185fccf839df
1491900261201,960.9384765625,903d185fccf839df
1491900261373,960.934814453125,903d185fccf839df
1491900261559,960.9296875,903d185fccf839df
1491900261732,960.936279296875,903d185fccf839df
1491900261913,960.936279296875,903d185fccf839df
1491900262093,960.927978515625,903d185fccf839df
1491900262273,960.9287109375,903d185fccf839df
1491900262452,960.93310546875,903d185fccf839df
1491900262633,960.932861328125,903d185fccf839df
1491900262815,960.930419921875,903d185fccf839df
1491900262993,960.93603515625,903d185fccf839df
1491900263172,960.935302734375,903d185fccf839df
1491900263353,960.946044921875,903d185fccf839df
1491900263532,960.946533203125,903d185fccf839df
1491900263712,960.933837890625,903d185fccf839df
1491900263900,960.947265625,903d185fccf839df
1491900264072,960.947509765625,903d185fccf839df
1491900264254,960.944091796875,903d185fccf839df
1491900264435,960.947021484375,903d185fccf839df
1491900264612,960.948486328125,903d185fccf839df
1491900264793,960.953369140625,903d185fccf839df
1491900264973,960.95947265625,903d185fccf839df
1491900265154,960.9521484375,903d185fccf839df
1491900265332,960.935302734375,903d185fccf839df
1491900265516,960.929443359375,903d185fccf839df
1491900265691,960.935302734375,903d185fccf839df
1491900265873,960.926025390625,903d185fccf839df
1491900266052,960.928466796875,903d185fccf839df
1491900266232,960.937744140625,903d185fccf839df
1491900266412,960.945556640625,903d185fccf839df
1491900266595,960.964111328125,903d185fccf839df
1491900266771,960.98046875,903d185fccf839df
1491900266954,960.9755859375,903d185fccf839df
1491900267134,960.980712890625,903d185fccf839df
1491900267315,960.97509765625,903d185fccf839df
1491900267494,960.959716796875,903d185fccf839df
1491900267672,960.961181640625,903d185fccf839df
1491900267853,960.955322265625,903d185fccf839df
1491900268033,960.94580078125,903d185fccf839df
1491900268212,960.947509765625,903d185fccf839df
1491900268392,960.94775390625,903d185fccf839df
1491900268572,960.95556640625,903d185fccf839df
1491900268758,960.95849609375,903d185fccf839df
1491900268933,960.966552734375,903d185fccf839df
1491900269114,960.953857421875,903d185fccf839df
1491900269293,960.9599609375,903d185fccf839df
1491900269473,960.972900390625,903d185fccf839df
1491900269657,960.976806640625,903d185fccf839df
1491900269836,960.983642578125,903d185fccf839df
1491900270015,960.990234375,903d185fccf839df
1491900270192,960.988525390625,903d185fccf839df
1491900270385,960.9931640625,903d185fccf839df
1491900270554,960.985107421875,903d185fccf839df
1491900270732,960.98193359375,903d185fccf839df
1491900270912,960.9716796875,903d185fccf839df
1491900271093,960.966796875,903d185fccf839df
1491900271280,960.963134765625,903d185fccf839df
1491900271454,960.967041015625,903d185fccf839df
1491900271632,960.953125,903d185fccf839df
1491900271816,960.947509765625,903d185fccf839df
1491900271992,960.95703125,903d185fccf839df
1491900272172,960.955322265625,903d185fccf839df
1491900273974,960.97314453125,903d185fccf839df
1491900274332,960.99560546875,903d185fccf839df
1491900274512,960.998046875,903d185fccf839df
1491900274692,960.97802734375,903d185fccf839df
1491900274872,960.9814453125,903d185fccf839df
1491900275052,960.965087890625,903d185fccf839df
1491900275233,960.94580078125,903d185fccf839df
1491900275414,960.940673828125,903d185fccf839df
1491900275593,960.91357421875,903d185fccf839df
1491900275780,960.899169921875,903d185fccf839df
1491900275954,960.900146484375,903d185fccf839df
1491900276135,960.89306640625,903d185fccf839df
1491900276311,960.8828125,903d185fccf839df
1491900276492,960.876220703125,903d185fccf839df
1491900276673,960.870361328125,903d185fccf839df
1491900276853,960.860595703125,903d185fccf839df
1491900277032,960.854736328125,903d185fccf839df
1491900277215,960.839599609375,903d185fccf839df
1491900277392,960.8271484375,903d185fccf839df
1491900277572,960.82275390625,903d185fccf839df
1491900277756,960.823486328125,903d185fccf839df
1491900277934,960.829833984375,903d185fccf839df
1491900278113,960.83740234375,903d185fccf839df
1491900278293,960.82958984375,903d185fccf839df
1491900278475,960.829833984375,903d185fccf839df
1491900278658,960.83447265625,903d185fccf839df
1491900278833,960.824951171875,903d185fccf839df
1491900279014,960.81982421875,903d185fccf839df
1491900279193,960.82275390625,903d185fccf839df
1491900279377,960.80322265625,903d185fccf839df
1491900279573,960.80224609375,903d185fccf839df
1491900279733,960.801513671875,903d185fccf839df
1491900279927,960.7861328125,903d185fccf839df
1491900280094,960.788818359375,903d185fccf839df
1491900280273,960.783447265625,903d185fccf839df
1491900280452,960.766845703125,903d185fccf839df
1491900280633,960.758544921875,903d185fccf839df
1491900280812,960.76123046875,903d185fccf839df
1491900280993,960.73583984375,903d185fccf839df
1491900281175,960.740478515625,903d185fccf839df
1491900281353,960.731689453125,903d185fccf839df
1491900281535,960.7099609375,903d185fccf839df
1491900281714,960.7021484375,903d185fccf839df
1491900281899,960.6923828125,903d185fccf839df
1491900282074,960.686279296875,903d185fccf839df
1491900282253,960.67578125,903d185fccf839df
1491900282433,960.67138671875,903d185fccf839df
1491900282614,960.652587890625,903d185fccf839df
1491900282793,960.658447265625,903d185fccf839df
1491900282973,960.65771484375,903d185fccf839df
1491900283157,960.650390625,903d185fccf839df
1491900283334,960.64990234375,903d185fccf839df
1491900283514,960.645751953125,903d185fccf839df
1491900283693,960.638427734375,903d185fccf839df
1491900283881,960.6376953125,903d185fccf839df
1491900284053,960.616943359375,903d185fccf839df
1491900284239,960.609375,903d185fccf839df
1491900284415,960.605712890625,903d185fccf839df
1491900284594,960.596923828125,903d185fccf839df
1491900284773,960.588623046875,903d185fccf839df
1491900284954,960.57568359375,903d185fccf839df
1491900285137,960.56201171875,903d185fccf839df
1491900285314,960.559326171875,903d185fccf839df
1491900285495,960.55517578125,903d185fccf839df
1491900285674,960.549072265625,903d185fccf839df
1491900285853,960.529052734375,903d185fccf839df
1491900286033,960.527587890625,903d185fccf839df
1491900286214,960.53564453125,903d185fccf839df
1491900286395,960.52490234375,903d185fccf839df
1491900286753,960.548583984375,903d185fccf839df
1491900287113,960.5517578125,903d185fccf839df
1491900287292,960.552734375,903d185fccf839df
1491900287472,960.55224609375,903d185fccf839df
1491900287652,960.538330078125,903d185fccf839df
1491900287832,960.527587890625,903d185fccf839df
1491900288013,960.502685546875,903d185fccf839df
1491900288207,960.490966796875,903d185fccf839df
1491900288373,960.47314453125,903d185fccf839df
1491900288555,960.457763671875,903d185fccf839df
1491900288739,960.4453125,903d185fccf839df
1491900289095,960.423828125,903d185fccf839df
1491900289275,960.4228515625,903d185fccf839df
1491900289462,960.42578125,903d185fccf839df
1491900289815,960.410888671875,903d185fccf839df
1491900290176,960.378662109375,903d185fccf839df
1491900290538,960.380126953125,903d185fccf839df
1491900290719,960.363525390625,903d185fccf839df
1491900290895,960.35498046875,903d185fccf839df
1491900291077,960.364501953125,903d185fccf839df
1491900291256,960.35693359375,903d185fccf839df
1491900291435,960.364501953125,903d185fccf839df
1491900291614,960.384033203125,903d185fccf839df
1491900291795,960.37744140625,903d185fccf839df
1491900291977,960.3662109375,903d185fccf839df
1491900292158,960.36865234375,903d185fccf839df
1491900292335,960.36083984375,903d185fccf839df
1491900292518,960.364013671875,903d185fccf839df
1491900292696,960.3623046875,903d185fccf839df
1491900292877,960.36083984375,903d185fccf839df
1491900293066,960.364501953125,903d185fccf839df
1491900293236,960.373046875,903d185fccf839df
1491900293416,960.371337890625,903d185fccf839df
1491900293595,960.375732421875,903d185fccf839df
1491900293775,960.377685546875,903d185fccf839df
1491900293957,960.38134765625,903d185fccf839df
1491900294138,960.369384765625,903d185fccf839df
1491900294314,960.367919921875,903d185fccf839df
1491900294495,960.361328125,903d185fccf839df
1491900294675,960.349609375,903d185fccf839df
1491900294860,960.363525390625,903d185fccf839df
1491900295036,960.35888671875,903d185fccf839df
1491900295221,960.3623046875,903d185fccf839df
1491900295395,960.35546875,903d185fccf839df
1491900295575,960.3603515625,903d185fccf839df
1491900295756,960.3603515625,903d185fccf839df
1491900295935,960.36767578125,903d185fccf839df
1491900296116,960.3642578125,903d185fccf839df
1491900296295,960.362548828125,903d185fccf839df
1491900296476,960.3623046875,903d185fccf839df
1491900296655,960.36669921875,903d185fccf839df
1491900296835,960.360107421875,903d185fccf839df
1491900297015,960.365478515625,903d185fccf839df
1491900297198,960.36474609375,903d185fccf839df
1491900297376,960.34375,903d185fccf839df
1491900297555,960.335693359375,903d185fccf839df
1491900297734,960.339111328125,903d185fccf839df
1491900297915,960.3369140625,903d185fccf839df
1491900298096,960.3369140625,903d185fccf839df
1491900298275,960.339599609375,903d185fccf839df
1491900298457,960.342041015625,903d185fccf839df
1491900298636,960.35888671875,903d185fccf839df
1491900298817,960.375,903d185fccf839df
1491900298998,960.385009765625,903d185fccf839df
1491900299180,960.378173828125,903d185fccf839df
1491900299355,960.372314453125,903d185fccf839df
1491900299538,960.36865234375,903d185fccf839df
1491900299715,960.365966796875,903d185fccf839df
1491900299895,960.370849609375,903d185fccf839df
1491900300076,960.364013671875,903d185fccf839df
1491900300255,960.35888671875,903d185fccf839df
1491900300435,960.35986328125,903d185fccf839df
1491900300618,960.3681640625,903d185fccf839df
1491900300795,960.36376953125,903d185fccf839df
1491900300975,960.35205078125,903d185fccf839df
1491900301155,960.345458984375,903d185fccf839df
1491900301336,960.33642578125,903d185fccf839df
1491900301521,960.337158203125,903d185fccf839df
1491900301695,960.322509765625,903d185fccf839df
1491900301877,960.318115234375,903d185fccf839df
1491900302065,960.323974609375,903d185fccf839df
1491900302244,960.322509765625,903d185fccf839df
1491900302415,960.3212890625,903d185fccf839df
1491900302595,960.328857421875,903d185fccf839df
1491900302780,960.339599609375,903d185fccf839df
1491900302957,960.351806640625,903d185fccf839df
1491900303135,960.365478515625,903d185fccf839df
1491900303315,960.366455078125,903d185fccf839df
1491900303496,960.376220703125,903d185fccf839df
1491900303675,960.373046875,903d185fccf839df
1491900303855,960.37646484375,903d185fccf839df
1491900304037,960.375,903d185fccf839df
1491900304215,960.368408203125,903d185fccf839df
1491900304395,960.365234375,903d185fccf839df
1491900304575,960.3544921875,903d185fccf839df
1491900304759,960.3544921875,903d185fccf839df
1491900304935,960.349609375,903d185fccf839df
1491900305116,960.3505859375,903d185fccf839df
1491900305296,960.34228515625,903d185fccf839df
1491900305480,960.3359375,903d185fccf839df
1491900305658,960.329833984375,903d185fccf839df
1491900305836,960.33984375,903d185fccf839df
1491900306017,960.3408203125,903d185fccf839df
1491900306197,960.33642578125,903d185fccf839df
1491900306377,960.3349609375,903d185fccf839df
1491900307997,960.387939453125,903d185fccf839df
1491900308715,960.385009765625,903d185fccf839df
1491900308896,960.371826171875,903d185fccf839df
1491900309077,960.369873046875,903d185fccf839df
1491900309260,960.3759765625,903d185fccf839df
1491900309435,960.377197265625,903d185fccf839df
1491900309616,960.386474609375,903d185fccf839df
1491900309797,960.369140625,903d185fccf839df
1491900309976,960.364013671875,903d185fccf839df
1491900310155,960.37060546875,903d185fccf839df
1491900310337,960.370361328125,903d185fccf839df
1491900310696,960.34033203125,903d185fccf839df
1491900310876,960.343017578125,903d185fccf839df
1491900311058,960.351806640625,903d185fccf839df
1491900311235,960.346923828125,903d185fccf839df
1491900311415,960.3447265625,903d185fccf839df
1491900311596,960.34228515625,903d185fccf839df
1491900311775,960.353515625,903d185fccf839df
1491900311955,960.36181640625,903d185fccf839df
1491900312136,960.366455078125,903d185fccf839df
1491900312315,960.368896484375,903d185fccf839df
1491900312496,960.35546875,903d185fccf839df
1491900312675,960.362060546875,903d185fccf839df
1491900312858,960.369384765625,903d185fccf839df
1491900313040,960.3681640625,903d185fccf839df
1491900313216,960.35400390625,903d185fccf839df
1491900313395,960.353515625,903d185fccf839df
1491900313575,960.35107421875,903d185fccf839df
1491900313755,960.350830078125,903d185fccf839df
1491900313939,960.35546875,903d185fccf839df
1491900314117,960.35498046875,903d185fccf839df
1491900314296,960.353759765625,903d185fccf839df
1491900314477,960.353271484375,903d185fccf839df
1491900314657,960.367919921875,903d185fccf839df
1491900314835,960.351318359375,903d185fccf839df
1491900315016,960.35595703125,903d185fccf839df
1491900315197,960.36572265625,903d185fccf839df
1491900315376,960.363037109375,903d185fccf839df
1491900315568,960.358642578125,903d185fccf839df
1491900315738,960.373046875,903d185fccf839df
1491900315915,960.3720703125,903d185fccf839df
1491900316096,960.375244140625,903d185fccf839df
1491900316276,960.365234375,903d185fccf839df
1491900316457,960.36083984375,903d185fccf839df
1491900316637,960.35791015625,903d185fccf839df
1491900316815,960.34130859375,903d185fccf839df
1491900316996,960.3486328125,903d185fccf839df
1491900317175,960.33544921875,903d185fccf839df
1491900317360,960.353515625,903d185fccf839df
1491900317536,960.34375,903d185fccf839df
1491900317727,960.360107421875,903d185fccf839df
1491900317896,960.358154296875,903d185fccf839df
1491900318081,960.36083984375,903d185fccf839df
1491900318258,960.361572265625,903d185fccf839df
1491900318436,960.35791015625,903d185fccf839df
1491900318621,960.355224609375,903d185fccf839df
1491900318796,960.345947265625,903d185fccf839df
1491900318976,960.34326171875,903d185fccf839df
1491900319161,960.329833984375,903d185fccf839df
1491900319336,960.33740234375,903d185fccf839df
1491900319515,960.32763671875,903d185fccf839df
1491900319697,960.329345703125,903d185fccf839df
1491900319875,960.3251953125,903d185fccf839df
1491900320060,960.33447265625,903d185fccf839df
1491900320238,960.329345703125,903d185fccf839df
1491900320415,960.345458984375,903d185fccf839df
1491900320602,960.35009765625,903d185fccf839df
1491900320777,960.347412109375,903d185fccf839df
1491900320955,960.34130859375,903d185fccf839df
1491900321135,960.333984375,903d185fccf839df
1491900321315,960.33203125,903d185fccf839df
1491900321496,960.331298828125,903d185fccf839df
1491900321676,960.325439453125,903d185fccf839df
1491900321855,960.319580078125,903d185fccf839df
1491900322035,960.31884765625,903d185fccf839df
1491900322216,960.322509765625,903d185fccf839df
1491900322397,960.327392578125,903d185fccf839df
1491900322575,960.32666015625,903d185fccf839df
1491900322756,960.331298828125,903d185fccf839df
1491900322947,960.3349609375,903d185fccf839df
1491900323116,960.3349609375,903d185fccf839df
1491900323295,960.32861328125,903d185fccf839df
1491900323475,960.333740234375,903d185fccf839df
1491900323656,960.337890625,903d185fccf839df
1491900323837,960.3369140625,903d185fccf839df
1491900324016,960.33349609375,903d185fccf839df
1491900324200,960.34228515625,903d185fccf839df
1491900324377,960.344482421875,903d185fccf839df
1491900324560,960.347900390625,903d185fccf839df
1491900324736,960.35546875,903d185fccf839df
1491900324916,960.343017578125,903d185fccf839df
1491900325095,960.341064453125,903d185fccf839df
1491900325276,960.351806640625,903d185fccf839df
1491900325459,960.333984375,903d185fccf839df
1491900325636,960.3291015625,903d185fccf839df
1491900325816,960.32470703125,903d185fccf839df
1491900326007,960.32421875,903d185fccf839df
1491900326359,960.31689453125,903d185fccf839df
1491900326542,960.31298828125,903d185fccf839df
1491900326717,960.314208984375,903d185fccf839df
1491900326895,960.312255859375,903d185fccf839df
1491900327075,960.321533203125,903d185fccf839df
1491900327265,960.333740234375,903d185fccf839df
1491900327446,960.3408203125,903d185fccf839df
1491900327617,960.337646484375,903d185fccf839df
1491900327796,960.348388671875,903d185fccf839df
1491900327977,960.347900390625,903d185fccf839df
1491900328157,960.3486328125,903d185fccf839df
1491900328340,960.353271484375,903d185fccf839df
1491900328516,960.35791015625,903d185fccf839df
1491900328696,960.353271484375,903d185fccf839df
1491900328875,960.355224609375,903d185fccf839df
1491900329057,960.34716796875,903d185fccf839df
1491900329236,960.352783203125,903d185fccf839df
1491900329416,960.358154296875,903d185fccf839df
1491900329602,960.356689453125,903d185fccf839df
1491900329776,960.358642578125,903d185fccf839df
1491900329956,960.36865234375,903d185fccf839df
1491900330138,960.372802734375,903d185fccf839df
1491900330316,960.3798828125,903d185fccf839df
1491900330496,960.378173828125,903d185fccf839df
1491900330678,960.3798828125,903d185fccf839df
1491900330856,960.369384765625,903d185fccf839df
1491900331036,960.360595703125,903d185fccf839df
1491900331217,960.35595703125,903d185fccf839df
1491900331397,960.359619140625,903d185fccf839df
1491900331576,960.361572265625,903d185fccf839df
1491900331761,960.35986328125,903d185fccf839df
1491900331936,960.365966796875,903d185fccf839df
1491900332116,960.380859375,903d185fccf839df
1491900332296,960.3759765625,903d185fccf839df
1491900332475,960.378173828125,903d185fccf839df
1491900332657,960.37451171875,903d185fccf839df
1491900332843,960.3740234375,903d185fccf839df
1491900333016,960.37451171875,903d185fccf839df
1491900333196,960.37255859375,903d185fccf839df
1491900333375,960.36767578125,903d185fccf839df
1491900333564,960.364013671875,903d185fccf839df
1491900333737,960.353271484375,903d185fccf839df
1491900333916,960.3515625,903d185fccf839df
1491900334101,960.345947265625,903d185fccf839df
1491900334276,960.35693359375,903d185fccf839df
1491900334466,960.35986328125,903d185fccf839df
1491900334649,960.3642578125,903d185fccf839df
1491900334816,960.371826171875,903d185fccf839df
1491900334996,960.398681640625,903d185fccf839df
1491900335176,960.40771484375,903d185fccf839df
1491900335356,960.430419921875,903d185fccf839df
1491900335547,960.421142578125,903d185fccf839df
1491900335720,960.419189453125,903d185fccf839df
1491900335896,960.408935546875,903d185fccf839df
1491900336077,960.406494140625,903d185fccf839df
1491900336257,960.39794921875,903d185fccf839df
1491900336438,960.389892578125,903d185fccf839df
1491900336617,960.387451171875,903d185fccf839df
1491900336797,960.373046875,903d185fccf839df
1491900336976,960.369873046875,903d185fccf839df
1491900337157,960.3701171875,903d185fccf839df
1491900337338,960.37451171875,903d185fccf839df
1491900337516,960.364990234375,903d185fccf839df
1491900337706,960.365478515625,903d185fccf839df
1491900337877,960.360595703125,903d185fccf839df
1491900338057,960.355712890625,903d185fccf839df
1491900338236,960.363037109375,903d185fccf839df
1491900338420,960.35498046875,903d185fccf839df
1491900338596,960.350341796875,903d185fccf839df
1491900338776,960.364501953125,903d185fccf839df
1491900338957,960.36474609375,903d185fccf839df
1491900339142,960.364990234375,903d185fccf839df
1491900339316,960.361572265625,903d185fccf839df
1491900339496,960.376953125,903d185fccf839df
1491900339857,960.378662109375,903d185fccf839df
1491900340036,960.3779296875,903d185fccf839df
1491900340216,960.36865234375,903d185fccf839df
1491900340403,960.373291015625,903d185fccf839df
1491900340592,960.367919921875,903d185fccf839df
1491900340760,960.359130859375,903d185fccf839df
1491900340946,960.353271484375,903d185fccf839df
1491900341118,960.36181640625,903d185fccf839df
1491900341298,960.352783203125,903d185fccf839df
1491900341477,960.360595703125,903d185fccf839df
1491900341656,960.35791015625,903d185fccf839df
1491900341837,960.36279296875,903d185fccf839df
1491900342018,960.383544921875,903d185fccf839df
1491900342201,960.37841796875,903d185fccf839df
1491900342376,960.373779296875,903d185fccf839df
1491900342561,960.37451171875,903d185fccf839df
1491900342738,960.382568359375,903d185fccf839df
1491900342916,960.37744140625,903d185fccf839df
1491900343098,960.38818359375,903d185fccf839df
1491900343279,960.37353515625,903d185fccf839df
1491900343458,960.365478515625,903d185fccf839df
1491900343637,960.375732421875,903d185fccf839df
1491900343815,960.37890625,903d185fccf839df
1491900343997,960.377197265625,903d185fccf839df
1491900344176,960.374755859375,903d185fccf839df
1491900344366,960.362060546875,903d185fccf839df
1491900344537,960.3720703125,903d185fccf839df
1491900344717,960.36572265625,903d185fccf839df
1491900344897,960.362548828125,903d185fccf839df
1491900345078,960.359130859375,903d185fccf839df
1491900345258,960.350341796875,903d185fccf839df
1491900345436,960.353759765625,903d185fccf839df
1491900345618,960.34130859375,903d185fccf839df
1491900345797,960.338623046875,903d185fccf839df
1491900345976,960.3466796875,903d185fccf839df
1491900346169,960.35400390625,903d185fccf839df
1491900346338,960.353271484375,903d185fccf839df
1491900346517,960.348388671875,903d185fccf839df
1491900346696,960.342529296875,903d185fccf839df
1491900346877,960.3671875,903d185fccf839df
1491900347063,960.3828125,903d185fccf839df
1491900347237,960.377685546875,903d185fccf839df
1491900347435,960.37744140625,903d185fccf839df
1491900347598,960.37255859375,903d185fccf839df
1491900347776,960.38037109375,903d185fccf839df
1491900347956,960.39013671875,903d185fccf839df
1491900348140,960.386474609375,903d185fccf839df
1491900348316,960.381591796875,903d185fccf839df
1491900348496,960.36279296875,903d185fccf839df
1491900348679,960.361328125,903d185fccf839df
1491900348860,960.36328125,903d185fccf839df
1491900349036,960.3759765625,903d185fccf839df
1491900349220,960.3779296875,903d185fccf839df
1491900349398,960.364990234375,903d185fccf839df
1491900349578,960.369873046875,903d185fccf839df
1491900349756,960.380615234375,903d185fccf839df
1491900349938,960.39208984375,903d185fccf839df
1491900350146,960.389892578125,903d185fccf839df
1491900350296,960.393310546875,903d185fccf839df
1491900350481,960.38623046875,903d185fccf839df
1491900350657,960.3896484375,903d185fccf839df
1491900350836,960.3935546875,903d185fccf839df
1491900351018,960.38916015625,903d185fccf839df
1491900351209,960.383056640625,903d185fccf839df
1491900351376,960.38671875,903d185fccf839df
1491900351557,960.37939453125,903d185fccf839df
1491900351737,960.375244140625,903d185fccf839df
1491900351916,960.381591796875,903d185fccf839df
1491900352097,960.3759765625,903d185fccf839df
1491900352277,960.366455078125,903d185fccf839df
1491900352458,960.387939453125,903d185fccf839df
1491900352639,960.389892578125,903d185fccf839df
1491900352817,960.398193359375,903d185fccf839df
1491900353000,960.3916015625,903d185fccf839df
1491900353176,960.389892578125,903d185fccf839df
1491900353360,960.388427734375,903d185fccf839df
1491900353538,960.37841796875,903d185fccf839df
1491900353716,960.36279296875,903d185fccf839df
1491900353897,960.3486328125,903d185fccf839df
1491900354077,960.3330078125,903d185fccf839df
1491900354257,960.330078125,903d185fccf839df
1491900354436,960.328857421875,903d185fccf839df
1491900354620,960.326416015625,903d185fccf839df
1491900354804,960.31298828125,903d185fccf839df
1491900354986,960.322265625,903d185fccf839df
1491900355190,960.3251953125,903d185fccf839df
1491900355520,960.336669921875,903d185fccf839df
1491900355697,960.34716796875,903d185fccf839df
1491900355895,960.348876953125,903d185fccf839df
1491900356057,960.350341796875,903d185fccf839df
1491900356237,960.356201171875,903d185fccf839df
1491900356418,960.346435546875,903d185fccf839df
1491900356596,960.346923828125,903d185fccf839df
1491900356777,960.342529296875,903d185fccf839df
1491900356957,960.3212890625,903d185fccf839df
1491900357137,960.318115234375,903d185fccf839df
1491900357317,960.31689453125,903d185fccf839df
1491900357496,960.314697265625,903d185fccf839df
1491900357677,960.314453125,903d185fccf839df
1491900357857,960.31298828125,903d185fccf839df
1491900358039,960.3203125,903d185fccf839df
1491900358217,960.3427734375,903d185fccf839df
1491900358399,960.34814453125,903d185fccf839df
1491900358576,960.35205078125,903d185fccf839df
1491900358761,960.360107421875,903d185fccf839df
1491900358941,960.359130859375,903d185fccf839df
1491900359117,960.36865234375,903d185fccf839df
1491900359297,960.36376953125,903d185fccf839df
1491900359477,960.360595703125,903d185fccf839df
1491900359656,960.35791015625,903d185fccf839df
1491900359838,960.34716796875,903d185fccf839df
1491900360020,960.344482421875,903d185fccf839df
1491900360203,960.33544921875,903d185fccf839df
1491900360378,960.325439453125,903d185fccf839df
1491900362538,960.27197265625,903d185fccf839df
1491900362716,960.26611328125,903d185fccf839df
1491900362903,960.257080078125,903d185fccf839df
1491900363077,960.251220703125,903d185fccf839df
1491900363260,960.252685546875,903d185fccf839df
1491900363437,960.248291015625,903d185fccf839df
1491900363617,960.239501953125,903d185fccf839df
1491900363797,960.235595703125,903d185fccf839df
1491900363977,960.226806640625,903d185fccf839df
1491900364158,960.206787109375,903d185fccf839df
1491900364340,960.20654296875,903d185fccf839df
1491900364517,960.197021484375,903d185fccf839df
1491900364697,960.18359375,903d185fccf839df
1491900364878,960.17041015625,903d185fccf839df
1491900365057,960.158935546875,903d185fccf839df
1491900365237,960.146484375,903d185fccf839df
1491900365427,960.14697265625,903d185fccf839df
1491900365597,960.13427734375,903d185fccf839df
1491900365777,960.1396484375,903d185fccf839df
1491900365959,960.14013671875,903d185fccf839df
1491900366136,960.1396484375,903d185fccf839df
1491900366317,960.136962890625,903d185fccf839df
1491900366503,960.13134765625,903d185fccf839df
1491900366678,960.115234375,903d185fccf839df
1491900366860,960.115234375,903d185fccf839df
1491900367039,960.1162109375,903d185fccf839df
1491900367222,960.094970703125,903d185fccf839df
1491900367397,960.078369140625,903d185fccf839df
1491900367577,960.0615234375,903d185fccf839df
1491900367762,960.055908203125,903d185fccf839df
1491900367937,960.043701171875,903d185fccf839df
1491900368117,960.03369140625,903d185fccf839df
1491900368297,960.01025390625,903d185fccf839df
1491900368488,960.0029296875,903d185fccf839df
1491900368659,959.989013671875,903d185fccf839df
1491900368840,959.987060546875,903d185fccf839df
1491900369019,959.976318359375,903d185fccf839df
1491900369198,959.970947265625,903d185fccf839df
1491900369389,959.960693359375,903d185fccf839df
1491900369557,959.95849609375,903d185fccf839df
1491900369738,959.95556640625,903d185fccf839df
1491900369918,959.962890625,903d185fccf839df
1491900370098,959.96826171875,903d185fccf839df
1491900370278,959.967041015625,903d185fccf839df
1491900370457,959.962158203125,903d185fccf839df
1491900370638,959.952880859375,903d185fccf839df
1491900370819,959.964599609375,903d185fccf839df
1491900370997,959.9609375,903d185fccf839df
1491900371178,959.955810546875,903d185fccf839df
1491900371373,959.950439453125,903d185fccf839df
1491900371538,959.93408203125,903d185fccf839df
1491900371717,959.923095703125,903d185fccf839df
1491900371897,959.921142578125,903d185fccf839df
1491900372077,959.91357421875,903d185fccf839df
1491900372263,959.898681640625,903d185fccf839df
1491900372439,959.8994140625,903d185fccf839df
1491900372631,959.885986328125,903d185fccf839df
1491900372797,959.88720703125,903d185fccf839df
1491900372978,959.888671875,903d185fccf839df
1491900373167,959.885498046875,903d185fccf839df
1491900373344,959.889892578125,903d185fccf839df
1491900373517,959.89013671875,903d185fccf839df
1491900373700,959.892578125,903d185fccf839df
1491900373878,959.885009765625,903d185fccf839df
1491900374062,959.87939453125,903d185fccf839df
1491900374246,959.8720703125,903d185fccf839df
1491900374419,959.875,903d185fccf839df
1491900374598,959.8740234375,903d185fccf839df
1491900374778,959.85791015625,903d185fccf839df
1491900374962,959.8388671875,903d185fccf839df
1491900375137,959.84619140625,903d185fccf839df
1491900375318,959.848876953125,903d185fccf839df
1491900375497,959.8515625,903d185fccf839df
1491900375679,959.850830078125,903d185fccf839df
1491900375859,959.8681640625,903d185fccf839df
1491900376038,959.875732421875,903d185fccf839df
1491900376219,959.8828125,903d185fccf839df
1491900376397,959.886474609375,903d185fccf839df
1491900376577,959.89892578125,903d185fccf839df
1491900376758,959.907470703125,903d185fccf839df
1491900376937,959.9111328125,903d185fccf839df
1491900377118,959.9130859375,903d185fccf839df
1491900377300,959.91455078125,903d185fccf839df
1491900377478,959.9052734375,903d185fccf839df
1491900377663,959.91259765625,903d185fccf839df
1491900377839,959.9091796875,903d185fccf839df
1491900378017,959.89111328125,903d185fccf839df
1491900378197,959.885009765625,903d185fccf839df
1491900378380,959.874267578125,903d185fccf839df
1491900378558,959.8525390625,903d185fccf839df
1491900378738,959.848876953125,903d185fccf839df
1491900378927,959.8583984375,903d185fccf839df
1491900379106,959.84912109375,903d185fccf839df
1491900379277,959.855712890625,903d185fccf839df
1491900379457,959.85791015625,903d185fccf839df
1491900379654,959.86376953125,903d185fccf839df
1491900379818,959.873046875,903d185fccf839df
1491900379998,959.881591796875,903d185fccf839df
1491900380178,959.876953125,903d185fccf839df
1491900380538,959.876708984375,903d185fccf839df
1491900380717,959.88330078125,903d185fccf839df
1491900380904,959.868896484375,903d185fccf839df
1491900381077,959.872314453125,903d185fccf839df
1491900381257,959.876953125,903d185fccf839df
1491900381437,959.882080078125,903d185fccf839df
1491900381619,959.8740234375,903d185fccf839df
1491900381798,959.87646484375,903d185fccf839df
1491900381977,959.8701171875,903d185fccf839df
1491900382157,959.887451171875,903d185fccf839df
1491900382338,959.8818359375,903d185fccf839df
1491900382519,959.877685546875,903d185fccf839df
1491900382704,959.872802734375,903d185fccf839df
1491900382877,959.87158203125,903d185fccf839df
1491900383058,959.88623046875,903d185fccf839df
1491900383238,959.886962890625,903d185fccf839df
1491900383417,959.883056640625,903d185fccf839df
1491900383597,959.880859375,903d185fccf839df
1491900383778,959.88623046875,903d185fccf839df
1491900383959,959.88330078125,903d185fccf839df
1491900384142,959.880859375,903d185fccf839df
1491900384319,959.88037109375,903d185fccf839df
1491900384499,959.87890625,903d185fccf839df
1491900384678,959.875244140625,903d185fccf839df
1491900384892,959.881103515625,903d185fccf839df
1491900385038,959.868408203125,903d185fccf839df
1491900385218,959.871337890625,903d185fccf839df
1491900385398,959.8828125,903d185fccf839df
1491900385577,959.880126953125,903d185fccf839df
1491900385763,959.8740234375,903d185fccf839df
1491900385938,959.87939453125,903d185fccf839df
1491900386120,959.879150390625,903d185fccf839df
1491900386302,959.88330078125,903d185fccf839df
1491900386478,959.8876953125,903d185fccf839df
1491900386658,959.882568359375,903d185fccf839df
1491900386839,959.879638671875,903d185fccf839df
1491900387019,959.87548828125,903d185fccf839df
1491900387198,959.8798828125,903d185fccf839df
1491900387381,959.8623046875,903d185fccf839df
1491900387558,959.8740234375,903d185fccf839df
1491900387738,959.873046875,903d185fccf839df
1491900387919,959.869140625,903d185fccf839df
1491900388097,959.86083984375,903d185fccf839df
1491900388282,959.86376953125,903d185fccf839df
1491900388457,959.861083984375,903d185fccf839df
1491900388639,959.873046875,903d185fccf839df
1491900388818,959.86669921875,903d185fccf839df
1491900389025,959.851806640625,903d185fccf839df
1491900389177,959.852783203125,903d185fccf839df
1491900389358,959.862060546875,903d185fccf839df
1491900389538,959.856201171875,903d185fccf839df
1491900389718,959.8505859375,903d185fccf839df
1491900389898,959.85888671875,903d185fccf839df
1491900390080,959.855712890625,903d185fccf839df
1491900390261,959.863037109375,903d185fccf839df
1491900390440,959.867431640625,903d185fccf839df
1491900390618,959.87451171875,903d185fccf839df
1491900390797,959.87158203125,903d185fccf839df
1491900390979,959.893798828125,903d185fccf839df
1491900391157,959.894775390625,903d185fccf839df
1491900391346,959.9072265625,903d185fccf839df
1491900391530,959.911865234375,903d185fccf839df
1491900391700,959.90478515625,903d185fccf839df
1491900391879,959.890625,903d185fccf839df
1491900392058,959.8935546875,903d185fccf839df
1491900392239,959.879150390625,903d185fccf839df
1491900392418,959.867919921875,903d185fccf839df
1491900392599,959.875732421875,903d185fccf839df
1491900392790,959.881103515625,903d185fccf839df
1491900392964,959.8818359375,903d185fccf839df
1491900393137,959.902587890625,903d185fccf839df
1491900393318,959.89697265625,903d185fccf839df
1491900393514,959.91748046875,903d185fccf839df
1491900393680,959.927001953125,903d185fccf839df
1491900393858,959.9326171875,903d185fccf839df
1491900394038,959.906005859375,903d185fccf839df
1491900394218,959.907470703125,903d185fccf839df
1491900394399,959.905029296875,903d185fccf839df
1491900394581,959.887939453125,903d185fccf839df
1491900394758,959.883544921875,903d185fccf839df
1491900394938,959.8701171875,903d185fccf839df
1491900395118,959.850830078125,903d185fccf839df
1491900395298,959.86474609375,903d185fccf839df
1491900395478,959.874267578125,903d185fccf839df
1491900395658,959.876953125,903d185fccf839df
1491900395849,959.8798828125,903d185fccf839df
1491900396018,959.87060546875,903d185fccf839df
1491900396198,959.87353515625,903d185fccf839df
1491900396382,959.8818359375,903d185fccf839df
1491900396566,959.877197265625,903d185fccf839df
1491900396739,959.8671875,903d185fccf839df
1491900396919,959.865478515625,903d185fccf839df
1491900397099,959.86328125,903d185fccf839df
1491900397279,959.877197265625,903d185fccf839df
1491900397458,959.877685546875,903d185fccf839df
1491900397639,959.88427734375,903d185fccf839df
1491900397819,959.90234375,903d185fccf839df
1491900397998,959.903564453125,903d185fccf839df
1491900398178,959.911376953125,903d185fccf839df
1491900398366,959.913330078125,903d185fccf839df
1491900398538,959.91357421875,903d185fccf839df
1491900398719,959.918701171875,903d185fccf839df
1491900398898,959.906494140625,903d185fccf839df
1491900399078,959.901611328125,903d185fccf839df
1491900399260,959.901123046875,903d185fccf839df
1491900399438,959.903564453125,903d185fccf839df
1491900399619,959.909912109375,903d185fccf839df
1491900399801,959.916015625,903d185fccf839df
1491900399978,959.916748046875,903d185fccf839df
1491900400169,959.917236328125,903d185fccf839df
1491900400340,959.92138671875,903d185fccf839df
1491900400520,959.92822265625,903d185fccf839df
1491900400698,959.9169921875,903d185fccf839df
1491900400879,959.9287109375,903d185fccf839df
1491900401058,959.930908203125,903d185fccf839df
1491900401238,959.937255859375,903d185fccf839df
1491900401425,959.932373046875,903d185fccf839df
1491900401601,959.930419921875,903d185fccf839df
1491900401778,959.9306640625,903d185fccf839df
1491900401959,959.931396484375,903d185fccf839df
1491900402139,959.926513671875,903d185fccf839df
1491900402323,959.925537109375,903d185fccf839df
1491900402498,959.906494140625,903d185fccf839df
1491900402679,959.90576171875,903d185fccf839df
1491900402859,959.914306640625,903d185fccf839df
1491900403041,959.899658203125,903d185fccf839df
1491900403227,959.904052734375,903d185fccf839df
1491900403398,959.904052734375,903d185fccf839df
1491900403579,959.91064453125,903d185fccf839df
1491900403760,959.912109375,903d185fccf839df
1491900403940,959.9169921875,903d185fccf839df
1491900404119,959.903564453125,903d185fccf839df
1491900404298,959.90283203125,903d185fccf839df
1491900404478,959.911865234375,903d185fccf839df
1491900404658,959.9033203125,903d185fccf839df
1491900404839,959.896240234375,903d185fccf839df
1491900405024,959.8828125,903d185fccf839df
1491900405198,959.887939453125,903d185fccf839df
1491900405383,959.892333984375,903d185fccf839df
1491900405558,959.8955078125,903d185fccf839df
1491900405751,959.88916015625,903d185fccf839df
1491900405919,959.875244140625,903d185fccf839df
1491900406098,959.872802734375,903d185fccf839df
1491900406280,959.866943359375,903d185fccf839df
1491900406463,959.86376953125,903d185fccf839df
1491900406639,959.872314453125,903d185fccf839df
1491900406821,959.872802734375,903d185fccf839df
1491900406998,959.880859375,903d185fccf839df
1491900407178,959.883056640625,903d185fccf839df
1491900407359,959.900146484375,903d185fccf839df
1491900407539,959.911376953125,903d185fccf839df
1491900407719,959.902099609375,903d185fccf839df
1491900407904,959.89599609375,903d185fccf839df
1491900408083,959.89501953125,903d185fccf839df
1491900408258,959.8974609375,903d185fccf839df
1491900408439,959.8974609375,903d185fccf839df
1491900408619,959.8994140625,903d185fccf839df
1491900408798,959.89501953125,903d185fccf839df
1491900408979,959.88720703125,903d185fccf839df
1491900409159,959.890625,903d185fccf839df
1491900409340,959.884765625,903d185fccf839df
1491900409518,959.88427734375,903d185fccf839df
1491900409699,959.876953125,903d185fccf839df
1491900409880,959.875,903d185fccf839df
1491900410063,959.86767578125,903d185fccf839df
1491900410239,959.86962890625,903d185fccf839df
1491900410419,959.87255859375,903d185fccf839df
1491900410598,959.873779296875,903d185fccf839df
1491900410780,959.8779296875,903d185fccf839df
1491900410960,959.87939453125,903d185fccf839df
1491900411139,959.88671875,903d185fccf839df
1491900411319,959.887939453125,903d185fccf839df
1491900411500,959.89306640625,903d185fccf839df
1491900411678,959.89794921875,903d185fccf839df
1491900411858,959.897705078125,903d185fccf839df
1491900412043,959.895263671875,903d185fccf839df
1491900412218,959.897705078125,903d185fccf839df
1491900412399,959.896240234375,903d185fccf839df
1491900412579,959.8984375,903d185fccf839df
1491900412764,959.8955078125,903d185fccf839df
1491900412938,959.8857421875,903d185fccf839df
1491900413118,959.88916015625,903d185fccf839df
1491900413298,959.894287109375,903d185fccf839df
1491900413479,959.8876953125,903d185fccf839df
1491900413660,959.8955078125,903d185fccf839df
1491900413841,959.8798828125,903d185fccf839df
1491900414019,959.8720703125,903d185fccf839df
1491900414199,959.882080078125,903d185fccf839df
1491900414380,959.885986328125,903d185fccf839df
1491900414560,959.877685546875,903d185fccf839df
1491900414739,959.874755859375,903d185fccf839df
1491900414922,959.876220703125,903d185fccf839df
1491900415099,959.87451171875,903d185fccf839df
1491900415289,959.90087890625,903d185fccf839df
1491900415458,959.90771484375,903d185fccf839df
1491900415639,959.897216796875,903d185fccf839df
1491900415818,959.900634765625,903d185fccf839df
1491900415999,959.910400390625,903d185fccf839df
1491900416179,959.918212890625,903d185fccf839df
1491900416359,959.926025390625,903d185fccf839df
1491900416540,959.92138671875,903d185fccf839df
1491900416723,959.915283203125,903d185fccf839df
1491900416899,959.916015625,903d185fccf839df
1491900417079,959.90966796875,903d185fccf839df
1491900417259,959.897705078125,903d185fccf839df
1491900417441,959.87744140625,903d185fccf839df
1491900417619,959.855712890625,903d185fccf839df
1491900417798,959.8447265625,903d185fccf839df
1491900417979,959.85693359375,903d185fccf839df
1491900418159,959.848876953125,903d185fccf839df
1491900418339,959.8359375,903d185fccf839df
1491900418519,959.8349609375,903d185fccf839df
1491900418699,959.842041015625,903d185fccf839df
1491900418879,959.84765625,903d185fccf839df
1491900419059,959.8388671875,903d185fccf839df
1491900419247,959.83154296875,903d185fccf839df
1491900419423,959.8251953125,903d185fccf839df
1491900419599,959.83740234375,903d185fccf839df
1491900419781,959.8447265625,903d185fccf839df
1491900419958,959.840087890625,903d185fccf839df
1491900420138,959.846923828125,903d185fccf839df
1491900420318,959.855712890625,903d185fccf839df
1491900420499,959.871826171875,903d185fccf839df
1491900420680,959.880126953125,903d185fccf839df
1491900420859,959.8701171875,903d185fccf839df
1491900421041,959.86376953125,903d185fccf839df
1491900421220,959.8720703125,903d185fccf839df
1491900421399,959.880615234375,903d185fccf839df
1491900421585,959.873046875,903d185fccf839df
1491900421759,959.8662109375,903d185fccf839df
1491900421938,959.86181640625,903d185fccf839df
1491900422120,959.86328125,903d185fccf839df
1491900422299,959.876220703125,903d185fccf839df
1491900422479,959.880615234375,903d185fccf839df
1491900422659,959.873291015625,903d185fccf839df
1491900422840,959.86181640625,903d185fccf839df
1491900423032,959.86474609375,903d185fccf839df
1491900423198,959.85546875,903d185fccf839df
1491900423382,959.84326171875,903d185fccf839df
1491900423559,959.845947265625,903d185fccf839df
1491900423739,959.8330078125,903d185fccf839df
1491900423919,959.826171875,903d185fccf839df
1491900424099,959.84375,903d185fccf839df
1491900424279,959.857177734375,903d185fccf839df
1491900424460,959.86279296875,903d185fccf839df
1491900424639,959.8623046875,903d185fccf839df
1491900424819,959.87255859375,903d185fccf839df
1491900424999,959.870849609375,903d185fccf839df
1491900425179,959.889892578125,903d185fccf839df
1491900425363,959.882568359375,903d185fccf839df
1491900425541,959.8671875,903d185fccf839df
1491900425727,959.868408203125,903d185fccf839df
1491900425908,959.865478515625,903d185fccf839df
1491900426078,959.856201171875,903d185fccf839df
1491900426260,959.85205078125,903d185fccf839df
1491900426439,959.856201171875,903d185fccf839df
1491900426621,959.845458984375,903d185fccf839df
1491900426799,959.84228515625,903d185fccf839df
1491900426978,959.85009765625,903d185fccf839df
1491900427160,959.8466796875,903d185fccf839df
1491900427340,959.848876953125,903d185fccf839df
1491900427519,959.86181640625,903d185fccf839df
1491900427699,959.844482421875,903d185fccf839df
1491900427880,959.8515625,903d185fccf839df
1491900428059,959.8544921875,903d185fccf839df
1491900428239,959.84423828125,903d185fccf839df
1491900428421,959.836181640625,903d185fccf839df
1491900428599,959.858642578125,903d185fccf839df
1491900428779,959.852783203125,903d185fccf839df
1491900428961,959.86083984375,903d185fccf839df
1491900429140,959.869384765625,903d185fccf839df
1491900429348,959.864013671875,903d185fccf839df
1491900429499,959.875732421875,903d185fccf839df
1491900429680,959.88623046875,903d185fccf839df
1491900429859,959.880126953125,903d185fccf839df
1491900430039,959.86669921875,903d185fccf839df
1491900430222,959.87255859375,903d185fccf839df
1491900430399,959.86083984375,903d185fccf839df
1491900430579,959.856689453125,903d185fccf839df
1491900430760,959.865966796875,903d185fccf839df
1491900430940,959.85107421875,903d185fccf839df
1491900431120,959.84814453125,903d185fccf839df
1491900431303,959.83935546875,903d185fccf839df
1491900431479,959.84619140625,903d185fccf839df
1491900431660,959.841796875,903d185fccf839df
1491900431840,959.868896484375,903d185fccf839df
1491900432019,959.868408203125,903d185fccf839df
1491900432200,959.87939453125,903d185fccf839df
1491900432380,959.896484375,903d185fccf839df
1491900432560,959.9052734375,903d185fccf839df
1491900432739,959.89990234375,903d185fccf839df
1491900432920,959.9091796875,903d185fccf839df
1491900433099,959.899658203125,903d185fccf839df
1491900433279,959.884765625,903d185fccf839df
1491900433459,959.8837890625,903d185fccf839df
1491900433640,959.8798828125,903d185fccf839df
1491900433819,959.8798828125,903d185fccf839df
1491900434001,959.8984375,903d185fccf839df
1491900434179,959.914794921875,903d185fccf839df
1491900434364,959.909423828125,903d185fccf839df
1491900434539,959.91064453125,903d185fccf839df
1491900434720,959.92724609375,903d185fccf839df
1491900434900,959.91162109375,903d185fccf839df
1491900435079,959.9140625,903d185fccf839df
1491900435260,959.900146484375,903d185fccf839df
1491900435440,959.8984375,903d185fccf839df
1491900435621,959.896728515625,903d185fccf839df
1491900435799,959.885986328125,903d185fccf839df
1491900435979,959.88330078125,903d185fccf839df
1491900436159,959.884033203125,903d185fccf839df
1491900436339,959.8857421875,903d185fccf839df
1491900436520,959.890625,903d185fccf839df
1491900436700,959.89599609375,903d185fccf839df
1491900436879,959.903076171875,903d185fccf839df
1491900437060,959.905517578125,903d185fccf839df
1491900437243,959.920166015625,903d185fccf839df
1491900437420,959.939208984375,903d185fccf839df
1491900437599,959.933349609375,903d185fccf839df
1491900437779,959.945556640625,903d185fccf839df
1491900437960,959.93603515625,903d185fccf839df
1491900438139,959.93603515625,903d185fccf839df
1491900438330,959.917236328125,903d185fccf839df
1491900438502,959.916748046875,903d185fccf839df
1491900438679,959.910888671875,903d185fccf839df
1491900438860,959.903076171875,903d185fccf839df
1491900439042,959.901611328125,903d185fccf839df
1491900439219,959.90869140625,903d185fccf839df
1491900439402,959.914794921875,903d185fccf839df
1491900439581,959.927490234375,903d185fccf839df
1491900439760,959.941650390625,903d185fccf839df
1491900439939,959.9404296875,903d185fccf839df
1491900440122,959.94970703125,903d185fccf839df
1491900440299,959.94287109375,903d185fccf839df
1491900440479,959.935791015625,903d185fccf839df
1491900440659,959.928466796875,903d185fccf839df
1491900440841,959.915283203125,903d185fccf839df
1491900441024,959.905029296875,903d185fccf839df
1491900441199,959.909912109375,903d185fccf839df
1491900441382,959.9150390625,903d185fccf839df
1491900441560,959.9169921875,903d185fccf839df
1491900441739,959.927001953125,903d185fccf839df
1491900441919,959.935302734375,903d185fccf839df
1491900442099,959.932861328125,903d185fccf839df
1491900442279,959.958740234375,903d185fccf839df
1491900442459,959.958984375,903d185fccf839df
1491900442642,959.946533203125,903d185fccf839df
1491900442820,959.961181640625,903d185fccf839df
1491900442999,959.956787109375,903d185fccf839df
1491900443182,959.9609375,903d185fccf839df
1491900443368,959.96728515625,903d185fccf839df
1491900443541,959.959228515625,903d185fccf839df
1491900443720,959.9521484375,903d185fccf839df
1491900443901,959.95654296875,903d185fccf839df
1491900444079,959.948974609375,903d185fccf839df
1491900444260,959.95703125,903d185fccf839df
1491900444440,959.954345703125,903d185fccf839df
1491900444629,959.94482421875,903d185fccf839df
1491900444799,959.924072265625,903d185fccf839df
1491900444983,959.929931640625,903d185fccf839df
1491900445160,959.9140625,903d185fccf839df
1491900445340,959.898193359375,903d185fccf839df
1491900445528,959.8837890625,903d185fccf839df
1491900445701,959.870361328125,903d185fccf839df
1491900445879,959.851318359375,903d185fccf839df
1491900446060,959.85009765625,903d185fccf839df
1491900446240,959.843994140625,903d185fccf839df
1491900446419,959.832763671875,903d185fccf839df
1491900446602,959.822265625,903d185fccf839df
1491900446779,959.8193359375,903d185fccf839df
1491900446960,959.8232421875,903d185fccf839df
1491900447139,959.827392578125,903d185fccf839df
1491900447320,959.816162109375,903d185fccf839df
1491900447500,959.827880859375,903d185fccf839df
1491900447680,959.812744140625,903d185fccf839df
1491900447865,959.8115234375,903d185fccf839df
1491900448039,959.804443359375,903d185fccf839df
1491900448224,959.806640625,903d185fccf839df
1491900448401,959.79833984375,903d185fccf839df
1491900448579,959.7841796875,903d185fccf839df
1491900448760,959.780517578125,903d185fccf839df
1491900448939,959.774658203125,903d185fccf839df
1491900449122,959.779541015625,903d185fccf839df
1491900449300,959.780517578125,903d185fccf839df
1491900449480,959.765869140625,903d185fccf839df
1491900449661,959.772216796875,903d185fccf839df
1491900449842,959.7685546875,903d185fccf839df
1491900450020,959.760009765625,903d185fccf839df
1491900450200,959.748779296875,903d185fccf839df
1491900450380,959.739501953125,903d185fccf839df
1491900450562,959.721435546875,903d185fccf839df
1491900450740,959.709716796875,903d185fccf839df
1491900450920,959.697998046875,903d185fccf839df
1491900451102,959.68212890625,903d185fccf839df
1491900451280,959.67236328125,903d185fccf839df
1491900451460,959.67138671875,903d185fccf839df
1491900451640,959.650634765625,903d185fccf839df
1491900451822,959.655517578125,903d185fccf839df
1491900452008,959.65966796875,903d185fccf839df
1491900452185,959.653564453125,903d185fccf839df
1491900452363,959.654541015625,903d185fccf839df
1491900452540,959.643798828125,903d185fccf839df
1491900452720,959.641845703125,903d185fccf839df
1491900452900,959.64404296875,903d185fccf839df
1491900453080,959.634521484375,903d185fccf839df
1491900453265,959.621826171875,903d185fccf839df
1491900453440,959.6181640625,903d185fccf839df
1491900453621,959.60546875,903d185fccf839df
1491900453801,959.5908203125,903d185fccf839df
1491900453980,959.60498046875,903d185fccf839df
1491900454160,959.609130859375,903d185fccf839df
1491900454345,959.61767578125,903d185fccf839df
1491900454520,959.619140625,903d185fccf839df
1491900454700,959.61767578125,903d185fccf839df
1491900454883,959.613037109375,903d185fccf839df
1491900455065,959.62744140625,903d185fccf839df
1491900455240,959.61865234375,903d185fccf839df
1491900455421,959.6044921875,903d185fccf839df
1491900455611,959.593505859375,903d185fccf839df
1491900455780,959.5908203125,903d185fccf839df
1491900455963,959.583251953125,903d185fccf839df
1491900456145,959.58203125,903d185fccf839df
1491900456320,959.570068359375,903d185fccf839df
1491900456500,959.56396484375,903d185fccf839df
1491900456680,959.559814453125,903d185fccf839df
1491900456861,959.553466796875,903d185fccf839df
1491900457041,959.54345703125,903d185fccf839df
1491900457220,959.543212890625,903d185fccf839df
1491900457401,959.544189453125,903d185fccf839df
1491900457585,959.533447265625,903d185fccf839df
1491900457771,959.535888671875,903d185fccf839df
1491900457943,959.540771484375,903d185fccf839df
1491900458120,959.533203125,903d185fccf839df
1491900458301,959.5244140625,903d185fccf839df
1491900458485,959.51611328125,903d185fccf839df
1491900458660,959.501953125,903d185fccf839df
1491900458840,959.497802734375,903d185fccf839df
1491900459020,959.49462890625,903d185fccf839df
1491900459206,959.483642578125,903d185fccf839df
1491900459380,959.48974609375,903d185fccf839df
1491900459560,959.494873046875,903d185fccf839df
1491900459740,959.506103515625,903d185fccf839df
1491900459920,959.512939453125,903d185fccf839df
1491900460101,959.521728515625,903d185fccf839df
1491900460281,959.522216796875,903d185fccf839df
1491900460466,959.5244140625,903d185fccf839df
1491900460641,959.531494140625,903d185fccf839df
1491900460821,959.5361328125,903d185fccf839df
1491900461000,959.543212890625,903d185fccf839df
1491900461182,959.532470703125,903d185fccf839df
1491900461360,959.537841796875,903d185fccf839df
1491900461542,959.53369140625,903d185fccf839df
1491900461737,959.53564453125,903d185fccf839df
1491900461900,959.552001953125,903d185fccf839df
1491900462080,959.5390625,903d185fccf839df
1491900462263,959.543701171875,903d185fccf839df
1491900462440,959.542236328125,903d185fccf839df
1491900462621,959.547607421875,903d185fccf839df
1491900462811,959.55126953125,903d185fccf839df
1491900462980,959.554931640625,903d185fccf839df
1491900463160,959.525634765625,903d185fccf839df
1491900463341,959.51806640625,903d185fccf839df
1491900463520,959.512939453125,903d185fccf839df
1491900463700,959.503173828125,903d185fccf839df
1491900463889,959.4921875,903d185fccf839df
1491900464061,959.486083984375,903d185fccf839df
1491900464241,959.48681640625,903d185fccf839df
1491900464421,959.4951171875,903d185fccf839df
1491900464601,959.48388671875,903d185fccf839df
1491900464781,959.492919921875,903d185fccf839df
1491900464961,959.477294921875,903d185fccf839df
1491900465142,959.483154296875,903d185fccf839df
1491900465320,959.482177734375,903d185fccf839df
1491900465505,959.469970703125,903d185fccf839df
1491900465680,959.458984375,903d185fccf839df
1491900465860,959.472412109375,903d185fccf839df
1491900466040,959.46923828125,903d185fccf839df
1491900466229,959.480224609375,903d185fccf839df
1491900466400,959.48876953125,903d185fccf839df
1491900466580,959.497802734375,903d185fccf839df
1491900466764,959.486328125,903d185fccf839df
1491900466943,959.4736328125,903d185fccf839df
1491900467121,959.4619140625,903d185fccf839df
1491900467300,959.443115234375,903d185fccf839df
1491900467480,959.425048828125,903d185fccf839df
1491900467660,959.3994140625,903d185fccf839df
1491900467841,959.382568359375,903d185fccf839df
1491900468022,959.392333984375,903d185fccf839df
1491900468201,959.4052734375,903d185fccf839df
1491900468383,959.4052734375,903d185fccf839df
1491900468561,959.400146484375,903d185fccf839df
1491900468741,959.395263671875,903d185fccf839df
1491900468921,959.399169921875,903d185fccf839df
1491900469101,959.403564453125,903d185fccf839df
1491900469280,959.38916015625,903d185fccf839df
1491900469461,959.375244140625,903d185fccf839df
1491900469640,959.37939453125,903d185fccf839df
1491900469821,959.388671875,903d185fccf839df
1491900470003,959.4267578125,903d185fccf839df
1491900470183,959.44140625,903d185fccf839df
1491900470369,959.453125,903d185fccf839df
1491900470544,959.467041015625,903d185fccf839df
1491900470720,959.46533203125,903d185fccf839df
1491900470901,959.478271484375,903d185fccf839df
1491900471080,959.480712890625,903d185fccf839df
1491900471265,959.481201171875,903d185fccf839df
1491900471450,959.477783203125,903d185fccf839df
1491900471621,959.46337890625,903d185fccf839df
1491900471801,959.4580078125,903d185fccf839df
1491900471982,959.478515625,903d185fccf839df
1491900472161,959.4892578125,903d185fccf839df
1491900472340,959.49609375,903d185fccf839df
1491900472521,959.492919921875,903d185fccf839df
1491900472705,959.48876953125,903d185fccf839df
1491900472881,959.48486328125,903d185fccf839df
1491900473062,959.48388671875,903d185fccf839df
1491900473241,959.473388671875,903d185fccf839df
1491900473421,959.452392578125,903d185fccf839df
1491900473601,959.447265625,903d185fccf839df
1491900473785,959.44580078125,903d185fccf839df
1491900473966,959.439697265625,903d185fccf839df
1491900474146,959.434326171875,903d185fccf839df
1491900474321,959.4384765625,903d185fccf839df
1491900474505,959.443115234375,903d185fccf839df
1491900474681,959.439697265625,903d185fccf839df
1491900474861,959.425048828125,903d185fccf839df
1491900475055,959.421630859375,903d185fccf839df
1491900475221,959.424072265625,903d185fccf839df
1491900475401,959.415771484375,903d185fccf839df
1491900475581,959.41552734375,903d185fccf839df
1491900475760,959.41015625,903d185fccf839df
1491900475945,959.423828125,903d185fccf839df
1491900476133,959.426513671875,903d185fccf839df
1491900476302,959.42529296875,903d185fccf839df
1491900476481,959.42431640625,903d185fccf839df
1491900476660,959.41943359375,903d185fccf839df
1491900476842,959.412353515625,903d185fccf839df
1491900477022,959.41015625,903d185fccf839df
1491900477205,959.404541015625,903d185fccf839df
1491900477383,959.39013671875,903d185fccf839df
1491900477564,959.400146484375,903d185fccf839df
1491900477741,959.404052734375,903d185fccf839df
1491900477922,959.400390625,903d185fccf839df
1491900478107,959.411376953125,903d185fccf839df
1491900478280,959.421875,903d185fccf839df
1491900478462,959.4267578125,903d185fccf839df
1491900478652,959.435791015625,903d185fccf839df
1491900478821,959.4482421875,903d185fccf839df
1491900479009,959.42822265625,903d185fccf839df
1491900479180,959.427001953125,903d185fccf839df
1491900479542,959.421875,903d185fccf839df
1491900479735,959.4111328125,903d185fccf839df
1491900479901,959.4130859375,903d185fccf839df
1491900480080,959.40966796875,903d185fccf839df
1491900480266,959.402099609375,903d185fccf839df
1491900480443,959.395751953125,903d185fccf839df
1491900480621,959.397216796875,903d185fccf839df
1491900480801,959.39697265625,903d185fccf839df
1491900480981,959.411376953125,903d185fccf839df
1491900481165,959.40234375,903d185fccf839df
1491900481341,959.396484375,903d185fccf839df
1491900481522,959.400634765625,903d185fccf839df
1491900481701,959.394775390625,903d185fccf839df
1491900481880,959.40380859375,903d185fccf839df
1491900482062,959.403076171875,903d185fccf839df
1491900482243,959.405517578125,903d185fccf839df
1491900482421,959.40625,903d185fccf839df
1491900482600,959.4111328125,903d185fccf839df
1491900482781,959.41064453125,903d185fccf839df
1491900482964,959.424072265625,903d185fccf839df
1491900483142,959.430908203125,903d185fccf839df
1491900483324,959.427001953125,903d185fccf839df
1491900483501,959.429443359375,903d185fccf839df
1491900483681,959.426513671875,903d185fccf839df
1491900483861,959.430419921875,903d185fccf839df
1491900484045,959.424560546875,903d185fccf839df
1491900484221,959.430908203125,903d185fccf839df
1491900484400,959.41552734375,903d185fccf839df
1491900484582,959.410888671875,903d185fccf839df
1491900484761,959.417236328125,903d185fccf839df
1491900484941,959.43017578125,903d185fccf839df
1491900485127,959.430908203125,903d185fccf839df
1491900485300,959.4365234375,903d185fccf839df
1491900485481,959.439697265625,903d185fccf839df
1491900485662,959.446044921875,903d185fccf839df
1491900485841,959.448974609375,903d185fccf839df
1491900486021,959.446533203125,903d185fccf839df
1491900486200,959.4384765625,903d185fccf839df
1491900486383,959.450927734375,903d185fccf839df
1491900486562,959.439453125,903d185fccf839df
1491900486741,959.44580078125,903d185fccf839df
1491900486922,959.435791015625,903d185fccf839df
1491900487101,959.418701171875,903d185fccf839df
1491900487281,959.422119140625,903d185fccf839df
1491900487462,959.424072265625,903d185fccf839df
1491900487641,959.40185546875,903d185fccf839df
1491900487822,959.394775390625,903d185fccf839df
1491900488002,959.392333984375,903d185fccf839df
1491900488188,959.3916015625,903d185fccf839df
1491900488367,959.393798828125,903d185fccf839df
1491900488541,959.386474609375,903d185fccf839df
1491900488726,959.392822265625,903d185fccf839df
1491900488901,959.400634765625,903d185fccf839df
1491900489081,959.403564453125,903d185fccf839df
1491900489272,959.397705078125,903d185fccf839df
1491900489441,959.3955078125,903d185fccf839df
1491900489625,959.3955078125,903d185fccf839df
1491900489801,959.39208984375,903d185fccf839df
1491900489981,959.388427734375,903d185fccf839df
1491900490163,959.39794921875,903d185fccf839df
1491900490341,959.385498046875,903d185fccf839df
1491900490523,959.388916015625,903d185fccf839df
1491900490702,959.403076171875,903d185fccf839df
1491900490882,959.388916015625,903d185fccf839df
1491900491062,959.391845703125,903d185fccf839df
1491900491243,959.39599609375,903d185fccf839df
1491900491422,959.394287109375,903d185fccf839df
1491900491603,959.386962890625,903d185fccf839df
1491900491786,959.384033203125,903d185fccf839df
1491900491967,959.39794921875,903d185fccf839df
1491900492141,959.399169921875,903d185fccf839df
1491900492321,959.408447265625,903d185fccf839df
1491900492502,959.406005859375,903d185fccf839df
1491900492681,959.40478515625,903d185fccf839df
1491900492864,959.40283203125,903d185fccf839df
1491900493041,959.41064453125,903d185fccf839df
1491900493221,959.413330078125,903d185fccf839df
1491900493406,959.408935546875,903d185fccf839df
1491900493583,959.41552734375,903d185fccf839df
1491900493762,959.414306640625,903d185fccf839df
1491900493959,959.408203125,903d185fccf839df
1491900494123,959.40478515625,903d185fccf839df
1491900494301,959.414794921875,903d185fccf839df
1491900494483,959.405029296875,903d185fccf839df
1491900494667,959.404052734375,903d185fccf839df
1491900494843,959.405517578125,903d185fccf839df
1491900495021,959.396484375,903d185fccf839df
1491900495204,959.39892578125,903d185fccf839df
1491900495381,959.42138671875,903d185fccf839df
1491900495562,959.419921875,903d185fccf839df
1491900495742,959.40234375,903d185fccf839df
1491900495922,959.396240234375,903d185fccf839df
1491900496103,959.40869140625,903d185fccf839df
1491900496281,959.40283203125,903d185fccf839df
1491900496462,959.408935546875,903d185fccf839df
1491900496642,959.411865234375,903d185fccf839df
1491900496821,959.389404296875,903d185fccf839df
1491900497002,959.40234375,903d185fccf839df
1491900497181,959.40673828125,903d185fccf839df
1491900497361,959.396728515625,903d185fccf839df
1491900497541,959.40771484375,903d185fccf839df
1491900497722,959.408447265625,903d185fccf839df
1491900497901,959.39453125,903d185fccf839df
1491900498081,959.39501953125,903d185fccf839df
1491900498261,959.390869140625,903d185fccf839df
1491900498442,959.3818359375,903d185fccf839df
1491900498621,959.38037109375,903d185fccf839df
1491900498801,959.375244140625,903d185fccf839df
1491900498981,959.371337890625,903d185fccf839df
1491900499161,959.3681640625,903d185fccf839df
1491900499341,959.3759765625,903d185fccf839df
1491900499536,959.382568359375,903d185fccf839df
1491900499701,959.3828125,903d185fccf839df
1491900499881,959.396484375,903d185fccf839df
1491900500062,959.3916015625,903d185fccf839df
1491900500242,959.39453125,903d185fccf839df
1491900500422,959.384765625,903d185fccf839df
1491900500602,959.38037109375,903d185fccf839df
1491900500781,959.369140625,903d185fccf839df
1491900500962,959.37060546875,903d185fccf839df
1491900501143,959.3603515625,903d185fccf839df
1491900501321,959.3603515625,903d185fccf839df
1491900501502,959.364990234375,903d185fccf839df
1491900501683,959.369873046875,903d185fccf839df
1491900501864,959.379150390625,903d185fccf839df
1491900502042,959.38330078125,903d185fccf839df
1491900502232,959.395263671875,903d185fccf839df
1491900502403,959.403076171875,903d185fccf839df
1491900502584,959.411376953125,903d185fccf839df
1491900502761,959.397705078125,903d185fccf839df
1491900502941,959.3896484375,903d185fccf839df
1491900503122,959.369140625,903d185fccf839df
1491900503301,959.368896484375,903d185fccf839df
1491900503482,959.364501953125,903d185fccf839df
1491900503665,959.3623046875,903d185fccf839df
1491900503842,959.35205078125,903d185fccf839df
1491900504024,959.361083984375,903d185fccf839df
1491900504202,959.361083984375,903d185fccf839df
1491900504382,959.369384765625,903d185fccf839df
1491900504569,959.3759765625,903d185fccf839df
1491900504742,959.38134765625,903d185fccf839df
1491900504922,959.38427734375,903d185fccf839df
1491900505116,959.389892578125,903d185fccf839df
1491900505281,959.40380859375,903d185fccf839df
1491900505462,959.399658203125,903d185fccf839df
1491900505644,959.414794921875,903d185fccf839df
1491900505822,959.41748046875,903d185fccf839df
1491900506002,959.4130859375,903d185fccf839df
1491900506183,959.412353515625,903d185fccf839df
1491900506542,959.3984375,903d185fccf839df
1491900506726,959.388671875,903d185fccf839df
1491900506901,959.3876953125,903d185fccf839df
1491900507081,959.384033203125,903d185fccf839df
1491900507261,959.373779296875,903d185fccf839df
1491900507441,959.3720703125,903d185fccf839df
1491900507621,959.37353515625,903d185fccf839df
1491900507801,959.377197265625,903d185fccf839df
1491900507983,959.388427734375,903d185fccf839df
1491900508161,959.386962890625,903d185fccf839df
1491900508354,959.396240234375,903d185fccf839df
1491900508523,959.41357421875,903d185fccf839df
1491900508704,959.41162109375,903d185fccf839df
1491900508881,959.41552734375,903d185fccf839df
1491900509062,959.411376953125,903d185fccf839df
1491900509241,959.401123046875,903d185fccf839df
1491900509422,959.391357421875,903d185fccf839df
1491900509602,959.396484375,903d185fccf839df
1491900509785,959.37646484375,903d185fccf839df
1491900509964,959.377685546875,903d185fccf839df
1491900510148,959.37548828125,903d185fccf839df
1491900510323,959.376220703125,903d185fccf839df
1491900510503,959.380126953125,903d185fccf839df
1491900510682,959.39306640625,903d185fccf839df
1491900510862,959.40380859375,903d185fccf839df
1491900511048,959.408203125,903d185fccf839df
1491900511222,959.415771484375,903d185fccf839df
1491900511402,959.418212890625,903d185fccf839df
1491900511582,959.424560546875,903d185fccf839df
1491900511761,959.427490234375,903d185fccf839df
1491900511944,959.421630859375,903d185fccf839df
1491900512123,959.43505859375,903d185fccf839df
1491900512301,959.419677734375,903d185fccf839df
1491900512482,959.41162109375,903d185fccf839df
1491900512663,959.41064453125,903d185fccf839df
1491900512851,959.400390625,903d185fccf839df
1491900513022,959.394775390625,903d185fccf839df
1491900513204,959.398681640625,903d185fccf839df
1491900513387,959.384765625,903d185fccf839df
1491900513576,959.382080078125,903d185fccf839df
1491900513742,959.3828125,903d185fccf839df
1491900513923,959.374267578125,903d185fccf839df
1491900514102,959.380615234375,903d185fccf839df
1491900514283,959.406005859375,903d185fccf839df
1491900514462,959.408447265625,903d185fccf839df
1491900514644,959.406982421875,903d185fccf839df
1491900514821,959.412841796875,903d185fccf839df
1491900515002,959.410888671875,903d185fccf839df
1491900515184,959.40185546875,903d185fccf839df
1491900515388,959.400390625,903d185fccf839df
1491900515543,959.397216796875,903d185fccf839df
1491900515722,959.379150390625,903d185fccf839df
1491900515902,959.359619140625,903d185fccf839df
1491900516085,959.349365234375,903d185fccf839df
1491900516262,959.35205078125,903d185fccf839df
1491900516442,959.37939453125,903d185fccf839df
1491900516622,959.383544921875,903d185fccf839df
1491900516801,959.366455078125,903d185fccf839df
1491900516982,959.382080078125,903d185fccf839df
1491900517166,959.40478515625,903d185fccf839df
1491900517342,959.4052734375,903d185fccf839df
1491900517534,959.41796875,903d185fccf839df
1491900517702,959.4130859375,903d185fccf839df
1491900517884,959.410888671875,903d185fccf839df
1491900518064,959.42138671875,903d185fccf839df
1491900518242,959.415283203125,903d185fccf839df
1491900518423,959.398193359375,903d185fccf839df
1491900518603,959.406494140625,903d185fccf839df
1491900518783,959.39892578125,903d185fccf839df
1491900518962,959.391845703125,903d185fccf839df
1491900519141,959.38330078125,903d185fccf839df
1491900519321,959.373046875,903d185fccf839df
1491900519502,959.375732421875,903d185fccf839df
1491900519682,959.378662109375,903d185fccf839df
1491900519864,959.365966796875,903d185fccf839df
1491900520042,959.371337890625,903d185fccf839df
1491900520223,959.3818359375,903d185fccf839df
1491900520403,959.379150390625,903d185fccf839df
1491900520582,959.36669921875,903d185fccf839df
1491900520762,959.360595703125,903d185fccf839df
1491900520942,959.3662109375,903d185fccf839df
1491900521122,959.370361328125,903d185fccf839df
1491900521302,959.3837890625,903d185fccf839df
1491900521483,959.37109375,903d185fccf839df
1491900521662,959.35888671875,903d185fccf839df
1491900521844,959.369384765625,903d185fccf839df
1491900522030,959.378662109375,903d185fccf839df
1491900522202,959.388427734375,903d185fccf839df
1491900522384,959.381103515625,903d185fccf839df
1491900522565,959.380859375,903d185fccf839df
1491900522743,959.381591796875,903d185fccf839df
1491900522922,959.390380859375,903d185fccf839df
1491900523102,959.388671875,903d185fccf839df
1491900523289,959.388916015625,903d185fccf839df
1491900523462,959.378662109375,903d185fccf839df
1491900523643,959.38134765625,903d185fccf839df
1491900523823,959.37353515625,903d185fccf839df
1491900524003,959.36474609375,903d185fccf839df
1491900524183,959.370361328125,903d185fccf839df
1491900524363,959.373779296875,903d185fccf839df
1491900524722,959.377197265625,903d185fccf839df
1491900524902,959.384033203125,903d185fccf839df
1491900525083,959.389892578125,903d185fccf839df
1491900525265,959.403564453125,903d185fccf839df
1491900525445,959.396484375,903d185fccf839df
1491900525626,959.389404296875,903d185fccf839df
1491900525802,959.400390625,903d185fccf839df
1491900525984,959.388427734375,903d185fccf839df
1491900526165,959.38525390625,903d185fccf839df
1491900526343,959.382568359375,903d185fccf839df
1491900526523,959.375732421875,903d185fccf839df
